ward_id,ward_name,corporation,zone_name,lat,lon,area_sqkm,delta_T,ndvi_vegetation,built_up_ratio,slum_density_pct,pop_density_per_km2,d1_base_temp,d1_temp,d1_rh,d1_wind,d1_solar,d1_utci,d1_risk,d1_color,d1_temp_display,d1_utci_display,d1_action,d1_measures,d2_base_temp,d2_temp,d2_rh,d2_wind,d2_solar,d2_utci,d2_risk,d2_color,d2_temp_display,d2_utci_display,d2_action,d2_measures,d3_base_temp,d3_temp,d3_rh,d3_wind,d3_solar,d3_utci,d3_risk,d3_color,d3_temp_display,d3_utci_display,d3_action,d3_measures,d4_base_temp,d4_temp,d4_rh,d4_wind,d4_solar,d4_utci,d4_risk,d4_color,d4_temp_display,d4_utci_display,d4_action,d4_measures,d5_base_temp,d5_temp,d5_rh,d5_wind,d5_solar,d5_utci,d5_risk,d5_color,d5_temp_display,d5_utci_display,d5_action,d5_measures,worst_base_temp,worst_temp,worst_rh,worst_wind,worst_solar,worst_utci,worst_risk,worst_color,worst_temp_display,worst_utci_display,worst_action,worst_measures,forecast_temp,predicted_temp,forecast_rh,forecast_wind,forecast_solar,utci,risk_level,risk_color,temp_display,utci_display,action_summary,measures
012E,Ward 012E (East Delhi),East Delhi MCD,East Delhi,28.6011,77.2893,8.96,1.73,0.088,0.76,22.5,29120,28.2,29.9,80.3,5.3,727.0,36.5,Moderate Risk,#fb8c00,29.9 °C (ΔT: +1.7 °C),36.5 °C (Moderate Risk),Enforce hydration breaks for outdoor workers,"⚠️ ADVISORY: Enforce hydration breaks for outdoor workers, distribute ORS at transit hubs, maintain continuous water supplies in high-density settlements.",29.7,31.4,80.5,2.4,662.0,38.9,Critical Heat,#e53935,31.4 °C (ΔT: +1.7 °C),38.9 °C (Critical Heat),Activate municipal misting fans,"🔥 CRITICAL: Activate municipal misting fans, set up ORS hydration booths, advise elderly/children to remain indoors, halt non-essential outdoor work.",32.0,33.7,71.8,5.9,730.0,40.9,Critical Heat,#e53935,33.7 °C (ΔT: +1.7 °C),40.9 °C (Critical Heat),Activate municipal misting fans,"🔥 CRITICAL: Activate municipal misting fans, set up ORS hydration booths, advise elderly/children to remain indoors, halt non-essential outdoor work.",33.9,35.6,62.9,7.9,763.0,42.5,Critical Heat,#e53935,35.6 °C (ΔT: +1.7 °C),42.5 °C (Critical Heat),Activate municipal misting fans,"🔥 CRITICAL: Activate municipal misting fans, set up ORS hydration booths, advise elderly/children to remain indoors, halt non-essential outdoor work.",35.7,37.4,53.0,8.5,782.0,43.8,Extreme Danger,#8b0000,37.4 °C (ΔT: +1.7 °C),43.8 °C (Extreme Danger),Open 24/7 cooling centers,"🚨 EMERGENCY: Open 24/7 cooling centers, halt outdoor labor (11am-4pm), dispatch emergency water tankers to slum clusters, activate hospital heat-stroke protocols.",35.7,37.4,69.7,6.0,782.0,46.0,Extreme Danger,#8b0000,37.4 °C (ΔT: +1.7 °C),46.0 °C (Extreme Danger),Open 24/7 cooling centers,"🚨 EMERGENCY: Open 24/7 cooling centers, halt outdoor labor (11am-4pm), dispatch emergency water tankers to slum clusters, activate hospital heat-stroke protocols.",35.7,37.4,69.7,6.0,782.0,46.0,Extreme Danger,#8b0000,37.4 °C (ΔT: +1.7 °C),46.0 °C (Extreme Danger),Open 24/7 cooling centers,"🚨 EMERGENCY: Open 24/7 cooling centers, halt outdoor labor (11am-4pm), dispatch emergency water tankers to slum clusters, activate hospital heat-stroke protocols."
011E,Ward 011E (East Delhi),East Delhi MCD,East Delhi,28.6252,77.3054,2.33,1.41,0.135,0.79,18.1,26813,28.2,29.6,80.3,5.3,727.0,36.1,Moderate Risk,#fb8c00,29.6 °C (ΔT: +1.4 °C),36.1 °C (Moderate Risk),Enforce hydration breaks for outdoor workers,"⚠️ ADVISORY: Enforce hydration breaks for outdoor workers, distribute ORS at transit hubs, maintain continuous water supplies in high-density settlements.",29.7,31.1,80.5,2.4,662.0,38.5,Critical Heat,#e53935,31.1 °C (ΔT: +1.4 °C),38.5 °C (Critical Heat),Activate municipal misting fans,"🔥 CRITICAL: Activate municipal misting fans, set up ORS hydration booths, advise elderly/children to remain indoors, halt non-essential outdoor work.",32.0,33.4,71.8,5.9,730.0,40.5,Critical Heat,#e53935,33.4 °C (ΔT: +1.4 °C),40.5 °C (Critical Heat),Activate municipal misting fans,"🔥 CRITICAL: Activate municipal misting fans, set up ORS hydration booths, advise elderly/children to remain indoors, halt non-essential outdoor work.",33.9,35.3,62.9,7.9,763.0,42.1,Critical Heat,#e53935,35.3 °C (ΔT: +1.4 °C),42.1 °C (Critical Heat),Activate municipal misting fans,"🔥 CRITICAL: Activate municipal misting fans, set up ORS hydration booths, advise elderly/children to remain indoors, halt non-essential outdoor work.",35.7,37.1,53.0,8.5,782.0,43.4,Extreme Danger,#8b0000,37.1 °C (ΔT: +1.4 °C),43.4 °C (Extreme Danger),Open 24/7 cooling centers,"🚨 EMERGENCY: Open 24/7 cooling centers, halt outdoor labor (11am-4pm), dispatch emergency water tankers to slum clusters, activate hospital heat-stroke protocols.",35.7,37.1,69.7,6.0,782.0,45.6,Extreme Danger,#8b0000,37.1 °C (ΔT: +1.4 °C),45.6 °C (Extreme Danger),Open 24/7 cooling centers,"🚨 EMERGENCY: Open 24/7 cooling centers, halt outdoor labor (11am-4pm), dispatch emergency water tankers to slum clusters, activate hospital heat-stroke protocols.",35.7,37.1,69.7,6.0,782.0,45.6,Extreme Danger,#8b0000,37.1 °C (ΔT: +1.4 °C),45.6 °C (Extreme Danger),Open 24/7 cooling centers,"🚨 EMERGENCY: Open 24/7 cooling centers, halt outdoor labor (11am-4pm), dispatch emergency water tankers to slum clusters, activate hospital heat-stroke protocols."
010E,Ward 010E (East Delhi),East Delhi MCD,East Delhi,28.6288,77.2961,0.83,1.57,0.127,0.84,18.2,30118,28.2,29.8,80.3,5.3,727.0,36.4,Moderate Risk,#fb8c00,29.8 °C (ΔT: +1.6 °C),36.4 °C (Moderate Risk),Enforce hydration breaks for outdoor workers,"⚠️ ADVISORY: Enforce hydration breaks for outdoor workers, distribute ORS at transit hubs, maintain continuous water supplies in high-density settlements.",29.7,31.3,80.5,2.4,662.0,38.8,Critical Heat,#e53935,31.3 °C (ΔT: +1.6 °C),38.8 °C (Critical Heat),Activate municipal misting fans,"🔥 CRITICAL: Activate municipal misting fans, set up ORS hydration booths, advise elderly/children to remain indoors, halt non-essential outdoor work.",32.0,33.6,71.8,5.9,730.0,40.8,Critical Heat,#e53935,33.6 °C (ΔT: +1.6 °C),40.8 °C (Critical Heat),Activate municipal misting fans,"🔥 CRITICAL: Activate municipal misting fans, set up ORS hydration booths, advise elderly/children to remain indoors, halt non-essential outdoor work.",33.9,35.5,62.9,7.9,763.0,42.3,Critical Heat,#e53935,35.5 °C (ΔT: +1.6 °C),42.3 °C (Critical Heat),Activate municipal misting fans,"🔥 CRITICAL: Activate municipal misting fans, set up ORS hydration booths, advise elderly/children to remain indoors, halt non-essential outdoor work.",35.7,37.3,53.0,8.5,782.0,43.7,Extreme Danger,#8b0000,37.3 °C (ΔT: +1.6 °C),43.7 °C (Extreme Danger),Open 24/7 cooling centers,"🚨 EMERGENCY: Open 24/7 cooling centers, halt outdoor labor (11am-4pm), dispatch emergency water tankers to slum clusters, activate hospital heat-stroke protocols.",35.7,37.3,69.7,6.0,782.0,45.9,Extreme Danger,#8b0000,37.3 °C (ΔT: +1.6 °C),45.9 °C (Extreme Danger),Open 24/7 cooling centers,"🚨 EMERGENCY: Open 24/7 cooling centers, halt outdoor labor (11am-4pm), dispatch emergency water tankers to slum clusters, activate hospital heat-stroke protocols.",35.7,37.3,69.7,6.0,782.0,45.9,Extreme Danger,#8b0000,37.3 °C (ΔT: +1.6 °C),45.9 °C (Extreme Danger),Open 24/7 cooling centers,"🚨 EMERGENCY: Open 24/7 cooling centers, halt outdoor labor (11am-4pm), dispatch emergency water tankers to slum clusters, activate hospital heat-stroke protocols."
009E,Ward 009E (East Delhi),East Delhi MCD,East Delhi,28.6368,77.2968,0.58,1.75,0.084,0.81,20.1,27101,28.2,29.9,80.3,5.3,727.0,36.5,Moderate Risk,#fb8c00,29.9 °C (ΔT: +1.8 °C),36.5 °C (Moderate Risk),Enforce hydration breaks for outdoor workers,"⚠️ ADVISORY: Enforce hydration breaks for outdoor workers, distribute ORS at transit hubs, maintain continuous water supplies in high-density settlements.",29.7,31.4,80.5,2.4,662.0,38.9,Critical Heat,#e53935,31.4 °C (ΔT: +1.8 °C),38.9 °C (Critical Heat),Activate municipal misting fans,"🔥 CRITICAL: Activate municipal misting fans, set up ORS hydration booths, advise elderly/children to remain indoors, halt non-essential outdoor work.",32.0,33.8,71.8,5.9,730.0,41.1,Critical Heat,#e53935,33.8 °C (ΔT: +1.8 °C),41.1 °C (Critical Heat),Activate municipal misting fans,"🔥 CRITICAL: Activate municipal misting fans, set up ORS hydration booths, advise elderly/children to remain indoors, halt non-essential outdoor work.",33.9,35.6,62.9,7.9,763.0,42.5,Critical Heat,#e53935,35.6 °C (ΔT: +1.8 °C),42.5 °C (Critical Heat),Activate municipal misting fans,"🔥 CRITICAL: Activate municipal misting fans, set up ORS hydration booths, advise elderly/children to remain indoors, halt non-essential outdoor work.",35.7,37.5,53.0,8.5,782.0,43.9,Extreme Danger,#8b0000,37.5 °C (ΔT: +1.8 °C),43.9 °C (Extreme Danger),Open 24/7 cooling centers,"🚨 EMERGENCY: Open 24/7 cooling centers, halt outdoor labor (11am-4pm), dispatch emergency water tankers to slum clusters, activate hospital heat-stroke protocols.",35.7,37.5,69.7,6.0,782.0,46.2,Extreme Danger,#8b0000,37.5 °C (ΔT: +1.8 °C),46.2 °C (Extreme Danger),Open 24/7 cooling centers,"🚨 EMERGENCY: Open 24/7 cooling centers, halt outdoor labor (11am-4pm), dispatch emergency water tankers to slum clusters, activate hospital heat-stroke protocols.",35.7,37.5,69.7,6.0,782.0,46.2,Extreme Danger,#8b0000,37.5 °C (ΔT: +1.8 °C),46.2 °C (Extreme Danger),Open 24/7 cooling centers,"🚨 EMERGENCY: Open 24/7 cooling centers, halt outdoor labor (11am-4pm), dispatch emergency water tankers to slum clusters, activate hospital heat-stroke protocols."
002E,Ward 002E (East Delhi),East Delhi MCD,East Delhi,28.6164,77.3126,0.64,1.55,0.139,0.79,21.2,29671,28.2,29.8,80.3,5.3,727.0,36.4,Moderate Risk,#fb8c00,29.8 °C (ΔT: +1.6 °C),36.4 °C (Moderate Risk),Enforce hydration breaks for outdoor workers,"⚠️ ADVISORY: Enforce hydration breaks for outdoor workers, distribute ORS at transit hubs, maintain continuous water supplies in high-density settlements.",29.7,31.2,80.5,2.4,662.0,38.7,Critical Heat,#e53935,31.2 °C (ΔT: +1.6 °C),38.7 °C (Critical Heat),Activate municipal misting fans,"🔥 CRITICAL: Activate municipal misting fans, set up ORS hydration booths, advise elderly/children to remain indoors, halt non-essential outdoor work.",32.0,33.5,71.8,5.9,730.0,40.7,Critical Heat,#e53935,33.5 °C (ΔT: +1.6 °C),40.7 °C (Critical Heat),Activate municipal misting fans,"🔥 CRITICAL: Activate municipal misting fans, set up ORS hydration booths, advise elderly/children to remain indoors, halt non-essential outdoor work.",33.9,35.4,62.9,7.9,763.0,42.2,Critical Heat,#e53935,35.4 °C (ΔT: +1.6 °C),42.2 °C (Critical Heat),Activate municipal misting fans,"🔥 CRITICAL: Activate municipal misting fans, set up ORS hydration booths, advise elderly/children to remain indoors, halt non-essential outdoor work.",35.7,37.2,53.0,8.5,782.0,43.5,Extreme Danger,#8b0000,37.2 °C (ΔT: +1.6 °C),43.5 °C (Extreme Danger),Open 24/7 cooling centers,"🚨 EMERGENCY: Open 24/7 cooling centers, halt outdoor labor (11am-4pm), dispatch emergency water tankers to slum clusters, activate hospital heat-stroke protocols.",35.7,37.2,69.7,6.0,782.0,45.8,Extreme Danger,#8b0000,37.2 °C (ΔT: +1.6 °C),45.8 °C (Extreme Danger),Open 24/7 cooling centers,"🚨 EMERGENCY: Open 24/7 cooling centers, halt outdoor labor (11am-4pm), dispatch emergency water tankers to slum clusters, activate hospital heat-stroke protocols.",35.7,37.2,69.7,6.0,782.0,45.8,Extreme Danger,#8b0000,37.2 °C (ΔT: +1.6 °C),45.8 °C (Extreme Danger),Open 24/7 cooling centers,"🚨 EMERGENCY: Open 24/7 cooling centers, halt outdoor labor (11am-4pm), dispatch emergency water tankers to slum clusters, activate hospital heat-stroke protocols."
001E,Ward 001E (East Delhi),East Delhi MCD,East Delhi,28.6156,77.303,0.97,1.94,0.081,0.86,21.0,27756,28.2,30.1,80.3,5.3,727.0,36.8,Moderate Risk,#fb8c00,30.1 °C (ΔT: +1.9 °C),36.8 °C (Moderate Risk),Enforce hydration breaks for outdoor workers,"⚠️ ADVISORY: Enforce hydration breaks for outdoor workers, distribute ORS at transit hubs, maintain continuous water supplies in high-density settlements.",29.7,31.6,80.5,2.4,662.0,39.2,Critical Heat,#e53935,31.6 °C (ΔT: +1.9 °C),39.2 °C (Critical Heat),Activate municipal misting fans,"🔥 CRITICAL: Activate municipal misting fans, set up ORS hydration booths, advise elderly/children to remain indoors, halt non-essential outdoor work.",32.0,33.9,71.8,5.9,730.0,41.2,Critical Heat,#e53935,33.9 °C (ΔT: +1.9 °C),41.2 °C (Critical Heat),Activate municipal misting fans,"🔥 CRITICAL: Activate municipal misting fans, set up ORS hydration booths, advise elderly/children to remain indoors, halt non-essential outdoor work.",33.9,35.8,62.9,7.9,763.0,42.7,Critical Heat,#e53935,35.8 °C (ΔT: +1.9 °C),42.7 °C (Critical Heat),Activate municipal misting fans,"🔥 CRITICAL: Activate municipal misting fans, set up ORS hydration booths, advise elderly/children to remain indoors, halt non-essential outdoor work.",35.7,37.6,53.0,8.5,782.0,44.1,Extreme Danger,#8b0000,37.6 °C (ΔT: +1.9 °C),44.1 °C (Extreme Danger),Open 24/7 cooling centers,"🚨 EMERGENCY: Open 24/7 cooling centers, halt outdoor labor (11am-4pm), dispatch emergency water tankers to slum clusters, activate hospital heat-stroke protocols.",35.7,37.6,69.7,6.0,782.0,46.3,Extreme Danger,#8b0000,37.6 °C (ΔT: +1.9 °C),46.3 °C (Extreme Danger),Open 24/7 cooling centers,"🚨 EMERGENCY: Open 24/7 cooling centers, halt outdoor labor (11am-4pm), dispatch emergency water tankers to slum clusters, activate hospital heat-stroke protocols.",35.7,37.6,69.7,6.0,782.0,46.3,Extreme Danger,#8b0000,37.6 °C (ΔT: +1.9 °C),46.3 °C (Extreme Danger),Open 24/7 cooling centers,"🚨 EMERGENCY: Open 24/7 cooling centers, halt outdoor labor (11am-4pm), dispatch emergency water tankers to slum clusters, activate hospital heat-stroke protocols."
003E,Ward 003E (East Delhi),East Delhi MCD,East Delhi,28.6067,77.3034,1.02,1.63,0.125,0.77,22.8,26399,28.2,29.8,80.3,5.3,727.0,36.4,Moderate Risk,#fb8c00,29.8 °C (ΔT: +1.6 °C),36.4 °C (Moderate Risk),Enforce hydration breaks for outdoor workers,"⚠️ ADVISORY: Enforce hydration breaks for outdoor workers, distribute ORS at transit hubs, maintain continuous water supplies in high-density settlements.",29.7,31.3,80.5,2.4,662.0,38.8,Critical Heat,#e53935,31.3 °C (ΔT: +1.6 °C),38.8 °C (Critical Heat),Activate municipal misting fans,"🔥 CRITICAL: Activate municipal misting fans, set up ORS hydration booths, advise elderly/children to remain indoors, halt non-essential outdoor work.",32.0,33.6,71.8,5.9,730.0,40.8,Critical Heat,#e53935,33.6 °C (ΔT: +1.6 °C),40.8 °C (Critical Heat),Activate municipal misting fans,"🔥 CRITICAL: Activate municipal misting fans, set up ORS hydration booths, advise elderly/children to remain indoors, halt non-essential outdoor work.",33.9,35.5,62.9,7.9,763.0,42.3,Critical Heat,#e53935,35.5 °C (ΔT: +1.6 °C),42.3 °C (Critical Heat),Activate municipal misting fans,"🔥 CRITICAL: Activate municipal misting fans, set up ORS hydration booths, advise elderly/children to remain indoors, halt non-essential outdoor work.",35.7,37.3,53.0,8.5,782.0,43.7,Extreme Danger,#8b0000,37.3 °C (ΔT: +1.6 °C),43.7 °C (Extreme Danger),Open 24/7 cooling centers,"🚨 EMERGENCY: Open 24/7 cooling centers, halt outdoor labor (11am-4pm), dispatch emergency water tankers to slum clusters, activate hospital heat-stroke protocols.",35.7,37.3,69.7,6.0,782.0,45.9,Extreme Danger,#8b0000,37.3 °C (ΔT: +1.6 °C),45.9 °C (Extreme Danger),Open 24/7 cooling centers,"🚨 EMERGENCY: Open 24/7 cooling centers, halt outdoor labor (11am-4pm), dispatch emergency water tankers to slum clusters, activate hospital heat-stroke protocols.",35.7,37.3,69.7,6.0,782.0,45.9,Extreme Danger,#8b0000,37.3 °C (ΔT: +1.6 °C),45.9 °C (Extreme Danger),Open 24/7 cooling centers,"🚨 EMERGENCY: Open 24/7 cooling centers, halt outdoor labor (11am-4pm), dispatch emergency water tankers to slum clusters, activate hospital heat-stroke protocols."
004E,Ward 004E (East Delhi),East Delhi MCD,East Delhi,28.5999,77.3078,1.14,1.8,0.088,0.84,19.8,25197,28.2,30.0,80.3,5.3,727.0,36.7,Moderate Risk,#fb8c00,30.0 °C (ΔT: +1.8 °C),36.7 °C (Moderate Risk),Enforce hydration breaks for outdoor workers,"⚠️ ADVISORY: Enforce hydration breaks for outdoor workers, distribute ORS at transit hubs, maintain continuous water supplies in high-density settlements.",29.7,31.5,80.5,2.4,662.0,39.1,Critical Heat,#e53935,31.5 °C (ΔT: +1.8 °C),39.1 °C (Critical Heat),Activate municipal misting fans,"🔥 CRITICAL: Activate municipal misting fans, set up ORS hydration booths, advise elderly/children to remain indoors, halt non-essential outdoor work.",32.0,33.8,71.8,5.9,730.0,41.1,Critical Heat,#e53935,33.8 °C (ΔT: +1.8 °C),41.1 °C (Critical Heat),Activate municipal misting fans,"🔥 CRITICAL: Activate municipal misting fans, set up ORS hydration booths, advise elderly/children to remain indoors, halt non-essential outdoor work.",33.9,35.7,62.9,7.9,763.0,42.6,Critical Heat,#e53935,35.7 °C (ΔT: +1.8 °C),42.6 °C (Critical Heat),Activate municipal misting fans,"🔥 CRITICAL: Activate municipal misting fans, set up ORS hydration booths, advise elderly/children to remain indoors, halt non-essential outdoor work.",35.7,37.5,53.0,8.5,782.0,43.9,Extreme Danger,#8b0000,37.5 °C (ΔT: +1.8 °C),43.9 °C (Extreme Danger),Open 24/7 cooling centers,"🚨 EMERGENCY: Open 24/7 cooling centers, halt outdoor labor (11am-4pm), dispatch emergency water tankers to slum clusters, activate hospital heat-stroke protocols.",35.7,37.5,69.7,6.0,782.0,46.2,Extreme Danger,#8b0000,37.5 °C (ΔT: +1.8 °C),46.2 °C (Extreme Danger),Open 24/7 cooling centers,"🚨 EMERGENCY: Open 24/7 cooling centers, halt outdoor labor (11am-4pm), dispatch emergency water tankers to slum clusters, activate hospital heat-stroke protocols.",35.7,37.5,69.7,6.0,782.0,46.2,Extreme Danger,#8b0000,37.5 °C (ΔT: +1.8 °C),46.2 °C (Extreme Danger),Open 24/7 cooling centers,"🚨 EMERGENCY: Open 24/7 cooling centers, halt outdoor labor (11am-4pm), dispatch emergency water tankers to slum clusters, activate hospital heat-stroke protocols."
005E,Ward 005E (East Delhi),East Delhi MCD,East Delhi,28.6195,77.3214,3.72,1.58,0.121,0.82,19.0,28407,28.2,29.8,80.3,5.3,727.0,36.4,Moderate Risk,#fb8c00,29.8 °C (ΔT: +1.6 °C),36.4 °C (Moderate Risk),Enforce hydration breaks for outdoor workers,"⚠️ ADVISORY: Enforce hydration breaks for outdoor workers, distribute ORS at transit hubs, maintain continuous water supplies in high-density settlements.",29.7,31.3,80.5,2.4,662.0,38.8,Critical Heat,#e53935,31.3 °C (ΔT: +1.6 °C),38.8 °C (Critical Heat),Activate municipal misting fans,"🔥 CRITICAL: Activate municipal misting fans, set up ORS hydration booths, advise elderly/children to remain indoors, halt non-essential outdoor work.",32.0,33.6,71.8,5.9,730.0,40.8,Critical Heat,#e53935,33.6 °C (ΔT: +1.6 °C),40.8 °C (Critical Heat),Activate municipal misting fans,"🔥 CRITICAL: Activate municipal misting fans, set up ORS hydration booths, advise elderly/children to remain indoors, halt non-essential outdoor work.",33.9,35.5,62.9,7.9,763.0,42.3,Critical Heat,#e53935,35.5 °C (ΔT: +1.6 °C),42.3 °C (Critical Heat),Activate municipal misting fans,"🔥 CRITICAL: Activate municipal misting fans, set up ORS hydration booths, advise elderly/children to remain indoors, halt non-essential outdoor work.",35.7,37.3,53.0,8.5,782.0,43.7,Extreme Danger,#8b0000,37.3 °C (ΔT: +1.6 °C),43.7 °C (Extreme Danger),Open 24/7 cooling centers,"🚨 EMERGENCY: Open 24/7 cooling centers, halt outdoor labor (11am-4pm), dispatch emergency water tankers to slum clusters, activate hospital heat-stroke protocols.",35.7,37.3,69.7,6.0,782.0,45.9,Extreme Danger,#8b0000,37.3 °C (ΔT: +1.6 °C),45.9 °C (Extreme Danger),Open 24/7 cooling centers,"🚨 EMERGENCY: Open 24/7 cooling centers, halt outdoor labor (11am-4pm), dispatch emergency water tankers to slum clusters, activate hospital heat-stroke protocols.",35.7,37.3,69.7,6.0,782.0,45.9,Extreme Danger,#8b0000,37.3 °C (ΔT: +1.6 °C),45.9 °C (Extreme Danger),Open 24/7 cooling centers,"🚨 EMERGENCY: Open 24/7 cooling centers, halt outdoor labor (11am-4pm), dispatch emergency water tankers to slum clusters, activate hospital heat-stroke protocols."
008E,Ward 008E (East Delhi),East Delhi MCD,East Delhi,28.6232,77.3156,0.5,1.64,0.155,0.82,22.7,24858,28.2,29.8,80.3,5.3,727.0,36.4,Moderate Risk,#fb8c00,29.8 °C (ΔT: +1.6 °C),36.4 °C (Moderate Risk),Enforce hydration breaks for outdoor workers,"⚠️ ADVISORY: Enforce hydration breaks for outdoor workers, distribute ORS at transit hubs, maintain continuous water supplies in high-density settlements.",29.7,31.3,80.5,2.4,662.0,38.8,Critical Heat,#e53935,31.3 °C (ΔT: +1.6 °C),38.8 °C (Critical Heat),Activate municipal misting fans,"🔥 CRITICAL: Activate municipal misting fans, set up ORS hydration booths, advise elderly/children to remain indoors, halt non-essential outdoor work.",32.0,33.6,71.8,5.9,730.0,40.8,Critical Heat,#e53935,33.6 °C (ΔT: +1.6 °C),40.8 °C (Critical Heat),Activate municipal misting fans,"🔥 CRITICAL: Activate municipal misting fans, set up ORS hydration booths, advise elderly/children to remain indoors, halt non-essential outdoor work.",33.9,35.5,62.9,7.9,763.0,42.3,Critical Heat,#e53935,35.5 °C (ΔT: +1.6 °C),42.3 °C (Critical Heat),Activate municipal misting fans,"🔥 CRITICAL: Activate municipal misting fans, set up ORS hydration booths, advise elderly/children to remain indoors, halt non-essential outdoor work.",35.7,37.3,53.0,8.5,782.0,43.7,Extreme Danger,#8b0000,37.3 °C (ΔT: +1.6 °C),43.7 °C (Extreme Danger),Open 24/7 cooling centers,"🚨 EMERGENCY: Open 24/7 cooling centers, halt outdoor labor (11am-4pm), dispatch emergency water tankers to slum clusters, activate hospital heat-stroke protocols.",35.7,37.3,69.7,6.0,782.0,45.9,Extreme Danger,#8b0000,37.3 °C (ΔT: +1.6 °C),45.9 °C (Extreme Danger),Open 24/7 cooling centers,"🚨 EMERGENCY: Open 24/7 cooling centers, halt outdoor labor (11am-4pm), dispatch emergency water tankers to slum clusters, activate hospital heat-stroke protocols.",35.7,37.3,69.7,6.0,782.0,45.9,Extreme Danger,#8b0000,37.3 °C (ΔT: +1.6 °C),45.9 °C (Extreme Danger),Open 24/7 cooling centers,"🚨 EMERGENCY: Open 24/7 cooling centers, halt outdoor labor (11am-4pm), dispatch emergency water tankers to slum clusters, activate hospital heat-stroke protocols."
006E,Ward 006E (East Delhi),East Delhi MCD,East Delhi,28.6249,77.3336,2.0,1.91,0.088,0.83,22.5,29866,28.2,30.1,80.3,5.3,727.0,36.8,Moderate Risk,#fb8c00,30.1 °C (ΔT: +1.9 °C),36.8 °C (Moderate Risk),Enforce hydration breaks for outdoor workers,"⚠️ ADVISORY: Enforce hydration breaks for outdoor workers, distribute ORS at transit hubs, maintain continuous water supplies in high-density settlements.",29.7,31.6,80.5,2.4,662.0,39.2,Critical Heat,#e53935,31.6 °C (ΔT: +1.9 °C),39.2 °C (Critical Heat),Activate municipal misting fans,"🔥 CRITICAL: Activate municipal misting fans, set up ORS hydration booths, advise elderly/children to remain indoors, halt non-essential outdoor work.",32.0,33.9,71.8,5.9,730.0,41.2,Critical Heat,#e53935,33.9 °C (ΔT: +1.9 °C),41.2 °C (Critical Heat),Activate municipal misting fans,"🔥 CRITICAL: Activate municipal misting fans, set up ORS hydration booths, advise elderly/children to remain indoors, halt non-essential outdoor work.",33.9,35.8,62.9,7.9,763.0,42.7,Critical Heat,#e53935,35.8 °C (ΔT: +1.9 °C),42.7 °C (Critical Heat),Activate municipal misting fans,"🔥 CRITICAL: Activate municipal misting fans, set up ORS hydration booths, advise elderly/children to remain indoors, halt non-essential outdoor work.",35.7,37.6,53.0,8.5,782.0,44.1,Extreme Danger,#8b0000,37.6 °C (ΔT: +1.9 °C),44.1 °C (Extreme Danger),Open 24/7 cooling centers,"🚨 EMERGENCY: Open 24/7 cooling centers, halt outdoor labor (11am-4pm), dispatch emergency water tankers to slum clusters, activate hospital heat-stroke protocols.",35.7,37.6,69.7,6.0,782.0,46.3,Extreme Danger,#8b0000,37.6 °C (ΔT: +1.9 °C),46.3 °C (Extreme Danger),Open 24/7 cooling centers,"🚨 EMERGENCY: Open 24/7 cooling centers, halt outdoor labor (11am-4pm), dispatch emergency water tankers to slum clusters, activate hospital heat-stroke protocols.",35.7,37.6,69.7,6.0,782.0,46.3,Extreme Danger,#8b0000,37.6 °C (ΔT: +1.9 °C),46.3 °C (Extreme Danger),Open 24/7 cooling centers,"🚨 EMERGENCY: Open 24/7 cooling centers, halt outdoor labor (11am-4pm), dispatch emergency water tankers to slum clusters, activate hospital heat-stroke protocols."
007E,Ward 007E (East Delhi),East Delhi MCD,East Delhi,28.6156,77.331,1.58,1.56,0.099,0.79,18.5,25878,28.2,29.8,80.3,5.3,727.0,36.4,Moderate Risk,#fb8c00,29.8 °C (ΔT: +1.6 °C),36.4 °C (Moderate Risk),Enforce hydration breaks for outdoor workers,"⚠️ ADVISORY: Enforce hydration breaks for outdoor workers, distribute ORS at transit hubs, maintain continuous water supplies in high-density settlements.",29.7,31.3,80.5,2.4,662.0,38.8,Critical Heat,#e53935,31.3 °C (ΔT: +1.6 °C),38.8 °C (Critical Heat),Activate municipal misting fans,"🔥 CRITICAL: Activate municipal misting fans, set up ORS hydration booths, advise elderly/children to remain indoors, halt non-essential outdoor work.",32.0,33.6,71.8,5.9,730.0,40.8,Critical Heat,#e53935,33.6 °C (ΔT: +1.6 °C),40.8 °C (Critical Heat),Activate municipal misting fans,"🔥 CRITICAL: Activate municipal misting fans, set up ORS hydration booths, advise elderly/children to remain indoors, halt non-essential outdoor work.",33.9,35.5,62.9,7.9,763.0,42.3,Critical Heat,#e53935,35.5 °C (ΔT: +1.6 °C),42.3 °C (Critical Heat),Activate municipal misting fans,"🔥 CRITICAL: Activate municipal misting fans, set up ORS hydration booths, advise elderly/children to remain indoors, halt non-essential outdoor work.",35.7,37.3,53.0,8.5,782.0,43.7,Extreme Danger,#8b0000,37.3 °C (ΔT: +1.6 °C),43.7 °C (Extreme Danger),Open 24/7 cooling centers,"🚨 EMERGENCY: Open 24/7 cooling centers, halt outdoor labor (11am-4pm), dispatch emergency water tankers to slum clusters, activate hospital heat-stroke protocols.",35.7,37.3,69.7,6.0,782.0,45.9,Extreme Danger,#8b0000,37.3 °C (ΔT: +1.6 °C),45.9 °C (Extreme Danger),Open 24/7 cooling centers,"🚨 EMERGENCY: Open 24/7 cooling centers, halt outdoor labor (11am-4pm), dispatch emergency water tankers to slum clusters, activate hospital heat-stroke protocols.",35.7,37.3,69.7,6.0,782.0,45.9,Extreme Danger,#8b0000,37.3 °C (ΔT: +1.6 °C),45.9 °C (Extreme Danger),Open 24/7 cooling centers,"🚨 EMERGENCY: Open 24/7 cooling centers, halt outdoor labor (11am-4pm), dispatch emergency water tankers to slum clusters, activate hospital heat-stroke protocols."
019E,Ward 019E (East Delhi),East Delhi MCD,East Delhi,28.6416,77.3119,4.02,1.84,0.101,0.81,23.2,29806,28.2,30.0,80.3,5.3,727.0,36.7,Moderate Risk,#fb8c00,30.0 °C (ΔT: +1.8 °C),36.7 °C (Moderate Risk),Enforce hydration breaks for outdoor workers,"⚠️ ADVISORY: Enforce hydration breaks for outdoor workers, distribute ORS at transit hubs, maintain continuous water supplies in high-density settlements.",29.7,31.5,80.5,2.4,662.0,39.1,Critical Heat,#e53935,31.5 °C (ΔT: +1.8 °C),39.1 °C (Critical Heat),Activate municipal misting fans,"🔥 CRITICAL: Activate municipal misting fans, set up ORS hydration booths, advise elderly/children to remain indoors, halt non-essential outdoor work.",32.0,33.8,71.8,5.9,730.0,41.1,Critical Heat,#e53935,33.8 °C (ΔT: +1.8 °C),41.1 °C (Critical Heat),Activate municipal misting fans,"🔥 CRITICAL: Activate municipal misting fans, set up ORS hydration booths, advise elderly/children to remain indoors, halt non-essential outdoor work.",33.9,35.7,62.9,7.9,763.0,42.6,Critical Heat,#e53935,35.7 °C (ΔT: +1.8 °C),42.6 °C (Critical Heat),Activate municipal misting fans,"🔥 CRITICAL: Activate municipal misting fans, set up ORS hydration booths, advise elderly/children to remain indoors, halt non-essential outdoor work.",35.7,37.5,53.0,8.5,782.0,43.9,Extreme Danger,#8b0000,37.5 °C (ΔT: +1.8 °C),43.9 °C (Extreme Danger),Open 24/7 cooling centers,"🚨 EMERGENCY: Open 24/7 cooling centers, halt outdoor labor (11am-4pm), dispatch emergency water tankers to slum clusters, activate hospital heat-stroke protocols.",35.7,37.5,69.7,6.0,782.0,46.2,Extreme Danger,#8b0000,37.5 °C (ΔT: +1.8 °C),46.2 °C (Extreme Danger),Open 24/7 cooling centers,"🚨 EMERGENCY: Open 24/7 cooling centers, halt outdoor labor (11am-4pm), dispatch emergency water tankers to slum clusters, activate hospital heat-stroke protocols.",35.7,37.5,69.7,6.0,782.0,46.2,Extreme Danger,#8b0000,37.5 °C (ΔT: +1.8 °C),46.2 °C (Extreme Danger),Open 24/7 cooling centers,"🚨 EMERGENCY: Open 24/7 cooling centers, halt outdoor labor (11am-4pm), dispatch emergency water tankers to slum clusters, activate hospital heat-stroke protocols."
020E,Ward 020E (East Delhi),East Delhi MCD,East Delhi,28.646,77.2961,2.78,1.88,0.084,0.83,21.7,27378,28.2,30.1,80.3,5.3,727.0,36.8,Moderate Risk,#fb8c00,30.1 °C (ΔT: +1.9 °C),36.8 °C (Moderate Risk),Enforce hydration breaks for outdoor workers,"⚠️ ADVISORY: Enforce hydration breaks for outdoor workers, distribute ORS at transit hubs, maintain continuous water supplies in high-density settlements.",29.7,31.6,80.5,2.4,662.0,39.2,Critical Heat,#e53935,31.6 °C (ΔT: +1.9 °C),39.2 °C (Critical Heat),Activate municipal misting fans,"🔥 CRITICAL: Activate municipal misting fans, set up ORS hydration booths, advise elderly/children to remain indoors, halt non-essential outdoor work.",32.0,33.9,71.8,5.9,730.0,41.2,Critical Heat,#e53935,33.9 °C (ΔT: +1.9 °C),41.2 °C (Critical Heat),Activate municipal misting fans,"🔥 CRITICAL: Activate municipal misting fans, set up ORS hydration booths, advise elderly/children to remain indoors, halt non-essential outdoor work.",33.9,35.8,62.9,7.9,763.0,42.7,Critical Heat,#e53935,35.8 °C (ΔT: +1.9 °C),42.7 °C (Critical Heat),Activate municipal misting fans,"🔥 CRITICAL: Activate municipal misting fans, set up ORS hydration booths, advise elderly/children to remain indoors, halt non-essential outdoor work.",35.7,37.6,53.0,8.5,782.0,44.1,Extreme Danger,#8b0000,37.6 °C (ΔT: +1.9 °C),44.1 °C (Extreme Danger),Open 24/7 cooling centers,"🚨 EMERGENCY: Open 24/7 cooling centers, halt outdoor labor (11am-4pm), dispatch emergency water tankers to slum clusters, activate hospital heat-stroke protocols.",35.7,37.6,69.7,6.0,782.0,46.3,Extreme Danger,#8b0000,37.6 °C (ΔT: +1.9 °C),46.3 °C (Extreme Danger),Open 24/7 cooling centers,"🚨 EMERGENCY: Open 24/7 cooling centers, halt outdoor labor (11am-4pm), dispatch emergency water tankers to slum clusters, activate hospital heat-stroke protocols.",35.7,37.6,69.7,6.0,782.0,46.3,Extreme Danger,#8b0000,37.6 °C (ΔT: +1.9 °C),46.3 °C (Extreme Danger),Open 24/7 cooling centers,"🚨 EMERGENCY: Open 24/7 cooling centers, halt outdoor labor (11am-4pm), dispatch emergency water tankers to slum clusters, activate hospital heat-stroke protocols."
018E,Ward 018E (East Delhi),East Delhi MCD,East Delhi,28.6638,77.3097,3.08,1.83,0.134,0.86,22.9,26629,28.2,30.0,80.3,5.3,727.0,36.7,Moderate Risk,#fb8c00,30.0 °C (ΔT: +1.8 °C),36.7 °C (Moderate Risk),Enforce hydration breaks for outdoor workers,"⚠️ ADVISORY: Enforce hydration breaks for outdoor workers, distribute ORS at transit hubs, maintain continuous water supplies in high-density settlements.",29.7,31.5,80.5,2.4,662.0,39.1,Critical Heat,#e53935,31.5 °C (ΔT: +1.8 °C),39.1 °C (Critical Heat),Activate municipal misting fans,"🔥 CRITICAL: Activate municipal misting fans, set up ORS hydration booths, advise elderly/children to remain indoors, halt non-essential outdoor work.",32.0,33.8,71.8,5.9,730.0,41.1,Critical Heat,#e53935,33.8 °C (ΔT: +1.8 °C),41.1 °C (Critical Heat),Activate municipal misting fans,"🔥 CRITICAL: Activate municipal misting fans, set up ORS hydration booths, advise elderly/children to remain indoors, halt non-essential outdoor work.",33.9,35.7,62.9,7.9,763.0,42.6,Critical Heat,#e53935,35.7 °C (ΔT: +1.8 °C),42.6 °C (Critical Heat),Activate municipal misting fans,"🔥 CRITICAL: Activate municipal misting fans, set up ORS hydration booths, advise elderly/children to remain indoors, halt non-essential outdoor work.",35.7,37.5,53.0,8.5,782.0,43.9,Extreme Danger,#8b0000,37.5 °C (ΔT: +1.8 °C),43.9 °C (Extreme Danger),Open 24/7 cooling centers,"🚨 EMERGENCY: Open 24/7 cooling centers, halt outdoor labor (11am-4pm), dispatch emergency water tankers to slum clusters, activate hospital heat-stroke protocols.",35.7,37.5,69.7,6.0,782.0,46.2,Extreme Danger,#8b0000,37.5 °C (ΔT: +1.8 °C),46.2 °C (Extreme Danger),Open 24/7 cooling centers,"🚨 EMERGENCY: Open 24/7 cooling centers, halt outdoor labor (11am-4pm), dispatch emergency water tankers to slum clusters, activate hospital heat-stroke protocols.",35.7,37.5,69.7,6.0,782.0,46.2,Extreme Danger,#8b0000,37.5 °C (ΔT: +1.8 °C),46.2 °C (Extreme Danger),Open 24/7 cooling centers,"🚨 EMERGENCY: Open 24/7 cooling centers, halt outdoor labor (11am-4pm), dispatch emergency water tankers to slum clusters, activate hospital heat-stroke protocols."
017E,Ward 017E (East Delhi),East Delhi MCD,East Delhi,28.6648,77.2968,2.38,1.83,0.087,0.8,22.4,29067,28.2,30.0,80.3,5.3,727.0,36.7,Moderate Risk,#fb8c00,30.0 °C (ΔT: +1.8 °C),36.7 °C (Moderate Risk),Enforce hydration breaks for outdoor workers,"⚠️ ADVISORY: Enforce hydration breaks for outdoor workers, distribute ORS at transit hubs, maintain continuous water supplies in high-density settlements.",29.7,31.5,80.5,2.4,662.0,39.1,Critical Heat,#e53935,31.5 °C (ΔT: +1.8 °C),39.1 °C (Critical Heat),Activate municipal misting fans,"🔥 CRITICAL: Activate municipal misting fans, set up ORS hydration booths, advise elderly/children to remain indoors, halt non-essential outdoor work.",32.0,33.8,71.8,5.9,730.0,41.1,Critical Heat,#e53935,33.8 °C (ΔT: +1.8 °C),41.1 °C (Critical Heat),Activate municipal misting fans,"🔥 CRITICAL: Activate municipal misting fans, set up ORS hydration booths, advise elderly/children to remain indoors, halt non-essential outdoor work.",33.9,35.7,62.9,7.9,763.0,42.6,Critical Heat,#e53935,35.7 °C (ΔT: +1.8 °C),42.6 °C (Critical Heat),Activate municipal misting fans,"🔥 CRITICAL: Activate municipal misting fans, set up ORS hydration booths, advise elderly/children to remain indoors, halt non-essential outdoor work.",35.7,37.5,53.0,8.5,782.0,43.9,Extreme Danger,#8b0000,37.5 °C (ΔT: +1.8 °C),43.9 °C (Extreme Danger),Open 24/7 cooling centers,"🚨 EMERGENCY: Open 24/7 cooling centers, halt outdoor labor (11am-4pm), dispatch emergency water tankers to slum clusters, activate hospital heat-stroke protocols.",35.7,37.5,69.7,6.0,782.0,46.2,Extreme Danger,#8b0000,37.5 °C (ΔT: +1.8 °C),46.2 °C (Extreme Danger),Open 24/7 cooling centers,"🚨 EMERGENCY: Open 24/7 cooling centers, halt outdoor labor (11am-4pm), dispatch emergency water tankers to slum clusters, activate hospital heat-stroke protocols.",35.7,37.5,69.7,6.0,782.0,46.2,Extreme Danger,#8b0000,37.5 °C (ΔT: +1.8 °C),46.2 °C (Extreme Danger),Open 24/7 cooling centers,"🚨 EMERGENCY: Open 24/7 cooling centers, halt outdoor labor (11am-4pm), dispatch emergency water tankers to slum clusters, activate hospital heat-stroke protocols."
031E,Ward 031E (North East Delhi),East Delhi MCD,North East Delhi,28.6741,77.2879,0.91,2.2,0.13,0.87,29.4,34778,28.3,30.5,80.8,5.8,732.0,37.3,Moderate Risk,#fb8c00,30.5 °C (ΔT: +2.2 °C),37.3 °C (Moderate Risk),Enforce hydration breaks for outdoor workers,"⚠️ ADVISORY: Enforce hydration breaks for outdoor workers, distribute ORS at transit hubs, maintain continuous water supplies in high-density settlements.",29.6,31.8,81.9,2.9,637.0,39.4,Critical Heat,#e53935,31.8 °C (ΔT: +2.2 °C),39.4 °C (Critical Heat),Activate municipal misting fans,"🔥 CRITICAL: Activate municipal misting fans, set up ORS hydration booths, advise elderly/children to remain indoors, halt non-essential outdoor work.",31.7,33.9,73.6,7.2,730.0,41.2,Critical Heat,#e53935,33.9 °C (ΔT: +2.2 °C),41.2 °C (Critical Heat),Activate municipal misting fans,"🔥 CRITICAL: Activate municipal misting fans, set up ORS hydration booths, advise elderly/children to remain indoors, halt non-essential outdoor work.",33.2,35.4,65.5,9.1,764.0,42.3,Critical Heat,#e53935,35.4 °C (ΔT: +2.2 °C),42.3 °C (Critical Heat),Activate municipal misting fans,"🔥 CRITICAL: Activate municipal misting fans, set up ORS hydration booths, advise elderly/children to remain indoors, halt non-essential outdoor work.",34.9,37.1,56.2,9.4,779.0,43.6,Extreme Danger,#8b0000,37.1 °C (ΔT: +2.2 °C),43.6 °C (Extreme Danger),Open 24/7 cooling centers,"🚨 EMERGENCY: Open 24/7 cooling centers, halt outdoor labor (11am-4pm), dispatch emergency water tankers to slum clusters, activate hospital heat-stroke protocols.",34.9,37.1,71.6,6.9,779.0,45.7,Extreme Danger,#8b0000,37.1 °C (ΔT: +2.2 °C),45.7 °C (Extreme Danger),Open 24/7 cooling centers,"🚨 EMERGENCY: Open 24/7 cooling centers, halt outdoor labor (11am-4pm), dispatch emergency water tankers to slum clusters, activate hospital heat-stroke protocols.",34.9,37.1,71.6,6.9,779.0,45.7,Extreme Danger,#8b0000,37.1 °C (ΔT: +2.2 °C),45.7 °C (Extreme Danger),Open 24/7 cooling centers,"🚨 EMERGENCY: Open 24/7 cooling centers, halt outdoor labor (11am-4pm), dispatch emergency water tankers to slum clusters, activate hospital heat-stroke protocols."
030E,Ward 030E (North East Delhi),East Delhi MCD,North East Delhi,28.6755,77.3023,0.87,2.16,0.085,0.86,25.8,37516,28.3,30.5,80.8,5.8,732.0,37.3,Moderate Risk,#fb8c00,30.5 °C (ΔT: +2.2 °C),37.3 °C (Moderate Risk),Enforce hydration breaks for outdoor workers,"⚠️ ADVISORY: Enforce hydration breaks for outdoor workers, distribute ORS at transit hubs, maintain continuous water supplies in high-density settlements.",29.6,31.8,81.9,2.9,637.0,39.4,Critical Heat,#e53935,31.8 °C (ΔT: +2.2 °C),39.4 °C (Critical Heat),Activate municipal misting fans,"🔥 CRITICAL: Activate municipal misting fans, set up ORS hydration booths, advise elderly/children to remain indoors, halt non-essential outdoor work.",31.7,33.9,73.6,7.2,730.0,41.2,Critical Heat,#e53935,33.9 °C (ΔT: +2.2 °C),41.2 °C (Critical Heat),Activate municipal misting fans,"🔥 CRITICAL: Activate municipal misting fans, set up ORS hydration booths, advise elderly/children to remain indoors, halt non-essential outdoor work.",33.2,35.4,65.5,9.1,764.0,42.3,Critical Heat,#e53935,35.4 °C (ΔT: +2.2 °C),42.3 °C (Critical Heat),Activate municipal misting fans,"🔥 CRITICAL: Activate municipal misting fans, set up ORS hydration booths, advise elderly/children to remain indoors, halt non-essential outdoor work.",34.9,37.1,56.2,9.4,779.0,43.6,Extreme Danger,#8b0000,37.1 °C (ΔT: +2.2 °C),43.6 °C (Extreme Danger),Open 24/7 cooling centers,"🚨 EMERGENCY: Open 24/7 cooling centers, halt outdoor labor (11am-4pm), dispatch emergency water tankers to slum clusters, activate hospital heat-stroke protocols.",34.9,37.1,71.6,6.9,779.0,45.7,Extreme Danger,#8b0000,37.1 °C (ΔT: +2.2 °C),45.7 °C (Extreme Danger),Open 24/7 cooling centers,"🚨 EMERGENCY: Open 24/7 cooling centers, halt outdoor labor (11am-4pm), dispatch emergency water tankers to slum clusters, activate hospital heat-stroke protocols.",34.9,37.1,71.6,6.9,779.0,45.7,Extreme Danger,#8b0000,37.1 °C (ΔT: +2.2 °C),45.7 °C (Extreme Danger),Open 24/7 cooling centers,"🚨 EMERGENCY: Open 24/7 cooling centers, halt outdoor labor (11am-4pm), dispatch emergency water tankers to slum clusters, activate hospital heat-stroke protocols."
029E,Ward 029E (North East Delhi),East Delhi MCD,North East Delhi,28.6808,77.3121,2.3,2.05,0.123,0.85,27.0,36898,28.3,30.4,80.8,5.8,732.0,37.2,Moderate Risk,#fb8c00,30.4 °C (ΔT: +2.0 °C),37.2 °C (Moderate Risk),Enforce hydration breaks for outdoor workers,"⚠️ ADVISORY: Enforce hydration breaks for outdoor workers, distribute ORS at transit hubs, maintain continuous water supplies in high-density settlements.",29.6,31.7,81.9,2.9,637.0,39.3,Critical Heat,#e53935,31.7 °C (ΔT: +2.0 °C),39.3 °C (Critical Heat),Activate municipal misting fans,"🔥 CRITICAL: Activate municipal misting fans, set up ORS hydration booths, advise elderly/children to remain indoors, halt non-essential outdoor work.",31.7,33.8,73.6,7.2,730.0,41.1,Critical Heat,#e53935,33.8 °C (ΔT: +2.0 °C),41.1 °C (Critical Heat),Activate municipal misting fans,"🔥 CRITICAL: Activate municipal misting fans, set up ORS hydration booths, advise elderly/children to remain indoors, halt non-essential outdoor work.",33.2,35.2,65.5,9.1,764.0,42.1,Critical Heat,#e53935,35.2 °C (ΔT: +2.0 °C),42.1 °C (Critical Heat),Activate municipal misting fans,"🔥 CRITICAL: Activate municipal misting fans, set up ORS hydration booths, advise elderly/children to remain indoors, halt non-essential outdoor work.",34.9,36.9,56.2,9.4,779.0,43.4,Extreme Danger,#8b0000,36.9 °C (ΔT: +2.0 °C),43.4 °C (Extreme Danger),Open 24/7 cooling centers,"🚨 EMERGENCY: Open 24/7 cooling centers, halt outdoor labor (11am-4pm), dispatch emergency water tankers to slum clusters, activate hospital heat-stroke protocols.",34.9,36.9,71.6,6.9,779.0,45.4,Extreme Danger,#8b0000,36.9 °C (ΔT: +2.0 °C),45.4 °C (Extreme Danger),Open 24/7 cooling centers,"🚨 EMERGENCY: Open 24/7 cooling centers, halt outdoor labor (11am-4pm), dispatch emergency water tankers to slum clusters, activate hospital heat-stroke protocols.",34.9,36.9,71.6,6.9,779.0,45.4,Extreme Danger,#8b0000,36.9 °C (ΔT: +2.0 °C),45.4 °C (Extreme Danger),Open 24/7 cooling centers,"🚨 EMERGENCY: Open 24/7 cooling centers, halt outdoor labor (11am-4pm), dispatch emergency water tankers to slum clusters, activate hospital heat-stroke protocols."
028E,Ward 028E (North East Delhi),East Delhi MCD,North East Delhi,28.6882,77.3231,0.79,2.14,0.094,0.85,26.6,34936,28.3,30.4,80.8,5.8,732.0,37.2,Moderate Risk,#fb8c00,30.4 °C (ΔT: +2.1 °C),37.2 °C (Moderate Risk),Enforce hydration breaks for outdoor workers,"⚠️ ADVISORY: Enforce hydration breaks for outdoor workers, distribute ORS at transit hubs, maintain continuous water supplies in high-density settlements.",29.6,31.7,81.9,2.9,637.0,39.3,Critical Heat,#e53935,31.7 °C (ΔT: +2.1 °C),39.3 °C (Critical Heat),Activate municipal misting fans,"🔥 CRITICAL: Activate municipal misting fans, set up ORS hydration booths, advise elderly/children to remain indoors, halt non-essential outdoor work.",31.7,33.8,73.6,7.2,730.0,41.1,Critical Heat,#e53935,33.8 °C (ΔT: +2.1 °C),41.1 °C (Critical Heat),Activate municipal misting fans,"🔥 CRITICAL: Activate municipal misting fans, set up ORS hydration booths, advise elderly/children to remain indoors, halt non-essential outdoor work.",33.2,35.3,65.5,9.1,764.0,42.2,Critical Heat,#e53935,35.3 °C (ΔT: +2.1 °C),42.2 °C (Critical Heat),Activate municipal misting fans,"🔥 CRITICAL: Activate municipal misting fans, set up ORS hydration booths, advise elderly/children to remain indoors, halt non-essential outdoor work.",34.9,37.0,56.2,9.4,779.0,43.5,Extreme Danger,#8b0000,37.0 °C (ΔT: +2.1 °C),43.5 °C (Extreme Danger),Open 24/7 cooling centers,"🚨 EMERGENCY: Open 24/7 cooling centers, halt outdoor labor (11am-4pm), dispatch emergency water tankers to slum clusters, activate hospital heat-stroke protocols.",34.9,37.0,71.6,6.9,779.0,45.6,Extreme Danger,#8b0000,37.0 °C (ΔT: +2.1 °C),45.6 °C (Extreme Danger),Open 24/7 cooling centers,"🚨 EMERGENCY: Open 24/7 cooling centers, halt outdoor labor (11am-4pm), dispatch emergency water tankers to slum clusters, activate hospital heat-stroke protocols.",34.9,37.0,71.6,6.9,779.0,45.6,Extreme Danger,#8b0000,37.0 °C (ΔT: +2.1 °C),45.6 °C (Extreme Danger),Open 24/7 cooling centers,"🚨 EMERGENCY: Open 24/7 cooling centers, halt outdoor labor (11am-4pm), dispatch emergency water tankers to slum clusters, activate hospital heat-stroke protocols."
034E,Ward 034E (North East Delhi),East Delhi MCD,North East Delhi,28.6952,77.3208,0.91,2.06,0.096,0.87,24.1,36408,28.3,30.4,80.8,5.8,732.0,37.2,Moderate Risk,#fb8c00,30.4 °C (ΔT: +2.1 °C),37.2 °C (Moderate Risk),Enforce hydration breaks for outdoor workers,"⚠️ ADVISORY: Enforce hydration breaks for outdoor workers, distribute ORS at transit hubs, maintain continuous water supplies in high-density settlements.",29.6,31.7,81.9,2.9,637.0,39.3,Critical Heat,#e53935,31.7 °C (ΔT: +2.1 °C),39.3 °C (Critical Heat),Activate municipal misting fans,"🔥 CRITICAL: Activate municipal misting fans, set up ORS hydration booths, advise elderly/children to remain indoors, halt non-essential outdoor work.",31.7,33.8,73.6,7.2,730.0,41.1,Critical Heat,#e53935,33.8 °C (ΔT: +2.1 °C),41.1 °C (Critical Heat),Activate municipal misting fans,"🔥 CRITICAL: Activate municipal misting fans, set up ORS hydration booths, advise elderly/children to remain indoors, halt non-essential outdoor work.",33.2,35.3,65.5,9.1,764.0,42.2,Critical Heat,#e53935,35.3 °C (ΔT: +2.1 °C),42.2 °C (Critical Heat),Activate municipal misting fans,"🔥 CRITICAL: Activate municipal misting fans, set up ORS hydration booths, advise elderly/children to remain indoors, halt non-essential outdoor work.",34.9,37.0,56.2,9.4,779.0,43.5,Extreme Danger,#8b0000,37.0 °C (ΔT: +2.1 °C),43.5 °C (Extreme Danger),Open 24/7 cooling centers,"🚨 EMERGENCY: Open 24/7 cooling centers, halt outdoor labor (11am-4pm), dispatch emergency water tankers to slum clusters, activate hospital heat-stroke protocols.",34.9,37.0,71.6,6.9,779.0,45.6,Extreme Danger,#8b0000,37.0 °C (ΔT: +2.1 °C),45.6 °C (Extreme Danger),Open 24/7 cooling centers,"🚨 EMERGENCY: Open 24/7 cooling centers, halt outdoor labor (11am-4pm), dispatch emergency water tankers to slum clusters, activate hospital heat-stroke protocols.",34.9,37.0,71.6,6.9,779.0,45.6,Extreme Danger,#8b0000,37.0 °C (ΔT: +2.1 °C),45.6 °C (Extreme Danger),Open 24/7 cooling centers,"🚨 EMERGENCY: Open 24/7 cooling centers, halt outdoor labor (11am-4pm), dispatch emergency water tankers to slum clusters, activate hospital heat-stroke protocols."
035E,Ward 035E (North East Delhi),East Delhi MCD,North East Delhi,28.6909,77.3079,2.02,2.22,0.054,0.82,26.6,36429,28.3,30.5,80.8,5.8,732.0,37.3,Moderate Risk,#fb8c00,30.5 °C (ΔT: +2.2 °C),37.3 °C (Moderate Risk),Enforce hydration breaks for outdoor workers,"⚠️ ADVISORY: Enforce hydration breaks for outdoor workers, distribute ORS at transit hubs, maintain continuous water supplies in high-density settlements.",29.6,31.8,81.9,2.9,637.0,39.4,Critical Heat,#e53935,31.8 °C (ΔT: +2.2 °C),39.4 °C (Critical Heat),Activate municipal misting fans,"🔥 CRITICAL: Activate municipal misting fans, set up ORS hydration booths, advise elderly/children to remain indoors, halt non-essential outdoor work.",31.7,33.9,73.6,7.2,730.0,41.2,Critical Heat,#e53935,33.9 °C (ΔT: +2.2 °C),41.2 °C (Critical Heat),Activate municipal misting fans,"🔥 CRITICAL: Activate municipal misting fans, set up ORS hydration booths, advise elderly/children to remain indoors, halt non-essential outdoor work.",33.2,35.4,65.5,9.1,764.0,42.3,Critical Heat,#e53935,35.4 °C (ΔT: +2.2 °C),42.3 °C (Critical Heat),Activate municipal misting fans,"🔥 CRITICAL: Activate municipal misting fans, set up ORS hydration booths, advise elderly/children to remain indoors, halt non-essential outdoor work.",34.9,37.1,56.2,9.4,779.0,43.6,Extreme Danger,#8b0000,37.1 °C (ΔT: +2.2 °C),43.6 °C (Extreme Danger),Open 24/7 cooling centers,"🚨 EMERGENCY: Open 24/7 cooling centers, halt outdoor labor (11am-4pm), dispatch emergency water tankers to slum clusters, activate hospital heat-stroke protocols.",34.9,37.1,71.6,6.9,779.0,45.7,Extreme Danger,#8b0000,37.1 °C (ΔT: +2.2 °C),45.7 °C (Extreme Danger),Open 24/7 cooling centers,"🚨 EMERGENCY: Open 24/7 cooling centers, halt outdoor labor (11am-4pm), dispatch emergency water tankers to slum clusters, activate hospital heat-stroke protocols.",34.9,37.1,71.6,6.9,779.0,45.7,Extreme Danger,#8b0000,37.1 °C (ΔT: +2.2 °C),45.7 °C (Extreme Danger),Open 24/7 cooling centers,"🚨 EMERGENCY: Open 24/7 cooling centers, halt outdoor labor (11am-4pm), dispatch emergency water tankers to slum clusters, activate hospital heat-stroke protocols."
033E,Ward 033E (North East Delhi),East Delhi MCD,North East Delhi,28.7013,77.3173,0.49,2.18,0.072,0.85,25.6,35025,28.3,30.5,80.8,5.8,732.0,37.3,Moderate Risk,#fb8c00,30.5 °C (ΔT: +2.2 °C),37.3 °C (Moderate Risk),Enforce hydration breaks for outdoor workers,"⚠️ ADVISORY: Enforce hydration breaks for outdoor workers, distribute ORS at transit hubs, maintain continuous water supplies in high-density settlements.",29.6,31.8,81.9,2.9,637.0,39.4,Critical Heat,#e53935,31.8 °C (ΔT: +2.2 °C),39.4 °C (Critical Heat),Activate municipal misting fans,"🔥 CRITICAL: Activate municipal misting fans, set up ORS hydration booths, advise elderly/children to remain indoors, halt non-essential outdoor work.",31.7,33.9,73.6,7.2,730.0,41.2,Critical Heat,#e53935,33.9 °C (ΔT: +2.2 °C),41.2 °C (Critical Heat),Activate municipal misting fans,"🔥 CRITICAL: Activate municipal misting fans, set up ORS hydration booths, advise elderly/children to remain indoors, halt non-essential outdoor work.",33.2,35.4,65.5,9.1,764.0,42.3,Critical Heat,#e53935,35.4 °C (ΔT: +2.2 °C),42.3 °C (Critical Heat),Activate municipal misting fans,"🔥 CRITICAL: Activate municipal misting fans, set up ORS hydration booths, advise elderly/children to remain indoors, halt non-essential outdoor work.",34.9,37.1,56.2,9.4,779.0,43.6,Extreme Danger,#8b0000,37.1 °C (ΔT: +2.2 °C),43.6 °C (Extreme Danger),Open 24/7 cooling centers,"🚨 EMERGENCY: Open 24/7 cooling centers, halt outdoor labor (11am-4pm), dispatch emergency water tankers to slum clusters, activate hospital heat-stroke protocols.",34.9,37.1,71.6,6.9,779.0,45.7,Extreme Danger,#8b0000,37.1 °C (ΔT: +2.2 °C),45.7 °C (Extreme Danger),Open 24/7 cooling centers,"🚨 EMERGENCY: Open 24/7 cooling centers, halt outdoor labor (11am-4pm), dispatch emergency water tankers to slum clusters, activate hospital heat-stroke protocols.",34.9,37.1,71.6,6.9,779.0,45.7,Extreme Danger,#8b0000,37.1 °C (ΔT: +2.2 °C),45.7 °C (Extreme Danger),Open 24/7 cooling centers,"🚨 EMERGENCY: Open 24/7 cooling centers, halt outdoor labor (11am-4pm), dispatch emergency water tankers to slum clusters, activate hospital heat-stroke protocols."
032E,Ward 032E (North East Delhi),East Delhi MCD,North East Delhi,28.7007,77.306,0.87,2.47,0.063,0.88,29.3,37873,28.3,30.8,80.8,5.8,732.0,37.7,Moderate Risk,#fb8c00,30.8 °C (ΔT: +2.5 °C),37.7 °C (Moderate Risk),Enforce hydration breaks for outdoor workers,"⚠️ ADVISORY: Enforce hydration breaks for outdoor workers, distribute ORS at transit hubs, maintain continuous water supplies in high-density settlements.",29.6,32.1,81.9,2.9,637.0,39.8,Critical Heat,#e53935,32.1 °C (ΔT: +2.5 °C),39.8 °C (Critical Heat),Activate municipal misting fans,"🔥 CRITICAL: Activate municipal misting fans, set up ORS hydration booths, advise elderly/children to remain indoors, halt non-essential outdoor work.",31.7,34.2,73.6,7.2,730.0,41.6,Critical Heat,#e53935,34.2 °C (ΔT: +2.5 °C),41.6 °C (Critical Heat),Activate municipal misting fans,"🔥 CRITICAL: Activate municipal misting fans, set up ORS hydration booths, advise elderly/children to remain indoors, halt non-essential outdoor work.",33.2,35.7,65.5,9.1,764.0,42.7,Critical Heat,#e53935,35.7 °C (ΔT: +2.5 °C),42.7 °C (Critical Heat),Activate municipal misting fans,"🔥 CRITICAL: Activate municipal misting fans, set up ORS hydration booths, advise elderly/children to remain indoors, halt non-essential outdoor work.",34.9,37.4,56.2,9.4,779.0,44.1,Extreme Danger,#8b0000,37.4 °C (ΔT: +2.5 °C),44.1 °C (Extreme Danger),Open 24/7 cooling centers,"🚨 EMERGENCY: Open 24/7 cooling centers, halt outdoor labor (11am-4pm), dispatch emergency water tankers to slum clusters, activate hospital heat-stroke protocols.",34.9,37.4,71.6,6.9,779.0,46.1,Extreme Danger,#8b0000,37.4 °C (ΔT: +2.5 °C),46.1 °C (Extreme Danger),Open 24/7 cooling centers,"🚨 EMERGENCY: Open 24/7 cooling centers, halt outdoor labor (11am-4pm), dispatch emergency water tankers to slum clusters, activate hospital heat-stroke protocols.",34.9,37.4,71.6,6.9,779.0,46.1,Extreme Danger,#8b0000,37.4 °C (ΔT: +2.5 °C),46.1 °C (Extreme Danger),Open 24/7 cooling centers,"🚨 EMERGENCY: Open 24/7 cooling centers, halt outdoor labor (11am-4pm), dispatch emergency water tankers to slum clusters, activate hospital heat-stroke protocols."
036E,Ward 036E (North East Delhi),East Delhi MCD,North East Delhi,28.7006,77.2952,0.98,2.13,0.121,0.89,26.3,38379,28.3,30.4,80.8,5.8,732.0,37.2,Moderate Risk,#fb8c00,30.4 °C (ΔT: +2.1 °C),37.2 °C (Moderate Risk),Enforce hydration breaks for outdoor workers,"⚠️ ADVISORY: Enforce hydration breaks for outdoor workers, distribute ORS at transit hubs, maintain continuous water supplies in high-density settlements.",29.6,31.7,81.9,2.9,637.0,39.3,Critical Heat,#e53935,31.7 °C (ΔT: +2.1 °C),39.3 °C (Critical Heat),Activate municipal misting fans,"🔥 CRITICAL: Activate municipal misting fans, set up ORS hydration booths, advise elderly/children to remain indoors, halt non-essential outdoor work.",31.7,33.8,73.6,7.2,730.0,41.1,Critical Heat,#e53935,33.8 °C (ΔT: +2.1 °C),41.1 °C (Critical Heat),Activate municipal misting fans,"🔥 CRITICAL: Activate municipal misting fans, set up ORS hydration booths, advise elderly/children to remain indoors, halt non-essential outdoor work.",33.2,35.3,65.5,9.1,764.0,42.2,Critical Heat,#e53935,35.3 °C (ΔT: +2.1 °C),42.2 °C (Critical Heat),Activate municipal misting fans,"🔥 CRITICAL: Activate municipal misting fans, set up ORS hydration booths, advise elderly/children to remain indoors, halt non-essential outdoor work.",34.9,37.0,56.2,9.4,779.0,43.5,Extreme Danger,#8b0000,37.0 °C (ΔT: +2.1 °C),43.5 °C (Extreme Danger),Open 24/7 cooling centers,"🚨 EMERGENCY: Open 24/7 cooling centers, halt outdoor labor (11am-4pm), dispatch emergency water tankers to slum clusters, activate hospital heat-stroke protocols.",34.9,37.0,71.6,6.9,779.0,45.6,Extreme Danger,#8b0000,37.0 °C (ΔT: +2.1 °C),45.6 °C (Extreme Danger),Open 24/7 cooling centers,"🚨 EMERGENCY: Open 24/7 cooling centers, halt outdoor labor (11am-4pm), dispatch emergency water tankers to slum clusters, activate hospital heat-stroke protocols.",34.9,37.0,71.6,6.9,779.0,45.6,Extreme Danger,#8b0000,37.0 °C (ΔT: +2.1 °C),45.6 °C (Extreme Danger),Open 24/7 cooling centers,"🚨 EMERGENCY: Open 24/7 cooling centers, halt outdoor labor (11am-4pm), dispatch emergency water tankers to slum clusters, activate hospital heat-stroke protocols."
037E,Ward 037E (North East Delhi),East Delhi MCD,North East Delhi,28.6891,77.2981,0.85,2.16,0.092,0.88,25.3,34607,28.3,30.5,80.8,5.8,732.0,37.3,Moderate Risk,#fb8c00,30.5 °C (ΔT: +2.2 °C),37.3 °C (Moderate Risk),Enforce hydration breaks for outdoor workers,"⚠️ ADVISORY: Enforce hydration breaks for outdoor workers, distribute ORS at transit hubs, maintain continuous water supplies in high-density settlements.",29.6,31.8,81.9,2.9,637.0,39.4,Critical Heat,#e53935,31.8 °C (ΔT: +2.2 °C),39.4 °C (Critical Heat),Activate municipal misting fans,"🔥 CRITICAL: Activate municipal misting fans, set up ORS hydration booths, advise elderly/children to remain indoors, halt non-essential outdoor work.",31.7,33.9,73.6,7.2,730.0,41.2,Critical Heat,#e53935,33.9 °C (ΔT: +2.2 °C),41.2 °C (Critical Heat),Activate municipal misting fans,"🔥 CRITICAL: Activate municipal misting fans, set up ORS hydration booths, advise elderly/children to remain indoors, halt non-essential outdoor work.",33.2,35.4,65.5,9.1,764.0,42.3,Critical Heat,#e53935,35.4 °C (ΔT: +2.2 °C),42.3 °C (Critical Heat),Activate municipal misting fans,"🔥 CRITICAL: Activate municipal misting fans, set up ORS hydration booths, advise elderly/children to remain indoors, halt non-essential outdoor work.",34.9,37.1,56.2,9.4,779.0,43.6,Extreme Danger,#8b0000,37.1 °C (ΔT: +2.2 °C),43.6 °C (Extreme Danger),Open 24/7 cooling centers,"🚨 EMERGENCY: Open 24/7 cooling centers, halt outdoor labor (11am-4pm), dispatch emergency water tankers to slum clusters, activate hospital heat-stroke protocols.",34.9,37.1,71.6,6.9,779.0,45.7,Extreme Danger,#8b0000,37.1 °C (ΔT: +2.2 °C),45.7 °C (Extreme Danger),Open 24/7 cooling centers,"🚨 EMERGENCY: Open 24/7 cooling centers, halt outdoor labor (11am-4pm), dispatch emergency water tankers to slum clusters, activate hospital heat-stroke protocols.",34.9,37.1,71.6,6.9,779.0,45.7,Extreme Danger,#8b0000,37.1 °C (ΔT: +2.2 °C),45.7 °C (Extreme Danger),Open 24/7 cooling centers,"🚨 EMERGENCY: Open 24/7 cooling centers, halt outdoor labor (11am-4pm), dispatch emergency water tankers to slum clusters, activate hospital heat-stroke protocols."
038E,Ward 038E (North East Delhi),East Delhi MCD,North East Delhi,28.6858,77.2918,1.2,2.02,0.069,0.83,23.3,35112,28.3,30.3,80.8,5.8,732.0,37.1,Moderate Risk,#fb8c00,30.3 °C (ΔT: +2.0 °C),37.1 °C (Moderate Risk),Enforce hydration breaks for outdoor workers,"⚠️ ADVISORY: Enforce hydration breaks for outdoor workers, distribute ORS at transit hubs, maintain continuous water supplies in high-density settlements.",29.6,31.6,81.9,2.9,637.0,39.1,Critical Heat,#e53935,31.6 °C (ΔT: +2.0 °C),39.1 °C (Critical Heat),Activate municipal misting fans,"🔥 CRITICAL: Activate municipal misting fans, set up ORS hydration booths, advise elderly/children to remain indoors, halt non-essential outdoor work.",31.7,33.7,73.6,7.2,730.0,40.9,Critical Heat,#e53935,33.7 °C (ΔT: +2.0 °C),40.9 °C (Critical Heat),Activate municipal misting fans,"🔥 CRITICAL: Activate municipal misting fans, set up ORS hydration booths, advise elderly/children to remain indoors, halt non-essential outdoor work.",33.2,35.2,65.5,9.1,764.0,42.1,Critical Heat,#e53935,35.2 °C (ΔT: +2.0 °C),42.1 °C (Critical Heat),Activate municipal misting fans,"🔥 CRITICAL: Activate municipal misting fans, set up ORS hydration booths, advise elderly/children to remain indoors, halt non-essential outdoor work.",34.9,36.9,56.2,9.4,779.0,43.4,Extreme Danger,#8b0000,36.9 °C (ΔT: +2.0 °C),43.4 °C (Extreme Danger),Open 24/7 cooling centers,"🚨 EMERGENCY: Open 24/7 cooling centers, halt outdoor labor (11am-4pm), dispatch emergency water tankers to slum clusters, activate hospital heat-stroke protocols.",34.9,36.9,71.6,6.9,779.0,45.4,Extreme Danger,#8b0000,36.9 °C (ΔT: +2.0 °C),45.4 °C (Extreme Danger),Open 24/7 cooling centers,"🚨 EMERGENCY: Open 24/7 cooling centers, halt outdoor labor (11am-4pm), dispatch emergency water tankers to slum clusters, activate hospital heat-stroke protocols.",34.9,36.9,71.6,6.9,779.0,45.4,Extreme Danger,#8b0000,36.9 °C (ΔT: +2.0 °C),45.4 °C (Extreme Danger),Open 24/7 cooling centers,"🚨 EMERGENCY: Open 24/7 cooling centers, halt outdoor labor (11am-4pm), dispatch emergency water tankers to slum clusters, activate hospital heat-stroke protocols."
039E,Ward 039E (North East Delhi),East Delhi MCD,North East Delhi,28.6821,77.2815,1.08,2.35,0.055,0.9,25.1,38638,28.3,30.7,80.8,5.8,732.0,37.6,Moderate Risk,#fb8c00,30.7 °C (ΔT: +2.4 °C),37.6 °C (Moderate Risk),Enforce hydration breaks for outdoor workers,"⚠️ ADVISORY: Enforce hydration breaks for outdoor workers, distribute ORS at transit hubs, maintain continuous water supplies in high-density settlements.",29.6,32.0,81.9,2.9,637.0,39.7,Critical Heat,#e53935,32.0 °C (ΔT: +2.4 °C),39.7 °C (Critical Heat),Activate municipal misting fans,"🔥 CRITICAL: Activate municipal misting fans, set up ORS hydration booths, advise elderly/children to remain indoors, halt non-essential outdoor work.",31.7,34.0,73.6,7.2,730.0,41.3,Critical Heat,#e53935,34.0 °C (ΔT: +2.4 °C),41.3 °C (Critical Heat),Activate municipal misting fans,"🔥 CRITICAL: Activate municipal misting fans, set up ORS hydration booths, advise elderly/children to remain indoors, halt non-essential outdoor work.",33.2,35.6,65.5,9.1,764.0,42.6,Critical Heat,#e53935,35.6 °C (ΔT: +2.4 °C),42.6 °C (Critical Heat),Activate municipal misting fans,"🔥 CRITICAL: Activate municipal misting fans, set up ORS hydration booths, advise elderly/children to remain indoors, halt non-essential outdoor work.",34.9,37.2,56.2,9.4,779.0,43.8,Extreme Danger,#8b0000,37.2 °C (ΔT: +2.4 °C),43.8 °C (Extreme Danger),Open 24/7 cooling centers,"🚨 EMERGENCY: Open 24/7 cooling centers, halt outdoor labor (11am-4pm), dispatch emergency water tankers to slum clusters, activate hospital heat-stroke protocols.",34.9,37.2,71.6,6.9,779.0,45.8,Extreme Danger,#8b0000,37.2 °C (ΔT: +2.4 °C),45.8 °C (Extreme Danger),Open 24/7 cooling centers,"🚨 EMERGENCY: Open 24/7 cooling centers, halt outdoor labor (11am-4pm), dispatch emergency water tankers to slum clusters, activate hospital heat-stroke protocols.",34.9,37.2,71.6,6.9,779.0,45.8,Extreme Danger,#8b0000,37.2 °C (ΔT: +2.4 °C),45.8 °C (Extreme Danger),Open 24/7 cooling centers,"🚨 EMERGENCY: Open 24/7 cooling centers, halt outdoor labor (11am-4pm), dispatch emergency water tankers to slum clusters, activate hospital heat-stroke protocols."
021E,Ward 021E (East Delhi),East Delhi MCD,East Delhi,28.6621,77.2781,1.91,1.88,0.084,0.8,23.1,26543,28.2,30.1,80.3,5.3,727.0,36.8,Moderate Risk,#fb8c00,30.1 °C (ΔT: +1.9 °C),36.8 °C (Moderate Risk),Enforce hydration breaks for outdoor workers,"⚠️ ADVISORY: Enforce hydration breaks for outdoor workers, distribute ORS at transit hubs, maintain continuous water supplies in high-density settlements.",29.7,31.6,80.5,2.4,662.0,39.2,Critical Heat,#e53935,31.6 °C (ΔT: +1.9 °C),39.2 °C (Critical Heat),Activate municipal misting fans,"🔥 CRITICAL: Activate municipal misting fans, set up ORS hydration booths, advise elderly/children to remain indoors, halt non-essential outdoor work.",32.0,33.9,71.8,5.9,730.0,41.2,Critical Heat,#e53935,33.9 °C (ΔT: +1.9 °C),41.2 °C (Critical Heat),Activate municipal misting fans,"🔥 CRITICAL: Activate municipal misting fans, set up ORS hydration booths, advise elderly/children to remain indoors, halt non-essential outdoor work.",33.9,35.8,62.9,7.9,763.0,42.7,Critical Heat,#e53935,35.8 °C (ΔT: +1.9 °C),42.7 °C (Critical Heat),Activate municipal misting fans,"🔥 CRITICAL: Activate municipal misting fans, set up ORS hydration booths, advise elderly/children to remain indoors, halt non-essential outdoor work.",35.7,37.6,53.0,8.5,782.0,44.1,Extreme Danger,#8b0000,37.6 °C (ΔT: +1.9 °C),44.1 °C (Extreme Danger),Open 24/7 cooling centers,"🚨 EMERGENCY: Open 24/7 cooling centers, halt outdoor labor (11am-4pm), dispatch emergency water tankers to slum clusters, activate hospital heat-stroke protocols.",35.7,37.6,69.7,6.0,782.0,46.3,Extreme Danger,#8b0000,37.6 °C (ΔT: +1.9 °C),46.3 °C (Extreme Danger),Open 24/7 cooling centers,"🚨 EMERGENCY: Open 24/7 cooling centers, halt outdoor labor (11am-4pm), dispatch emergency water tankers to slum clusters, activate hospital heat-stroke protocols.",35.7,37.6,69.7,6.0,782.0,46.3,Extreme Danger,#8b0000,37.6 °C (ΔT: +1.9 °C),46.3 °C (Extreme Danger),Open 24/7 cooling centers,"🚨 EMERGENCY: Open 24/7 cooling centers, halt outdoor labor (11am-4pm), dispatch emergency water tankers to slum clusters, activate hospital heat-stroke protocols."
023E,Ward 023E (East Delhi),East Delhi MCD,East Delhi,28.6547,77.2835,0.83,1.75,0.135,0.85,21.9,24739,28.2,29.9,80.3,5.3,727.0,36.5,Moderate Risk,#fb8c00,29.9 °C (ΔT: +1.8 °C),36.5 °C (Moderate Risk),Enforce hydration breaks for outdoor workers,"⚠️ ADVISORY: Enforce hydration breaks for outdoor workers, distribute ORS at transit hubs, maintain continuous water supplies in high-density settlements.",29.7,31.4,80.5,2.4,662.0,38.9,Critical Heat,#e53935,31.4 °C (ΔT: +1.8 °C),38.9 °C (Critical Heat),Activate municipal misting fans,"🔥 CRITICAL: Activate municipal misting fans, set up ORS hydration booths, advise elderly/children to remain indoors, halt non-essential outdoor work.",32.0,33.8,71.8,5.9,730.0,41.1,Critical Heat,#e53935,33.8 °C (ΔT: +1.8 °C),41.1 °C (Critical Heat),Activate municipal misting fans,"🔥 CRITICAL: Activate municipal misting fans, set up ORS hydration booths, advise elderly/children to remain indoors, halt non-essential outdoor work.",33.9,35.6,62.9,7.9,763.0,42.5,Critical Heat,#e53935,35.6 °C (ΔT: +1.8 °C),42.5 °C (Critical Heat),Activate municipal misting fans,"🔥 CRITICAL: Activate municipal misting fans, set up ORS hydration booths, advise elderly/children to remain indoors, halt non-essential outdoor work.",35.7,37.5,53.0,8.5,782.0,43.9,Extreme Danger,#8b0000,37.5 °C (ΔT: +1.8 °C),43.9 °C (Extreme Danger),Open 24/7 cooling centers,"🚨 EMERGENCY: Open 24/7 cooling centers, halt outdoor labor (11am-4pm), dispatch emergency water tankers to slum clusters, activate hospital heat-stroke protocols.",35.7,37.5,69.7,6.0,782.0,46.2,Extreme Danger,#8b0000,37.5 °C (ΔT: +1.8 °C),46.2 °C (Extreme Danger),Open 24/7 cooling centers,"🚨 EMERGENCY: Open 24/7 cooling centers, halt outdoor labor (11am-4pm), dispatch emergency water tankers to slum clusters, activate hospital heat-stroke protocols.",35.7,37.5,69.7,6.0,782.0,46.2,Extreme Danger,#8b0000,37.5 °C (ΔT: +1.8 °C),46.2 °C (Extreme Danger),Open 24/7 cooling centers,"🚨 EMERGENCY: Open 24/7 cooling centers, halt outdoor labor (11am-4pm), dispatch emergency water tankers to slum clusters, activate hospital heat-stroke protocols."
022E,Ward 022E (East Delhi),East Delhi MCD,East Delhi,28.656,77.2893,0.78,1.84,0.089,0.78,23.9,24896,28.2,30.0,80.3,5.3,727.0,36.7,Moderate Risk,#fb8c00,30.0 °C (ΔT: +1.8 °C),36.7 °C (Moderate Risk),Enforce hydration breaks for outdoor workers,"⚠️ ADVISORY: Enforce hydration breaks for outdoor workers, distribute ORS at transit hubs, maintain continuous water supplies in high-density settlements.",29.7,31.5,80.5,2.4,662.0,39.1,Critical Heat,#e53935,31.5 °C (ΔT: +1.8 °C),39.1 °C (Critical Heat),Activate municipal misting fans,"🔥 CRITICAL: Activate municipal misting fans, set up ORS hydration booths, advise elderly/children to remain indoors, halt non-essential outdoor work.",32.0,33.8,71.8,5.9,730.0,41.1,Critical Heat,#e53935,33.8 °C (ΔT: +1.8 °C),41.1 °C (Critical Heat),Activate municipal misting fans,"🔥 CRITICAL: Activate municipal misting fans, set up ORS hydration booths, advise elderly/children to remain indoors, halt non-essential outdoor work.",33.9,35.7,62.9,7.9,763.0,42.6,Critical Heat,#e53935,35.7 °C (ΔT: +1.8 °C),42.6 °C (Critical Heat),Activate municipal misting fans,"🔥 CRITICAL: Activate municipal misting fans, set up ORS hydration booths, advise elderly/children to remain indoors, halt non-essential outdoor work.",35.7,37.5,53.0,8.5,782.0,43.9,Extreme Danger,#8b0000,37.5 °C (ΔT: +1.8 °C),43.9 °C (Extreme Danger),Open 24/7 cooling centers,"🚨 EMERGENCY: Open 24/7 cooling centers, halt outdoor labor (11am-4pm), dispatch emergency water tankers to slum clusters, activate hospital heat-stroke protocols.",35.7,37.5,69.7,6.0,782.0,46.2,Extreme Danger,#8b0000,37.5 °C (ΔT: +1.8 °C),46.2 °C (Extreme Danger),Open 24/7 cooling centers,"🚨 EMERGENCY: Open 24/7 cooling centers, halt outdoor labor (11am-4pm), dispatch emergency water tankers to slum clusters, activate hospital heat-stroke protocols.",35.7,37.5,69.7,6.0,782.0,46.2,Extreme Danger,#8b0000,37.5 °C (ΔT: +1.8 °C),46.2 °C (Extreme Danger),Open 24/7 cooling centers,"🚨 EMERGENCY: Open 24/7 cooling centers, halt outdoor labor (11am-4pm), dispatch emergency water tankers to slum clusters, activate hospital heat-stroke protocols."
016E,Ward 016E (East Delhi),East Delhi MCD,East Delhi,28.6193,77.2764,3.84,2.0,0.106,0.86,24.2,24932,28.2,30.2,80.3,5.3,727.0,37.0,Moderate Risk,#fb8c00,30.2 °C (ΔT: +2.0 °C),37.0 °C (Moderate Risk),Enforce hydration breaks for outdoor workers,"⚠️ ADVISORY: Enforce hydration breaks for outdoor workers, distribute ORS at transit hubs, maintain continuous water supplies in high-density settlements.",29.7,31.7,80.5,2.4,662.0,39.4,Critical Heat,#e53935,31.7 °C (ΔT: +2.0 °C),39.4 °C (Critical Heat),Activate municipal misting fans,"🔥 CRITICAL: Activate municipal misting fans, set up ORS hydration booths, advise elderly/children to remain indoors, halt non-essential outdoor work.",32.0,34.0,71.8,5.9,730.0,41.3,Critical Heat,#e53935,34.0 °C (ΔT: +2.0 °C),41.3 °C (Critical Heat),Activate municipal misting fans,"🔥 CRITICAL: Activate municipal misting fans, set up ORS hydration booths, advise elderly/children to remain indoors, halt non-essential outdoor work.",33.9,35.9,62.9,7.9,763.0,42.9,Critical Heat,#e53935,35.9 °C (ΔT: +2.0 °C),42.9 °C (Critical Heat),Activate municipal misting fans,"🔥 CRITICAL: Activate municipal misting fans, set up ORS hydration booths, advise elderly/children to remain indoors, halt non-essential outdoor work.",35.7,37.7,53.0,8.5,782.0,44.2,Extreme Danger,#8b0000,37.7 °C (ΔT: +2.0 °C),44.2 °C (Extreme Danger),Open 24/7 cooling centers,"🚨 EMERGENCY: Open 24/7 cooling centers, halt outdoor labor (11am-4pm), dispatch emergency water tankers to slum clusters, activate hospital heat-stroke protocols.",35.7,37.7,69.7,6.0,782.0,46.5,Extreme Danger,#8b0000,37.7 °C (ΔT: +2.0 °C),46.5 °C (Extreme Danger),Open 24/7 cooling centers,"🚨 EMERGENCY: Open 24/7 cooling centers, halt outdoor labor (11am-4pm), dispatch emergency water tankers to slum clusters, activate hospital heat-stroke protocols.",35.7,37.7,69.7,6.0,782.0,46.5,Extreme Danger,#8b0000,37.7 °C (ΔT: +2.0 °C),46.5 °C (Extreme Danger),Open 24/7 cooling centers,"🚨 EMERGENCY: Open 24/7 cooling centers, halt outdoor labor (11am-4pm), dispatch emergency water tankers to slum clusters, activate hospital heat-stroke protocols."
015E,Ward 015E (East Delhi),East Delhi MCD,East Delhi,28.6289,77.2724,3.7,1.8,0.088,0.85,19.2,26530,28.2,30.0,80.3,5.3,727.0,36.7,Moderate Risk,#fb8c00,30.0 °C (ΔT: +1.8 °C),36.7 °C (Moderate Risk),Enforce hydration breaks for outdoor workers,"⚠️ ADVISORY: Enforce hydration breaks for outdoor workers, distribute ORS at transit hubs, maintain continuous water supplies in high-density settlements.",29.7,31.5,80.5,2.4,662.0,39.1,Critical Heat,#e53935,31.5 °C (ΔT: +1.8 °C),39.1 °C (Critical Heat),Activate municipal misting fans,"🔥 CRITICAL: Activate municipal misting fans, set up ORS hydration booths, advise elderly/children to remain indoors, halt non-essential outdoor work.",32.0,33.8,71.8,5.9,730.0,41.1,Critical Heat,#e53935,33.8 °C (ΔT: +1.8 °C),41.1 °C (Critical Heat),Activate municipal misting fans,"🔥 CRITICAL: Activate municipal misting fans, set up ORS hydration booths, advise elderly/children to remain indoors, halt non-essential outdoor work.",33.9,35.7,62.9,7.9,763.0,42.6,Critical Heat,#e53935,35.7 °C (ΔT: +1.8 °C),42.6 °C (Critical Heat),Activate municipal misting fans,"🔥 CRITICAL: Activate municipal misting fans, set up ORS hydration booths, advise elderly/children to remain indoors, halt non-essential outdoor work.",35.7,37.5,53.0,8.5,782.0,43.9,Extreme Danger,#8b0000,37.5 °C (ΔT: +1.8 °C),43.9 °C (Extreme Danger),Open 24/7 cooling centers,"🚨 EMERGENCY: Open 24/7 cooling centers, halt outdoor labor (11am-4pm), dispatch emergency water tankers to slum clusters, activate hospital heat-stroke protocols.",35.7,37.5,69.7,6.0,782.0,46.2,Extreme Danger,#8b0000,37.5 °C (ΔT: +1.8 °C),46.2 °C (Extreme Danger),Open 24/7 cooling centers,"🚨 EMERGENCY: Open 24/7 cooling centers, halt outdoor labor (11am-4pm), dispatch emergency water tankers to slum clusters, activate hospital heat-stroke protocols.",35.7,37.5,69.7,6.0,782.0,46.2,Extreme Danger,#8b0000,37.5 °C (ΔT: +1.8 °C),46.2 °C (Extreme Danger),Open 24/7 cooling centers,"🚨 EMERGENCY: Open 24/7 cooling centers, halt outdoor labor (11am-4pm), dispatch emergency water tankers to slum clusters, activate hospital heat-stroke protocols."
014E,Ward 014E (East Delhi),East Delhi MCD,East Delhi,28.6436,77.2798,1.22,1.78,0.116,0.84,21.6,29105,28.2,30.0,80.3,5.3,727.0,36.7,Moderate Risk,#fb8c00,30.0 °C (ΔT: +1.8 °C),36.7 °C (Moderate Risk),Enforce hydration breaks for outdoor workers,"⚠️ ADVISORY: Enforce hydration breaks for outdoor workers, distribute ORS at transit hubs, maintain continuous water supplies in high-density settlements.",29.7,31.5,80.5,2.4,662.0,39.1,Critical Heat,#e53935,31.5 °C (ΔT: +1.8 °C),39.1 °C (Critical Heat),Activate municipal misting fans,"🔥 CRITICAL: Activate municipal misting fans, set up ORS hydration booths, advise elderly/children to remain indoors, halt non-essential outdoor work.",32.0,33.8,71.8,5.9,730.0,41.1,Critical Heat,#e53935,33.8 °C (ΔT: +1.8 °C),41.1 °C (Critical Heat),Activate municipal misting fans,"🔥 CRITICAL: Activate municipal misting fans, set up ORS hydration booths, advise elderly/children to remain indoors, halt non-essential outdoor work.",33.9,35.7,62.9,7.9,763.0,42.6,Critical Heat,#e53935,35.7 °C (ΔT: +1.8 °C),42.6 °C (Critical Heat),Activate municipal misting fans,"🔥 CRITICAL: Activate municipal misting fans, set up ORS hydration booths, advise elderly/children to remain indoors, halt non-essential outdoor work.",35.7,37.5,53.0,8.5,782.0,43.9,Extreme Danger,#8b0000,37.5 °C (ΔT: +1.8 °C),43.9 °C (Extreme Danger),Open 24/7 cooling centers,"🚨 EMERGENCY: Open 24/7 cooling centers, halt outdoor labor (11am-4pm), dispatch emergency water tankers to slum clusters, activate hospital heat-stroke protocols.",35.7,37.5,69.7,6.0,782.0,46.2,Extreme Danger,#8b0000,37.5 °C (ΔT: +1.8 °C),46.2 °C (Extreme Danger),Open 24/7 cooling centers,"🚨 EMERGENCY: Open 24/7 cooling centers, halt outdoor labor (11am-4pm), dispatch emergency water tankers to slum clusters, activate hospital heat-stroke protocols.",35.7,37.5,69.7,6.0,782.0,46.2,Extreme Danger,#8b0000,37.5 °C (ΔT: +1.8 °C),46.2 °C (Extreme Danger),Open 24/7 cooling centers,"🚨 EMERGENCY: Open 24/7 cooling centers, halt outdoor labor (11am-4pm), dispatch emergency water tankers to slum clusters, activate hospital heat-stroke protocols."
013E,Ward 013E (East Delhi),East Delhi MCD,East Delhi,28.6393,77.2701,2.12,1.69,0.109,0.84,19.2,25274,28.2,29.9,80.3,5.3,727.0,36.5,Moderate Risk,#fb8c00,29.9 °C (ΔT: +1.7 °C),36.5 °C (Moderate Risk),Enforce hydration breaks for outdoor workers,"⚠️ ADVISORY: Enforce hydration breaks for outdoor workers, distribute ORS at transit hubs, maintain continuous water supplies in high-density settlements.",29.7,31.4,80.5,2.4,662.0,38.9,Critical Heat,#e53935,31.4 °C (ΔT: +1.7 °C),38.9 °C (Critical Heat),Activate municipal misting fans,"🔥 CRITICAL: Activate municipal misting fans, set up ORS hydration booths, advise elderly/children to remain indoors, halt non-essential outdoor work.",32.0,33.7,71.8,5.9,730.0,40.9,Critical Heat,#e53935,33.7 °C (ΔT: +1.7 °C),40.9 °C (Critical Heat),Activate municipal misting fans,"🔥 CRITICAL: Activate municipal misting fans, set up ORS hydration booths, advise elderly/children to remain indoors, halt non-essential outdoor work.",33.9,35.6,62.9,7.9,763.0,42.5,Critical Heat,#e53935,35.6 °C (ΔT: +1.7 °C),42.5 °C (Critical Heat),Activate municipal misting fans,"🔥 CRITICAL: Activate municipal misting fans, set up ORS hydration booths, advise elderly/children to remain indoors, halt non-essential outdoor work.",35.7,37.4,53.0,8.5,782.0,43.8,Extreme Danger,#8b0000,37.4 °C (ΔT: +1.7 °C),43.8 °C (Extreme Danger),Open 24/7 cooling centers,"🚨 EMERGENCY: Open 24/7 cooling centers, halt outdoor labor (11am-4pm), dispatch emergency water tankers to slum clusters, activate hospital heat-stroke protocols.",35.7,37.4,69.7,6.0,782.0,46.0,Extreme Danger,#8b0000,37.4 °C (ΔT: +1.7 °C),46.0 °C (Extreme Danger),Open 24/7 cooling centers,"🚨 EMERGENCY: Open 24/7 cooling centers, halt outdoor labor (11am-4pm), dispatch emergency water tankers to slum clusters, activate hospital heat-stroke protocols.",35.7,37.4,69.7,6.0,782.0,46.0,Extreme Danger,#8b0000,37.4 °C (ΔT: +1.7 °C),46.0 °C (Extreme Danger),Open 24/7 cooling centers,"🚨 EMERGENCY: Open 24/7 cooling centers, halt outdoor labor (11am-4pm), dispatch emergency water tankers to slum clusters, activate hospital heat-stroke protocols."
025E,Ward 025E (East Delhi),East Delhi MCD,East Delhi,28.6711,77.2548,3.34,1.7,0.111,0.83,20.0,29597,28.2,29.9,80.3,5.3,727.0,36.5,Moderate Risk,#fb8c00,29.9 °C (ΔT: +1.7 °C),36.5 °C (Moderate Risk),Enforce hydration breaks for outdoor workers,"⚠️ ADVISORY: Enforce hydration breaks for outdoor workers, distribute ORS at transit hubs, maintain continuous water supplies in high-density settlements.",29.7,31.4,80.5,2.4,662.0,38.9,Critical Heat,#e53935,31.4 °C (ΔT: +1.7 °C),38.9 °C (Critical Heat),Activate municipal misting fans,"🔥 CRITICAL: Activate municipal misting fans, set up ORS hydration booths, advise elderly/children to remain indoors, halt non-essential outdoor work.",32.0,33.7,71.8,5.9,730.0,40.9,Critical Heat,#e53935,33.7 °C (ΔT: +1.7 °C),40.9 °C (Critical Heat),Activate municipal misting fans,"🔥 CRITICAL: Activate municipal misting fans, set up ORS hydration booths, advise elderly/children to remain indoors, halt non-essential outdoor work.",33.9,35.6,62.9,7.9,763.0,42.5,Critical Heat,#e53935,35.6 °C (ΔT: +1.7 °C),42.5 °C (Critical Heat),Activate municipal misting fans,"🔥 CRITICAL: Activate municipal misting fans, set up ORS hydration booths, advise elderly/children to remain indoors, halt non-essential outdoor work.",35.7,37.4,53.0,8.5,782.0,43.8,Extreme Danger,#8b0000,37.4 °C (ΔT: +1.7 °C),43.8 °C (Extreme Danger),Open 24/7 cooling centers,"🚨 EMERGENCY: Open 24/7 cooling centers, halt outdoor labor (11am-4pm), dispatch emergency water tankers to slum clusters, activate hospital heat-stroke protocols.",35.7,37.4,69.7,6.0,782.0,46.0,Extreme Danger,#8b0000,37.4 °C (ΔT: +1.7 °C),46.0 °C (Extreme Danger),Open 24/7 cooling centers,"🚨 EMERGENCY: Open 24/7 cooling centers, halt outdoor labor (11am-4pm), dispatch emergency water tankers to slum clusters, activate hospital heat-stroke protocols.",35.7,37.4,69.7,6.0,782.0,46.0,Extreme Danger,#8b0000,37.4 °C (ΔT: +1.7 °C),46.0 °C (Extreme Danger),Open 24/7 cooling centers,"🚨 EMERGENCY: Open 24/7 cooling centers, halt outdoor labor (11am-4pm), dispatch emergency water tankers to slum clusters, activate hospital heat-stroke protocols."
026E,Ward 026E (East Delhi),East Delhi MCD,East Delhi,28.6721,77.2787,0.84,1.72,0.08,0.79,20.2,29843,28.2,29.9,80.3,5.3,727.0,36.5,Moderate Risk,#fb8c00,29.9 °C (ΔT: +1.7 °C),36.5 °C (Moderate Risk),Enforce hydration breaks for outdoor workers,"⚠️ ADVISORY: Enforce hydration breaks for outdoor workers, distribute ORS at transit hubs, maintain continuous water supplies in high-density settlements.",29.7,31.4,80.5,2.4,662.0,38.9,Critical Heat,#e53935,31.4 °C (ΔT: +1.7 °C),38.9 °C (Critical Heat),Activate municipal misting fans,"🔥 CRITICAL: Activate municipal misting fans, set up ORS hydration booths, advise elderly/children to remain indoors, halt non-essential outdoor work.",32.0,33.7,71.8,5.9,730.0,40.9,Critical Heat,#e53935,33.7 °C (ΔT: +1.7 °C),40.9 °C (Critical Heat),Activate municipal misting fans,"🔥 CRITICAL: Activate municipal misting fans, set up ORS hydration booths, advise elderly/children to remain indoors, halt non-essential outdoor work.",33.9,35.6,62.9,7.9,763.0,42.5,Critical Heat,#e53935,35.6 °C (ΔT: +1.7 °C),42.5 °C (Critical Heat),Activate municipal misting fans,"🔥 CRITICAL: Activate municipal misting fans, set up ORS hydration booths, advise elderly/children to remain indoors, halt non-essential outdoor work.",35.7,37.4,53.0,8.5,782.0,43.8,Extreme Danger,#8b0000,37.4 °C (ΔT: +1.7 °C),43.8 °C (Extreme Danger),Open 24/7 cooling centers,"🚨 EMERGENCY: Open 24/7 cooling centers, halt outdoor labor (11am-4pm), dispatch emergency water tankers to slum clusters, activate hospital heat-stroke protocols.",35.7,37.4,69.7,6.0,782.0,46.0,Extreme Danger,#8b0000,37.4 °C (ΔT: +1.7 °C),46.0 °C (Extreme Danger),Open 24/7 cooling centers,"🚨 EMERGENCY: Open 24/7 cooling centers, halt outdoor labor (11am-4pm), dispatch emergency water tankers to slum clusters, activate hospital heat-stroke protocols.",35.7,37.4,69.7,6.0,782.0,46.0,Extreme Danger,#8b0000,37.4 °C (ΔT: +1.7 °C),46.0 °C (Extreme Danger),Open 24/7 cooling centers,"🚨 EMERGENCY: Open 24/7 cooling centers, halt outdoor labor (11am-4pm), dispatch emergency water tankers to slum clusters, activate hospital heat-stroke protocols."
027E,Ward 027E (East Delhi),East Delhi MCD,East Delhi,28.6712,77.2719,1.37,1.67,0.153,0.85,21.6,27139,28.2,29.9,80.3,5.3,727.0,36.5,Moderate Risk,#fb8c00,29.9 °C (ΔT: +1.7 °C),36.5 °C (Moderate Risk),Enforce hydration breaks for outdoor workers,"⚠️ ADVISORY: Enforce hydration breaks for outdoor workers, distribute ORS at transit hubs, maintain continuous water supplies in high-density settlements.",29.7,31.4,80.5,2.4,662.0,38.9,Critical Heat,#e53935,31.4 °C (ΔT: +1.7 °C),38.9 °C (Critical Heat),Activate municipal misting fans,"🔥 CRITICAL: Activate municipal misting fans, set up ORS hydration booths, advise elderly/children to remain indoors, halt non-essential outdoor work.",32.0,33.7,71.8,5.9,730.0,40.9,Critical Heat,#e53935,33.7 °C (ΔT: +1.7 °C),40.9 °C (Critical Heat),Activate municipal misting fans,"🔥 CRITICAL: Activate municipal misting fans, set up ORS hydration booths, advise elderly/children to remain indoors, halt non-essential outdoor work.",33.9,35.6,62.9,7.9,763.0,42.5,Critical Heat,#e53935,35.6 °C (ΔT: +1.7 °C),42.5 °C (Critical Heat),Activate municipal misting fans,"🔥 CRITICAL: Activate municipal misting fans, set up ORS hydration booths, advise elderly/children to remain indoors, halt non-essential outdoor work.",35.7,37.4,53.0,8.5,782.0,43.8,Extreme Danger,#8b0000,37.4 °C (ΔT: +1.7 °C),43.8 °C (Extreme Danger),Open 24/7 cooling centers,"🚨 EMERGENCY: Open 24/7 cooling centers, halt outdoor labor (11am-4pm), dispatch emergency water tankers to slum clusters, activate hospital heat-stroke protocols.",35.7,37.4,69.7,6.0,782.0,46.0,Extreme Danger,#8b0000,37.4 °C (ΔT: +1.7 °C),46.0 °C (Extreme Danger),Open 24/7 cooling centers,"🚨 EMERGENCY: Open 24/7 cooling centers, halt outdoor labor (11am-4pm), dispatch emergency water tankers to slum clusters, activate hospital heat-stroke protocols.",35.7,37.4,69.7,6.0,782.0,46.0,Extreme Danger,#8b0000,37.4 °C (ΔT: +1.7 °C),46.0 °C (Extreme Danger),Open 24/7 cooling centers,"🚨 EMERGENCY: Open 24/7 cooling centers, halt outdoor labor (11am-4pm), dispatch emergency water tankers to slum clusters, activate hospital heat-stroke protocols."
043E,Ward 043E (North East Delhi),East Delhi MCD,North East Delhi,28.6838,77.2506,3.51,2.41,0.083,0.89,29.1,38193,28.3,30.7,80.8,5.8,732.0,37.6,Moderate Risk,#fb8c00,30.7 °C (ΔT: +2.4 °C),37.6 °C (Moderate Risk),Enforce hydration breaks for outdoor workers,"⚠️ ADVISORY: Enforce hydration breaks for outdoor workers, distribute ORS at transit hubs, maintain continuous water supplies in high-density settlements.",29.6,32.0,81.9,2.9,637.0,39.7,Critical Heat,#e53935,32.0 °C (ΔT: +2.4 °C),39.7 °C (Critical Heat),Activate municipal misting fans,"🔥 CRITICAL: Activate municipal misting fans, set up ORS hydration booths, advise elderly/children to remain indoors, halt non-essential outdoor work.",31.7,34.1,73.6,7.2,730.0,41.5,Critical Heat,#e53935,34.1 °C (ΔT: +2.4 °C),41.5 °C (Critical Heat),Activate municipal misting fans,"🔥 CRITICAL: Activate municipal misting fans, set up ORS hydration booths, advise elderly/children to remain indoors, halt non-essential outdoor work.",33.2,35.6,65.5,9.1,764.0,42.6,Critical Heat,#e53935,35.6 °C (ΔT: +2.4 °C),42.6 °C (Critical Heat),Activate municipal misting fans,"🔥 CRITICAL: Activate municipal misting fans, set up ORS hydration booths, advise elderly/children to remain indoors, halt non-essential outdoor work.",34.9,37.3,56.2,9.4,779.0,43.9,Extreme Danger,#8b0000,37.3 °C (ΔT: +2.4 °C),43.9 °C (Extreme Danger),Open 24/7 cooling centers,"🚨 EMERGENCY: Open 24/7 cooling centers, halt outdoor labor (11am-4pm), dispatch emergency water tankers to slum clusters, activate hospital heat-stroke protocols.",34.9,37.3,71.6,6.9,779.0,46.0,Extreme Danger,#8b0000,37.3 °C (ΔT: +2.4 °C),46.0 °C (Extreme Danger),Open 24/7 cooling centers,"🚨 EMERGENCY: Open 24/7 cooling centers, halt outdoor labor (11am-4pm), dispatch emergency water tankers to slum clusters, activate hospital heat-stroke protocols.",34.9,37.3,71.6,6.9,779.0,46.0,Extreme Danger,#8b0000,37.3 °C (ΔT: +2.4 °C),46.0 °C (Extreme Danger),Open 24/7 cooling centers,"🚨 EMERGENCY: Open 24/7 cooling centers, halt outdoor labor (11am-4pm), dispatch emergency water tankers to slum clusters, activate hospital heat-stroke protocols."
042E,Ward 042E (North East Delhi),East Delhi MCD,North East Delhi,28.6799,77.2666,0.81,2.2,0.095,0.81,29.9,38268,28.3,30.5,80.8,5.8,732.0,37.3,Moderate Risk,#fb8c00,30.5 °C (ΔT: +2.2 °C),37.3 °C (Moderate Risk),Enforce hydration breaks for outdoor workers,"⚠️ ADVISORY: Enforce hydration breaks for outdoor workers, distribute ORS at transit hubs, maintain continuous water supplies in high-density settlements.",29.6,31.8,81.9,2.9,637.0,39.4,Critical Heat,#e53935,31.8 °C (ΔT: +2.2 °C),39.4 °C (Critical Heat),Activate municipal misting fans,"🔥 CRITICAL: Activate municipal misting fans, set up ORS hydration booths, advise elderly/children to remain indoors, halt non-essential outdoor work.",31.7,33.9,73.6,7.2,730.0,41.2,Critical Heat,#e53935,33.9 °C (ΔT: +2.2 °C),41.2 °C (Critical Heat),Activate municipal misting fans,"🔥 CRITICAL: Activate municipal misting fans, set up ORS hydration booths, advise elderly/children to remain indoors, halt non-essential outdoor work.",33.2,35.4,65.5,9.1,764.0,42.3,Critical Heat,#e53935,35.4 °C (ΔT: +2.2 °C),42.3 °C (Critical Heat),Activate municipal misting fans,"🔥 CRITICAL: Activate municipal misting fans, set up ORS hydration booths, advise elderly/children to remain indoors, halt non-essential outdoor work.",34.9,37.1,56.2,9.4,779.0,43.6,Extreme Danger,#8b0000,37.1 °C (ΔT: +2.2 °C),43.6 °C (Extreme Danger),Open 24/7 cooling centers,"🚨 EMERGENCY: Open 24/7 cooling centers, halt outdoor labor (11am-4pm), dispatch emergency water tankers to slum clusters, activate hospital heat-stroke protocols.",34.9,37.1,71.6,6.9,779.0,45.7,Extreme Danger,#8b0000,37.1 °C (ΔT: +2.2 °C),45.7 °C (Extreme Danger),Open 24/7 cooling centers,"🚨 EMERGENCY: Open 24/7 cooling centers, halt outdoor labor (11am-4pm), dispatch emergency water tankers to slum clusters, activate hospital heat-stroke protocols.",34.9,37.1,71.6,6.9,779.0,45.7,Extreme Danger,#8b0000,37.1 °C (ΔT: +2.2 °C),45.7 °C (Extreme Danger),Open 24/7 cooling centers,"🚨 EMERGENCY: Open 24/7 cooling centers, halt outdoor labor (11am-4pm), dispatch emergency water tankers to slum clusters, activate hospital heat-stroke protocols."
041E,Ward 041E (North East Delhi),East Delhi MCD,North East Delhi,28.6841,77.2711,0.35,2.16,0.127,0.86,29.0,38140,28.3,30.5,80.8,5.8,732.0,37.3,Moderate Risk,#fb8c00,30.5 °C (ΔT: +2.2 °C),37.3 °C (Moderate Risk),Enforce hydration breaks for outdoor workers,"⚠️ ADVISORY: Enforce hydration breaks for outdoor workers, distribute ORS at transit hubs, maintain continuous water supplies in high-density settlements.",29.6,31.8,81.9,2.9,637.0,39.4,Critical Heat,#e53935,31.8 °C (ΔT: +2.2 °C),39.4 °C (Critical Heat),Activate municipal misting fans,"🔥 CRITICAL: Activate municipal misting fans, set up ORS hydration booths, advise elderly/children to remain indoors, halt non-essential outdoor work.",31.7,33.9,73.6,7.2,730.0,41.2,Critical Heat,#e53935,33.9 °C (ΔT: +2.2 °C),41.2 °C (Critical Heat),Activate municipal misting fans,"🔥 CRITICAL: Activate municipal misting fans, set up ORS hydration booths, advise elderly/children to remain indoors, halt non-essential outdoor work.",33.2,35.4,65.5,9.1,764.0,42.3,Critical Heat,#e53935,35.4 °C (ΔT: +2.2 °C),42.3 °C (Critical Heat),Activate municipal misting fans,"🔥 CRITICAL: Activate municipal misting fans, set up ORS hydration booths, advise elderly/children to remain indoors, halt non-essential outdoor work.",34.9,37.1,56.2,9.4,779.0,43.6,Extreme Danger,#8b0000,37.1 °C (ΔT: +2.2 °C),43.6 °C (Extreme Danger),Open 24/7 cooling centers,"🚨 EMERGENCY: Open 24/7 cooling centers, halt outdoor labor (11am-4pm), dispatch emergency water tankers to slum clusters, activate hospital heat-stroke protocols.",34.9,37.1,71.6,6.9,779.0,45.7,Extreme Danger,#8b0000,37.1 °C (ΔT: +2.2 °C),45.7 °C (Extreme Danger),Open 24/7 cooling centers,"🚨 EMERGENCY: Open 24/7 cooling centers, halt outdoor labor (11am-4pm), dispatch emergency water tankers to slum clusters, activate hospital heat-stroke protocols.",34.9,37.1,71.6,6.9,779.0,45.7,Extreme Danger,#8b0000,37.1 °C (ΔT: +2.2 °C),45.7 °C (Extreme Danger),Open 24/7 cooling centers,"🚨 EMERGENCY: Open 24/7 cooling centers, halt outdoor labor (11am-4pm), dispatch emergency water tankers to slum clusters, activate hospital heat-stroke protocols."
040E,Ward 040E (North East Delhi),East Delhi MCD,North East Delhi,28.693,77.2746,0.92,2.32,0.065,0.86,27.5,36081,28.3,30.6,80.8,5.8,732.0,37.5,Moderate Risk,#fb8c00,30.6 °C (ΔT: +2.3 °C),37.5 °C (Moderate Risk),Enforce hydration breaks for outdoor workers,"⚠️ ADVISORY: Enforce hydration breaks for outdoor workers, distribute ORS at transit hubs, maintain continuous water supplies in high-density settlements.",29.6,31.9,81.9,2.9,637.0,39.6,Critical Heat,#e53935,31.9 °C (ΔT: +2.3 °C),39.6 °C (Critical Heat),Activate municipal misting fans,"🔥 CRITICAL: Activate municipal misting fans, set up ORS hydration booths, advise elderly/children to remain indoors, halt non-essential outdoor work.",31.7,34.0,73.6,7.2,730.0,41.3,Critical Heat,#e53935,34.0 °C (ΔT: +2.3 °C),41.3 °C (Critical Heat),Activate municipal misting fans,"🔥 CRITICAL: Activate municipal misting fans, set up ORS hydration booths, advise elderly/children to remain indoors, halt non-essential outdoor work.",33.2,35.5,65.5,9.1,764.0,42.5,Critical Heat,#e53935,35.5 °C (ΔT: +2.3 °C),42.5 °C (Critical Heat),Activate municipal misting fans,"🔥 CRITICAL: Activate municipal misting fans, set up ORS hydration booths, advise elderly/children to remain indoors, halt non-essential outdoor work.",34.9,37.2,56.2,9.4,779.0,43.8,Extreme Danger,#8b0000,37.2 °C (ΔT: +2.3 °C),43.8 °C (Extreme Danger),Open 24/7 cooling centers,"🚨 EMERGENCY: Open 24/7 cooling centers, halt outdoor labor (11am-4pm), dispatch emergency water tankers to slum clusters, activate hospital heat-stroke protocols.",34.9,37.2,71.6,6.9,779.0,45.8,Extreme Danger,#8b0000,37.2 °C (ΔT: +2.3 °C),45.8 °C (Extreme Danger),Open 24/7 cooling centers,"🚨 EMERGENCY: Open 24/7 cooling centers, halt outdoor labor (11am-4pm), dispatch emergency water tankers to slum clusters, activate hospital heat-stroke protocols.",34.9,37.2,71.6,6.9,779.0,45.8,Extreme Danger,#8b0000,37.2 °C (ΔT: +2.3 °C),45.8 °C (Extreme Danger),Open 24/7 cooling centers,"🚨 EMERGENCY: Open 24/7 cooling centers, halt outdoor labor (11am-4pm), dispatch emergency water tankers to slum clusters, activate hospital heat-stroke protocols."
048E,Ward 048E (North East Delhi),East Delhi MCD,North East Delhi,28.6996,77.2731,0.72,2.03,0.117,0.87,25.1,39039,28.3,30.3,80.8,5.8,732.0,37.1,Moderate Risk,#fb8c00,30.3 °C (ΔT: +2.0 °C),37.1 °C (Moderate Risk),Enforce hydration breaks for outdoor workers,"⚠️ ADVISORY: Enforce hydration breaks for outdoor workers, distribute ORS at transit hubs, maintain continuous water supplies in high-density settlements.",29.6,31.6,81.9,2.9,637.0,39.1,Critical Heat,#e53935,31.6 °C (ΔT: +2.0 °C),39.1 °C (Critical Heat),Activate municipal misting fans,"🔥 CRITICAL: Activate municipal misting fans, set up ORS hydration booths, advise elderly/children to remain indoors, halt non-essential outdoor work.",31.7,33.7,73.6,7.2,730.0,40.9,Critical Heat,#e53935,33.7 °C (ΔT: +2.0 °C),40.9 °C (Critical Heat),Activate municipal misting fans,"🔥 CRITICAL: Activate municipal misting fans, set up ORS hydration booths, advise elderly/children to remain indoors, halt non-essential outdoor work.",33.2,35.2,65.5,9.1,764.0,42.1,Critical Heat,#e53935,35.2 °C (ΔT: +2.0 °C),42.1 °C (Critical Heat),Activate municipal misting fans,"🔥 CRITICAL: Activate municipal misting fans, set up ORS hydration booths, advise elderly/children to remain indoors, halt non-essential outdoor work.",34.9,36.9,56.2,9.4,779.0,43.4,Extreme Danger,#8b0000,36.9 °C (ΔT: +2.0 °C),43.4 °C (Extreme Danger),Open 24/7 cooling centers,"🚨 EMERGENCY: Open 24/7 cooling centers, halt outdoor labor (11am-4pm), dispatch emergency water tankers to slum clusters, activate hospital heat-stroke protocols.",34.9,36.9,71.6,6.9,779.0,45.4,Extreme Danger,#8b0000,36.9 °C (ΔT: +2.0 °C),45.4 °C (Extreme Danger),Open 24/7 cooling centers,"🚨 EMERGENCY: Open 24/7 cooling centers, halt outdoor labor (11am-4pm), dispatch emergency water tankers to slum clusters, activate hospital heat-stroke protocols.",34.9,36.9,71.6,6.9,779.0,45.4,Extreme Danger,#8b0000,36.9 °C (ΔT: +2.0 °C),45.4 °C (Extreme Danger),Open 24/7 cooling centers,"🚨 EMERGENCY: Open 24/7 cooling centers, halt outdoor labor (11am-4pm), dispatch emergency water tankers to slum clusters, activate hospital heat-stroke protocols."
049E,Ward 049E (North East Delhi),East Delhi MCD,North East Delhi,28.7,77.2862,1.18,2.32,0.107,0.89,29.0,37750,28.3,30.6,80.8,5.8,732.0,37.5,Moderate Risk,#fb8c00,30.6 °C (ΔT: +2.3 °C),37.5 °C (Moderate Risk),Enforce hydration breaks for outdoor workers,"⚠️ ADVISORY: Enforce hydration breaks for outdoor workers, distribute ORS at transit hubs, maintain continuous water supplies in high-density settlements.",29.6,31.9,81.9,2.9,637.0,39.6,Critical Heat,#e53935,31.9 °C (ΔT: +2.3 °C),39.6 °C (Critical Heat),Activate municipal misting fans,"🔥 CRITICAL: Activate municipal misting fans, set up ORS hydration booths, advise elderly/children to remain indoors, halt non-essential outdoor work.",31.7,34.0,73.6,7.2,730.0,41.3,Critical Heat,#e53935,34.0 °C (ΔT: +2.3 °C),41.3 °C (Critical Heat),Activate municipal misting fans,"🔥 CRITICAL: Activate municipal misting fans, set up ORS hydration booths, advise elderly/children to remain indoors, halt non-essential outdoor work.",33.2,35.5,65.5,9.1,764.0,42.5,Critical Heat,#e53935,35.5 °C (ΔT: +2.3 °C),42.5 °C (Critical Heat),Activate municipal misting fans,"🔥 CRITICAL: Activate municipal misting fans, set up ORS hydration booths, advise elderly/children to remain indoors, halt non-essential outdoor work.",34.9,37.2,56.2,9.4,779.0,43.8,Extreme Danger,#8b0000,37.2 °C (ΔT: +2.3 °C),43.8 °C (Extreme Danger),Open 24/7 cooling centers,"🚨 EMERGENCY: Open 24/7 cooling centers, halt outdoor labor (11am-4pm), dispatch emergency water tankers to slum clusters, activate hospital heat-stroke protocols.",34.9,37.2,71.6,6.9,779.0,45.8,Extreme Danger,#8b0000,37.2 °C (ΔT: +2.3 °C),45.8 °C (Extreme Danger),Open 24/7 cooling centers,"🚨 EMERGENCY: Open 24/7 cooling centers, halt outdoor labor (11am-4pm), dispatch emergency water tankers to slum clusters, activate hospital heat-stroke protocols.",34.9,37.2,71.6,6.9,779.0,45.8,Extreme Danger,#8b0000,37.2 °C (ΔT: +2.3 °C),45.8 °C (Extreme Danger),Open 24/7 cooling centers,"🚨 EMERGENCY: Open 24/7 cooling centers, halt outdoor labor (11am-4pm), dispatch emergency water tankers to slum clusters, activate hospital heat-stroke protocols."
050E,Ward 050E (North East Delhi),East Delhi MCD,North East Delhi,28.6916,77.2864,0.76,2.01,0.099,0.86,23.9,33774,28.3,30.3,80.8,5.8,732.0,37.1,Moderate Risk,#fb8c00,30.3 °C (ΔT: +2.0 °C),37.1 °C (Moderate Risk),Enforce hydration breaks for outdoor workers,"⚠️ ADVISORY: Enforce hydration breaks for outdoor workers, distribute ORS at transit hubs, maintain continuous water supplies in high-density settlements.",29.6,31.6,81.9,2.9,637.0,39.1,Critical Heat,#e53935,31.6 °C (ΔT: +2.0 °C),39.1 °C (Critical Heat),Activate municipal misting fans,"🔥 CRITICAL: Activate municipal misting fans, set up ORS hydration booths, advise elderly/children to remain indoors, halt non-essential outdoor work.",31.7,33.7,73.6,7.2,730.0,40.9,Critical Heat,#e53935,33.7 °C (ΔT: +2.0 °C),40.9 °C (Critical Heat),Activate municipal misting fans,"🔥 CRITICAL: Activate municipal misting fans, set up ORS hydration booths, advise elderly/children to remain indoors, halt non-essential outdoor work.",33.2,35.2,65.5,9.1,764.0,42.1,Critical Heat,#e53935,35.2 °C (ΔT: +2.0 °C),42.1 °C (Critical Heat),Activate municipal misting fans,"🔥 CRITICAL: Activate municipal misting fans, set up ORS hydration booths, advise elderly/children to remain indoors, halt non-essential outdoor work.",34.9,36.9,56.2,9.4,779.0,43.4,Extreme Danger,#8b0000,36.9 °C (ΔT: +2.0 °C),43.4 °C (Extreme Danger),Open 24/7 cooling centers,"🚨 EMERGENCY: Open 24/7 cooling centers, halt outdoor labor (11am-4pm), dispatch emergency water tankers to slum clusters, activate hospital heat-stroke protocols.",34.9,36.9,71.6,6.9,779.0,45.4,Extreme Danger,#8b0000,36.9 °C (ΔT: +2.0 °C),45.4 °C (Extreme Danger),Open 24/7 cooling centers,"🚨 EMERGENCY: Open 24/7 cooling centers, halt outdoor labor (11am-4pm), dispatch emergency water tankers to slum clusters, activate hospital heat-stroke protocols.",34.9,36.9,71.6,6.9,779.0,45.4,Extreme Danger,#8b0000,36.9 °C (ΔT: +2.0 °C),45.4 °C (Extreme Danger),Open 24/7 cooling centers,"🚨 EMERGENCY: Open 24/7 cooling centers, halt outdoor labor (11am-4pm), dispatch emergency water tankers to slum clusters, activate hospital heat-stroke protocols."
051E,Ward 051E (North East Delhi),East Delhi MCD,North East Delhi,28.6883,77.2791,0.57,2.17,0.053,0.86,23.5,37225,28.3,30.5,80.8,5.8,732.0,37.3,Moderate Risk,#fb8c00,30.5 °C (ΔT: +2.2 °C),37.3 °C (Moderate Risk),Enforce hydration breaks for outdoor workers,"⚠️ ADVISORY: Enforce hydration breaks for outdoor workers, distribute ORS at transit hubs, maintain continuous water supplies in high-density settlements.",29.6,31.8,81.9,2.9,637.0,39.4,Critical Heat,#e53935,31.8 °C (ΔT: +2.2 °C),39.4 °C (Critical Heat),Activate municipal misting fans,"🔥 CRITICAL: Activate municipal misting fans, set up ORS hydration booths, advise elderly/children to remain indoors, halt non-essential outdoor work.",31.7,33.9,73.6,7.2,730.0,41.2,Critical Heat,#e53935,33.9 °C (ΔT: +2.2 °C),41.2 °C (Critical Heat),Activate municipal misting fans,"🔥 CRITICAL: Activate municipal misting fans, set up ORS hydration booths, advise elderly/children to remain indoors, halt non-essential outdoor work.",33.2,35.4,65.5,9.1,764.0,42.3,Critical Heat,#e53935,35.4 °C (ΔT: +2.2 °C),42.3 °C (Critical Heat),Activate municipal misting fans,"🔥 CRITICAL: Activate municipal misting fans, set up ORS hydration booths, advise elderly/children to remain indoors, halt non-essential outdoor work.",34.9,37.1,56.2,9.4,779.0,43.6,Extreme Danger,#8b0000,37.1 °C (ΔT: +2.2 °C),43.6 °C (Extreme Danger),Open 24/7 cooling centers,"🚨 EMERGENCY: Open 24/7 cooling centers, halt outdoor labor (11am-4pm), dispatch emergency water tankers to slum clusters, activate hospital heat-stroke protocols.",34.9,37.1,71.6,6.9,779.0,45.7,Extreme Danger,#8b0000,37.1 °C (ΔT: +2.2 °C),45.7 °C (Extreme Danger),Open 24/7 cooling centers,"🚨 EMERGENCY: Open 24/7 cooling centers, halt outdoor labor (11am-4pm), dispatch emergency water tankers to slum clusters, activate hospital heat-stroke protocols.",34.9,37.1,71.6,6.9,779.0,45.7,Extreme Danger,#8b0000,37.1 °C (ΔT: +2.2 °C),45.7 °C (Extreme Danger),Open 24/7 cooling centers,"🚨 EMERGENCY: Open 24/7 cooling centers, halt outdoor labor (11am-4pm), dispatch emergency water tankers to slum clusters, activate hospital heat-stroke protocols."
046E,Ward 046E (North East Delhi),East Delhi MCD,North East Delhi,28.6948,77.2658,0.54,2.45,0.078,0.9,28.9,39069,28.3,30.8,80.8,5.8,732.0,37.7,Moderate Risk,#fb8c00,30.8 °C (ΔT: +2.5 °C),37.7 °C (Moderate Risk),Enforce hydration breaks for outdoor workers,"⚠️ ADVISORY: Enforce hydration breaks for outdoor workers, distribute ORS at transit hubs, maintain continuous water supplies in high-density settlements.",29.6,32.1,81.9,2.9,637.0,39.8,Critical Heat,#e53935,32.1 °C (ΔT: +2.5 °C),39.8 °C (Critical Heat),Activate municipal misting fans,"🔥 CRITICAL: Activate municipal misting fans, set up ORS hydration booths, advise elderly/children to remain indoors, halt non-essential outdoor work.",31.7,34.1,73.6,7.2,730.0,41.5,Critical Heat,#e53935,34.1 °C (ΔT: +2.5 °C),41.5 °C (Critical Heat),Activate municipal misting fans,"🔥 CRITICAL: Activate municipal misting fans, set up ORS hydration booths, advise elderly/children to remain indoors, halt non-essential outdoor work.",33.2,35.7,65.5,9.1,764.0,42.7,Critical Heat,#e53935,35.7 °C (ΔT: +2.5 °C),42.7 °C (Critical Heat),Activate municipal misting fans,"🔥 CRITICAL: Activate municipal misting fans, set up ORS hydration booths, advise elderly/children to remain indoors, halt non-essential outdoor work.",34.9,37.4,56.2,9.4,779.0,44.1,Extreme Danger,#8b0000,37.4 °C (ΔT: +2.5 °C),44.1 °C (Extreme Danger),Open 24/7 cooling centers,"🚨 EMERGENCY: Open 24/7 cooling centers, halt outdoor labor (11am-4pm), dispatch emergency water tankers to slum clusters, activate hospital heat-stroke protocols.",34.9,37.4,71.6,6.9,779.0,46.1,Extreme Danger,#8b0000,37.4 °C (ΔT: +2.5 °C),46.1 °C (Extreme Danger),Open 24/7 cooling centers,"🚨 EMERGENCY: Open 24/7 cooling centers, halt outdoor labor (11am-4pm), dispatch emergency water tankers to slum clusters, activate hospital heat-stroke protocols.",34.9,37.4,71.6,6.9,779.0,46.1,Extreme Danger,#8b0000,37.4 °C (ΔT: +2.5 °C),46.1 °C (Extreme Danger),Open 24/7 cooling centers,"🚨 EMERGENCY: Open 24/7 cooling centers, halt outdoor labor (11am-4pm), dispatch emergency water tankers to slum clusters, activate hospital heat-stroke protocols."
047E,Ward 047E (North East Delhi),East Delhi MCD,North East Delhi,28.6907,77.253,1.2,2.44,0.071,0.87,29.8,33862,28.3,30.7,80.8,5.8,732.0,37.6,Moderate Risk,#fb8c00,30.7 °C (ΔT: +2.4 °C),37.6 °C (Moderate Risk),Enforce hydration breaks for outdoor workers,"⚠️ ADVISORY: Enforce hydration breaks for outdoor workers, distribute ORS at transit hubs, maintain continuous water supplies in high-density settlements.",29.6,32.0,81.9,2.9,637.0,39.7,Critical Heat,#e53935,32.0 °C (ΔT: +2.4 °C),39.7 °C (Critical Heat),Activate municipal misting fans,"🔥 CRITICAL: Activate municipal misting fans, set up ORS hydration booths, advise elderly/children to remain indoors, halt non-essential outdoor work.",31.7,34.1,73.6,7.2,730.0,41.5,Critical Heat,#e53935,34.1 °C (ΔT: +2.4 °C),41.5 °C (Critical Heat),Activate municipal misting fans,"🔥 CRITICAL: Activate municipal misting fans, set up ORS hydration booths, advise elderly/children to remain indoors, halt non-essential outdoor work.",33.2,35.6,65.5,9.1,764.0,42.6,Critical Heat,#e53935,35.6 °C (ΔT: +2.4 °C),42.6 °C (Critical Heat),Activate municipal misting fans,"🔥 CRITICAL: Activate municipal misting fans, set up ORS hydration booths, advise elderly/children to remain indoors, halt non-essential outdoor work.",34.9,37.3,56.2,9.4,779.0,43.9,Extreme Danger,#8b0000,37.3 °C (ΔT: +2.4 °C),43.9 °C (Extreme Danger),Open 24/7 cooling centers,"🚨 EMERGENCY: Open 24/7 cooling centers, halt outdoor labor (11am-4pm), dispatch emergency water tankers to slum clusters, activate hospital heat-stroke protocols.",34.9,37.3,71.6,6.9,779.0,46.0,Extreme Danger,#8b0000,37.3 °C (ΔT: +2.4 °C),46.0 °C (Extreme Danger),Open 24/7 cooling centers,"🚨 EMERGENCY: Open 24/7 cooling centers, halt outdoor labor (11am-4pm), dispatch emergency water tankers to slum clusters, activate hospital heat-stroke protocols.",34.9,37.3,71.6,6.9,779.0,46.0,Extreme Danger,#8b0000,37.3 °C (ΔT: +2.4 °C),46.0 °C (Extreme Danger),Open 24/7 cooling centers,"🚨 EMERGENCY: Open 24/7 cooling centers, halt outdoor labor (11am-4pm), dispatch emergency water tankers to slum clusters, activate hospital heat-stroke protocols."
044E,Ward 044E (North East Delhi),East Delhi MCD,North East Delhi,28.7018,77.2468,5.79,2.27,0.122,0.89,29.1,38431,28.3,30.6,80.8,5.8,732.0,37.5,Moderate Risk,#fb8c00,30.6 °C (ΔT: +2.3 °C),37.5 °C (Moderate Risk),Enforce hydration breaks for outdoor workers,"⚠️ ADVISORY: Enforce hydration breaks for outdoor workers, distribute ORS at transit hubs, maintain continuous water supplies in high-density settlements.",29.6,31.9,81.9,2.9,637.0,39.6,Critical Heat,#e53935,31.9 °C (ΔT: +2.3 °C),39.6 °C (Critical Heat),Activate municipal misting fans,"🔥 CRITICAL: Activate municipal misting fans, set up ORS hydration booths, advise elderly/children to remain indoors, halt non-essential outdoor work.",31.7,34.0,73.6,7.2,730.0,41.3,Critical Heat,#e53935,34.0 °C (ΔT: +2.3 °C),41.3 °C (Critical Heat),Activate municipal misting fans,"🔥 CRITICAL: Activate municipal misting fans, set up ORS hydration booths, advise elderly/children to remain indoors, halt non-essential outdoor work.",33.2,35.5,65.5,9.1,764.0,42.5,Critical Heat,#e53935,35.5 °C (ΔT: +2.3 °C),42.5 °C (Critical Heat),Activate municipal misting fans,"🔥 CRITICAL: Activate municipal misting fans, set up ORS hydration booths, advise elderly/children to remain indoors, halt non-essential outdoor work.",34.9,37.2,56.2,9.4,779.0,43.8,Extreme Danger,#8b0000,37.2 °C (ΔT: +2.3 °C),43.8 °C (Extreme Danger),Open 24/7 cooling centers,"🚨 EMERGENCY: Open 24/7 cooling centers, halt outdoor labor (11am-4pm), dispatch emergency water tankers to slum clusters, activate hospital heat-stroke protocols.",34.9,37.2,71.6,6.9,779.0,45.8,Extreme Danger,#8b0000,37.2 °C (ΔT: +2.3 °C),45.8 °C (Extreme Danger),Open 24/7 cooling centers,"🚨 EMERGENCY: Open 24/7 cooling centers, halt outdoor labor (11am-4pm), dispatch emergency water tankers to slum clusters, activate hospital heat-stroke protocols.",34.9,37.2,71.6,6.9,779.0,45.8,Extreme Danger,#8b0000,37.2 °C (ΔT: +2.3 °C),45.8 °C (Extreme Danger),Open 24/7 cooling centers,"🚨 EMERGENCY: Open 24/7 cooling centers, halt outdoor labor (11am-4pm), dispatch emergency water tankers to slum clusters, activate hospital heat-stroke protocols."
045E,Ward 045E (North East Delhi),East Delhi MCD,North East Delhi,28.7044,77.2711,1.35,2.26,0.115,0.9,27.9,36177,28.3,30.6,80.8,5.8,732.0,37.5,Moderate Risk,#fb8c00,30.6 °C (ΔT: +2.3 °C),37.5 °C (Moderate Risk),Enforce hydration breaks for outdoor workers,"⚠️ ADVISORY: Enforce hydration breaks for outdoor workers, distribute ORS at transit hubs, maintain continuous water supplies in high-density settlements.",29.6,31.9,81.9,2.9,637.0,39.6,Critical Heat,#e53935,31.9 °C (ΔT: +2.3 °C),39.6 °C (Critical Heat),Activate municipal misting fans,"🔥 CRITICAL: Activate municipal misting fans, set up ORS hydration booths, advise elderly/children to remain indoors, halt non-essential outdoor work.",31.7,34.0,73.6,7.2,730.0,41.3,Critical Heat,#e53935,34.0 °C (ΔT: +2.3 °C),41.3 °C (Critical Heat),Activate municipal misting fans,"🔥 CRITICAL: Activate municipal misting fans, set up ORS hydration booths, advise elderly/children to remain indoors, halt non-essential outdoor work.",33.2,35.5,65.5,9.1,764.0,42.5,Critical Heat,#e53935,35.5 °C (ΔT: +2.3 °C),42.5 °C (Critical Heat),Activate municipal misting fans,"🔥 CRITICAL: Activate municipal misting fans, set up ORS hydration booths, advise elderly/children to remain indoors, halt non-essential outdoor work.",34.9,37.2,56.2,9.4,779.0,43.8,Extreme Danger,#8b0000,37.2 °C (ΔT: +2.3 °C),43.8 °C (Extreme Danger),Open 24/7 cooling centers,"🚨 EMERGENCY: Open 24/7 cooling centers, halt outdoor labor (11am-4pm), dispatch emergency water tankers to slum clusters, activate hospital heat-stroke protocols.",34.9,37.2,71.6,6.9,779.0,45.8,Extreme Danger,#8b0000,37.2 °C (ΔT: +2.3 °C),45.8 °C (Extreme Danger),Open 24/7 cooling centers,"🚨 EMERGENCY: Open 24/7 cooling centers, halt outdoor labor (11am-4pm), dispatch emergency water tankers to slum clusters, activate hospital heat-stroke protocols.",34.9,37.2,71.6,6.9,779.0,45.8,Extreme Danger,#8b0000,37.2 °C (ΔT: +2.3 °C),45.8 °C (Extreme Danger),Open 24/7 cooling centers,"🚨 EMERGENCY: Open 24/7 cooling centers, halt outdoor labor (11am-4pm), dispatch emergency water tankers to slum clusters, activate hospital heat-stroke protocols."
064E,Ward 064E (North East Delhi),East Delhi MCD,North East Delhi,28.7208,77.2446,3.46,2.16,0.123,0.86,28.6,33983,28.3,30.5,80.8,5.8,732.0,37.3,Moderate Risk,#fb8c00,30.5 °C (ΔT: +2.2 °C),37.3 °C (Moderate Risk),Enforce hydration breaks for outdoor workers,"⚠️ ADVISORY: Enforce hydration breaks for outdoor workers, distribute ORS at transit hubs, maintain continuous water supplies in high-density settlements.",29.6,31.8,81.9,2.9,637.0,39.4,Critical Heat,#e53935,31.8 °C (ΔT: +2.2 °C),39.4 °C (Critical Heat),Activate municipal misting fans,"🔥 CRITICAL: Activate municipal misting fans, set up ORS hydration booths, advise elderly/children to remain indoors, halt non-essential outdoor work.",31.7,33.9,73.6,7.2,730.0,41.2,Critical Heat,#e53935,33.9 °C (ΔT: +2.2 °C),41.2 °C (Critical Heat),Activate municipal misting fans,"🔥 CRITICAL: Activate municipal misting fans, set up ORS hydration booths, advise elderly/children to remain indoors, halt non-essential outdoor work.",33.2,35.4,65.5,9.1,764.0,42.3,Critical Heat,#e53935,35.4 °C (ΔT: +2.2 °C),42.3 °C (Critical Heat),Activate municipal misting fans,"🔥 CRITICAL: Activate municipal misting fans, set up ORS hydration booths, advise elderly/children to remain indoors, halt non-essential outdoor work.",34.9,37.1,56.2,9.4,779.0,43.6,Extreme Danger,#8b0000,37.1 °C (ΔT: +2.2 °C),43.6 °C (Extreme Danger),Open 24/7 cooling centers,"🚨 EMERGENCY: Open 24/7 cooling centers, halt outdoor labor (11am-4pm), dispatch emergency water tankers to slum clusters, activate hospital heat-stroke protocols.",34.9,37.1,71.6,6.9,779.0,45.7,Extreme Danger,#8b0000,37.1 °C (ΔT: +2.2 °C),45.7 °C (Extreme Danger),Open 24/7 cooling centers,"🚨 EMERGENCY: Open 24/7 cooling centers, halt outdoor labor (11am-4pm), dispatch emergency water tankers to slum clusters, activate hospital heat-stroke protocols.",34.9,37.1,71.6,6.9,779.0,45.7,Extreme Danger,#8b0000,37.1 °C (ΔT: +2.2 °C),45.7 °C (Extreme Danger),Open 24/7 cooling centers,"🚨 EMERGENCY: Open 24/7 cooling centers, halt outdoor labor (11am-4pm), dispatch emergency water tankers to slum clusters, activate hospital heat-stroke protocols."
060E,Ward 060E (North East Delhi),East Delhi MCD,North East Delhi,28.7467,77.2437,7.97,2.23,0.123,0.89,28.5,35574,28.3,30.5,80.8,5.8,732.0,37.3,Moderate Risk,#fb8c00,30.5 °C (ΔT: +2.2 °C),37.3 °C (Moderate Risk),Enforce hydration breaks for outdoor workers,"⚠️ ADVISORY: Enforce hydration breaks for outdoor workers, distribute ORS at transit hubs, maintain continuous water supplies in high-density settlements.",29.6,31.8,81.9,2.9,637.0,39.4,Critical Heat,#e53935,31.8 °C (ΔT: +2.2 °C),39.4 °C (Critical Heat),Activate municipal misting fans,"🔥 CRITICAL: Activate municipal misting fans, set up ORS hydration booths, advise elderly/children to remain indoors, halt non-essential outdoor work.",31.7,33.9,73.6,7.2,730.0,41.2,Critical Heat,#e53935,33.9 °C (ΔT: +2.2 °C),41.2 °C (Critical Heat),Activate municipal misting fans,"🔥 CRITICAL: Activate municipal misting fans, set up ORS hydration booths, advise elderly/children to remain indoors, halt non-essential outdoor work.",33.2,35.4,65.5,9.1,764.0,42.3,Critical Heat,#e53935,35.4 °C (ΔT: +2.2 °C),42.3 °C (Critical Heat),Activate municipal misting fans,"🔥 CRITICAL: Activate municipal misting fans, set up ORS hydration booths, advise elderly/children to remain indoors, halt non-essential outdoor work.",34.9,37.1,56.2,9.4,779.0,43.6,Extreme Danger,#8b0000,37.1 °C (ΔT: +2.2 °C),43.6 °C (Extreme Danger),Open 24/7 cooling centers,"🚨 EMERGENCY: Open 24/7 cooling centers, halt outdoor labor (11am-4pm), dispatch emergency water tankers to slum clusters, activate hospital heat-stroke protocols.",34.9,37.1,71.6,6.9,779.0,45.7,Extreme Danger,#8b0000,37.1 °C (ΔT: +2.2 °C),45.7 °C (Extreme Danger),Open 24/7 cooling centers,"🚨 EMERGENCY: Open 24/7 cooling centers, halt outdoor labor (11am-4pm), dispatch emergency water tankers to slum clusters, activate hospital heat-stroke protocols.",34.9,37.1,71.6,6.9,779.0,45.7,Extreme Danger,#8b0000,37.1 °C (ΔT: +2.2 °C),45.7 °C (Extreme Danger),Open 24/7 cooling centers,"🚨 EMERGENCY: Open 24/7 cooling centers, halt outdoor labor (11am-4pm), dispatch emergency water tankers to slum clusters, activate hospital heat-stroke protocols."
062E,Ward 062E (North East Delhi),East Delhi MCD,North East Delhi,28.7266,77.2584,2.87,2.22,0.108,0.86,28.7,36301,28.3,30.5,80.8,5.8,732.0,37.3,Moderate Risk,#fb8c00,30.5 °C (ΔT: +2.2 °C),37.3 °C (Moderate Risk),Enforce hydration breaks for outdoor workers,"⚠️ ADVISORY: Enforce hydration breaks for outdoor workers, distribute ORS at transit hubs, maintain continuous water supplies in high-density settlements.",29.6,31.8,81.9,2.9,637.0,39.4,Critical Heat,#e53935,31.8 °C (ΔT: +2.2 °C),39.4 °C (Critical Heat),Activate municipal misting fans,"🔥 CRITICAL: Activate municipal misting fans, set up ORS hydration booths, advise elderly/children to remain indoors, halt non-essential outdoor work.",31.7,33.9,73.6,7.2,730.0,41.2,Critical Heat,#e53935,33.9 °C (ΔT: +2.2 °C),41.2 °C (Critical Heat),Activate municipal misting fans,"🔥 CRITICAL: Activate municipal misting fans, set up ORS hydration booths, advise elderly/children to remain indoors, halt non-essential outdoor work.",33.2,35.4,65.5,9.1,764.0,42.3,Critical Heat,#e53935,35.4 °C (ΔT: +2.2 °C),42.3 °C (Critical Heat),Activate municipal misting fans,"🔥 CRITICAL: Activate municipal misting fans, set up ORS hydration booths, advise elderly/children to remain indoors, halt non-essential outdoor work.",34.9,37.1,56.2,9.4,779.0,43.6,Extreme Danger,#8b0000,37.1 °C (ΔT: +2.2 °C),43.6 °C (Extreme Danger),Open 24/7 cooling centers,"🚨 EMERGENCY: Open 24/7 cooling centers, halt outdoor labor (11am-4pm), dispatch emergency water tankers to slum clusters, activate hospital heat-stroke protocols.",34.9,37.1,71.6,6.9,779.0,45.7,Extreme Danger,#8b0000,37.1 °C (ΔT: +2.2 °C),45.7 °C (Extreme Danger),Open 24/7 cooling centers,"🚨 EMERGENCY: Open 24/7 cooling centers, halt outdoor labor (11am-4pm), dispatch emergency water tankers to slum clusters, activate hospital heat-stroke protocols.",34.9,37.1,71.6,6.9,779.0,45.7,Extreme Danger,#8b0000,37.1 °C (ΔT: +2.2 °C),45.7 °C (Extreme Danger),Open 24/7 cooling centers,"🚨 EMERGENCY: Open 24/7 cooling centers, halt outdoor labor (11am-4pm), dispatch emergency water tankers to slum clusters, activate hospital heat-stroke protocols."
061E,Ward 061E (North East Delhi),East Delhi MCD,North East Delhi,28.7354,77.2671,1.04,2.49,0.076,0.9,29.5,38052,28.3,30.8,80.8,5.8,732.0,37.7,Moderate Risk,#fb8c00,30.8 °C (ΔT: +2.5 °C),37.7 °C (Moderate Risk),Enforce hydration breaks for outdoor workers,"⚠️ ADVISORY: Enforce hydration breaks for outdoor workers, distribute ORS at transit hubs, maintain continuous water supplies in high-density settlements.",29.6,32.1,81.9,2.9,637.0,39.8,Critical Heat,#e53935,32.1 °C (ΔT: +2.5 °C),39.8 °C (Critical Heat),Activate municipal misting fans,"🔥 CRITICAL: Activate municipal misting fans, set up ORS hydration booths, advise elderly/children to remain indoors, halt non-essential outdoor work.",31.7,34.2,73.6,7.2,730.0,41.6,Critical Heat,#e53935,34.2 °C (ΔT: +2.5 °C),41.6 °C (Critical Heat),Activate municipal misting fans,"🔥 CRITICAL: Activate municipal misting fans, set up ORS hydration booths, advise elderly/children to remain indoors, halt non-essential outdoor work.",33.2,35.7,65.5,9.1,764.0,42.7,Critical Heat,#e53935,35.7 °C (ΔT: +2.5 °C),42.7 °C (Critical Heat),Activate municipal misting fans,"🔥 CRITICAL: Activate municipal misting fans, set up ORS hydration booths, advise elderly/children to remain indoors, halt non-essential outdoor work.",34.9,37.4,56.2,9.4,779.0,44.1,Extreme Danger,#8b0000,37.4 °C (ΔT: +2.5 °C),44.1 °C (Extreme Danger),Open 24/7 cooling centers,"🚨 EMERGENCY: Open 24/7 cooling centers, halt outdoor labor (11am-4pm), dispatch emergency water tankers to slum clusters, activate hospital heat-stroke protocols.",34.9,37.4,71.6,6.9,779.0,46.1,Extreme Danger,#8b0000,37.4 °C (ΔT: +2.5 °C),46.1 °C (Extreme Danger),Open 24/7 cooling centers,"🚨 EMERGENCY: Open 24/7 cooling centers, halt outdoor labor (11am-4pm), dispatch emergency water tankers to slum clusters, activate hospital heat-stroke protocols.",34.9,37.4,71.6,6.9,779.0,46.1,Extreme Danger,#8b0000,37.4 °C (ΔT: +2.5 °C),46.1 °C (Extreme Danger),Open 24/7 cooling centers,"🚨 EMERGENCY: Open 24/7 cooling centers, halt outdoor labor (11am-4pm), dispatch emergency water tankers to slum clusters, activate hospital heat-stroke protocols."
063E,Ward 063E (North East Delhi),East Delhi MCD,North East Delhi,28.7111,77.2624,0.7,2.11,0.094,0.89,23.9,36984,28.3,30.4,80.8,5.8,732.0,37.2,Moderate Risk,#fb8c00,30.4 °C (ΔT: +2.1 °C),37.2 °C (Moderate Risk),Enforce hydration breaks for outdoor workers,"⚠️ ADVISORY: Enforce hydration breaks for outdoor workers, distribute ORS at transit hubs, maintain continuous water supplies in high-density settlements.",29.6,31.7,81.9,2.9,637.0,39.3,Critical Heat,#e53935,31.7 °C (ΔT: +2.1 °C),39.3 °C (Critical Heat),Activate municipal misting fans,"🔥 CRITICAL: Activate municipal misting fans, set up ORS hydration booths, advise elderly/children to remain indoors, halt non-essential outdoor work.",31.7,33.8,73.6,7.2,730.0,41.1,Critical Heat,#e53935,33.8 °C (ΔT: +2.1 °C),41.1 °C (Critical Heat),Activate municipal misting fans,"🔥 CRITICAL: Activate municipal misting fans, set up ORS hydration booths, advise elderly/children to remain indoors, halt non-essential outdoor work.",33.2,35.3,65.5,9.1,764.0,42.2,Critical Heat,#e53935,35.3 °C (ΔT: +2.1 °C),42.2 °C (Critical Heat),Activate municipal misting fans,"🔥 CRITICAL: Activate municipal misting fans, set up ORS hydration booths, advise elderly/children to remain indoors, halt non-essential outdoor work.",34.9,37.0,56.2,9.4,779.0,43.5,Extreme Danger,#8b0000,37.0 °C (ΔT: +2.1 °C),43.5 °C (Extreme Danger),Open 24/7 cooling centers,"🚨 EMERGENCY: Open 24/7 cooling centers, halt outdoor labor (11am-4pm), dispatch emergency water tankers to slum clusters, activate hospital heat-stroke protocols.",34.9,37.0,71.6,6.9,779.0,45.6,Extreme Danger,#8b0000,37.0 °C (ΔT: +2.1 °C),45.6 °C (Extreme Danger),Open 24/7 cooling centers,"🚨 EMERGENCY: Open 24/7 cooling centers, halt outdoor labor (11am-4pm), dispatch emergency water tankers to slum clusters, activate hospital heat-stroke protocols.",34.9,37.0,71.6,6.9,779.0,45.6,Extreme Danger,#8b0000,37.0 °C (ΔT: +2.1 °C),45.6 °C (Extreme Danger),Open 24/7 cooling centers,"🚨 EMERGENCY: Open 24/7 cooling centers, halt outdoor labor (11am-4pm), dispatch emergency water tankers to slum clusters, activate hospital heat-stroke protocols."
059E,Ward 059E (North East Delhi),East Delhi MCD,North East Delhi,28.7151,77.2673,0.84,2.4,0.071,0.88,28.5,36989,28.3,30.7,80.8,5.8,732.0,37.6,Moderate Risk,#fb8c00,30.7 °C (ΔT: +2.4 °C),37.6 °C (Moderate Risk),Enforce hydration breaks for outdoor workers,"⚠️ ADVISORY: Enforce hydration breaks for outdoor workers, distribute ORS at transit hubs, maintain continuous water supplies in high-density settlements.",29.6,32.0,81.9,2.9,637.0,39.7,Critical Heat,#e53935,32.0 °C (ΔT: +2.4 °C),39.7 °C (Critical Heat),Activate municipal misting fans,"🔥 CRITICAL: Activate municipal misting fans, set up ORS hydration booths, advise elderly/children to remain indoors, halt non-essential outdoor work.",31.7,34.1,73.6,7.2,730.0,41.5,Critical Heat,#e53935,34.1 °C (ΔT: +2.4 °C),41.5 °C (Critical Heat),Activate municipal misting fans,"🔥 CRITICAL: Activate municipal misting fans, set up ORS hydration booths, advise elderly/children to remain indoors, halt non-essential outdoor work.",33.2,35.6,65.5,9.1,764.0,42.6,Critical Heat,#e53935,35.6 °C (ΔT: +2.4 °C),42.6 °C (Critical Heat),Activate municipal misting fans,"🔥 CRITICAL: Activate municipal misting fans, set up ORS hydration booths, advise elderly/children to remain indoors, halt non-essential outdoor work.",34.9,37.3,56.2,9.4,779.0,43.9,Extreme Danger,#8b0000,37.3 °C (ΔT: +2.4 °C),43.9 °C (Extreme Danger),Open 24/7 cooling centers,"🚨 EMERGENCY: Open 24/7 cooling centers, halt outdoor labor (11am-4pm), dispatch emergency water tankers to slum clusters, activate hospital heat-stroke protocols.",34.9,37.3,71.6,6.9,779.0,46.0,Extreme Danger,#8b0000,37.3 °C (ΔT: +2.4 °C),46.0 °C (Extreme Danger),Open 24/7 cooling centers,"🚨 EMERGENCY: Open 24/7 cooling centers, halt outdoor labor (11am-4pm), dispatch emergency water tankers to slum clusters, activate hospital heat-stroke protocols.",34.9,37.3,71.6,6.9,779.0,46.0,Extreme Danger,#8b0000,37.3 °C (ΔT: +2.4 °C),46.0 °C (Extreme Danger),Open 24/7 cooling centers,"🚨 EMERGENCY: Open 24/7 cooling centers, halt outdoor labor (11am-4pm), dispatch emergency water tankers to slum clusters, activate hospital heat-stroke protocols."
057E,Ward 057E (North East Delhi),East Delhi MCD,North East Delhi,28.725,77.2718,1.25,2.06,0.128,0.84,28.0,37256,28.3,30.4,80.8,5.8,732.0,37.2,Moderate Risk,#fb8c00,30.4 °C (ΔT: +2.1 °C),37.2 °C (Moderate Risk),Enforce hydration breaks for outdoor workers,"⚠️ ADVISORY: Enforce hydration breaks for outdoor workers, distribute ORS at transit hubs, maintain continuous water supplies in high-density settlements.",29.6,31.7,81.9,2.9,637.0,39.3,Critical Heat,#e53935,31.7 °C (ΔT: +2.1 °C),39.3 °C (Critical Heat),Activate municipal misting fans,"🔥 CRITICAL: Activate municipal misting fans, set up ORS hydration booths, advise elderly/children to remain indoors, halt non-essential outdoor work.",31.7,33.8,73.6,7.2,730.0,41.1,Critical Heat,#e53935,33.8 °C (ΔT: +2.1 °C),41.1 °C (Critical Heat),Activate municipal misting fans,"🔥 CRITICAL: Activate municipal misting fans, set up ORS hydration booths, advise elderly/children to remain indoors, halt non-essential outdoor work.",33.2,35.3,65.5,9.1,764.0,42.2,Critical Heat,#e53935,35.3 °C (ΔT: +2.1 °C),42.2 °C (Critical Heat),Activate municipal misting fans,"🔥 CRITICAL: Activate municipal misting fans, set up ORS hydration booths, advise elderly/children to remain indoors, halt non-essential outdoor work.",34.9,37.0,56.2,9.4,779.0,43.5,Extreme Danger,#8b0000,37.0 °C (ΔT: +2.1 °C),43.5 °C (Extreme Danger),Open 24/7 cooling centers,"🚨 EMERGENCY: Open 24/7 cooling centers, halt outdoor labor (11am-4pm), dispatch emergency water tankers to slum clusters, activate hospital heat-stroke protocols.",34.9,37.0,71.6,6.9,779.0,45.6,Extreme Danger,#8b0000,37.0 °C (ΔT: +2.1 °C),45.6 °C (Extreme Danger),Open 24/7 cooling centers,"🚨 EMERGENCY: Open 24/7 cooling centers, halt outdoor labor (11am-4pm), dispatch emergency water tankers to slum clusters, activate hospital heat-stroke protocols.",34.9,37.0,71.6,6.9,779.0,45.6,Extreme Danger,#8b0000,37.0 °C (ΔT: +2.1 °C),45.6 °C (Extreme Danger),Open 24/7 cooling centers,"🚨 EMERGENCY: Open 24/7 cooling centers, halt outdoor labor (11am-4pm), dispatch emergency water tankers to slum clusters, activate hospital heat-stroke protocols."
056E,Ward 056E (North East Delhi),East Delhi MCD,North East Delhi,28.7308,77.2785,1.31,2.26,0.078,0.87,26.7,37935,28.3,30.6,80.8,5.8,732.0,37.5,Moderate Risk,#fb8c00,30.6 °C (ΔT: +2.3 °C),37.5 °C (Moderate Risk),Enforce hydration breaks for outdoor workers,"⚠️ ADVISORY: Enforce hydration breaks for outdoor workers, distribute ORS at transit hubs, maintain continuous water supplies in high-density settlements.",29.6,31.9,81.9,2.9,637.0,39.6,Critical Heat,#e53935,31.9 °C (ΔT: +2.3 °C),39.6 °C (Critical Heat),Activate municipal misting fans,"🔥 CRITICAL: Activate municipal misting fans, set up ORS hydration booths, advise elderly/children to remain indoors, halt non-essential outdoor work.",31.7,34.0,73.6,7.2,730.0,41.3,Critical Heat,#e53935,34.0 °C (ΔT: +2.3 °C),41.3 °C (Critical Heat),Activate municipal misting fans,"🔥 CRITICAL: Activate municipal misting fans, set up ORS hydration booths, advise elderly/children to remain indoors, halt non-essential outdoor work.",33.2,35.5,65.5,9.1,764.0,42.5,Critical Heat,#e53935,35.5 °C (ΔT: +2.3 °C),42.5 °C (Critical Heat),Activate municipal misting fans,"🔥 CRITICAL: Activate municipal misting fans, set up ORS hydration booths, advise elderly/children to remain indoors, halt non-essential outdoor work.",34.9,37.2,56.2,9.4,779.0,43.8,Extreme Danger,#8b0000,37.2 °C (ΔT: +2.3 °C),43.8 °C (Extreme Danger),Open 24/7 cooling centers,"🚨 EMERGENCY: Open 24/7 cooling centers, halt outdoor labor (11am-4pm), dispatch emergency water tankers to slum clusters, activate hospital heat-stroke protocols.",34.9,37.2,71.6,6.9,779.0,45.8,Extreme Danger,#8b0000,37.2 °C (ΔT: +2.3 °C),45.8 °C (Extreme Danger),Open 24/7 cooling centers,"🚨 EMERGENCY: Open 24/7 cooling centers, halt outdoor labor (11am-4pm), dispatch emergency water tankers to slum clusters, activate hospital heat-stroke protocols.",34.9,37.2,71.6,6.9,779.0,45.8,Extreme Danger,#8b0000,37.2 °C (ΔT: +2.3 °C),45.8 °C (Extreme Danger),Open 24/7 cooling centers,"🚨 EMERGENCY: Open 24/7 cooling centers, halt outdoor labor (11am-4pm), dispatch emergency water tankers to slum clusters, activate hospital heat-stroke protocols."
058E,Ward 058E (North East Delhi),East Delhi MCD,North East Delhi,28.7142,77.2741,0.71,2.35,0.074,0.88,27.6,35032,28.3,30.7,80.8,5.8,732.0,37.6,Moderate Risk,#fb8c00,30.7 °C (ΔT: +2.4 °C),37.6 °C (Moderate Risk),Enforce hydration breaks for outdoor workers,"⚠️ ADVISORY: Enforce hydration breaks for outdoor workers, distribute ORS at transit hubs, maintain continuous water supplies in high-density settlements.",29.6,32.0,81.9,2.9,637.0,39.7,Critical Heat,#e53935,32.0 °C (ΔT: +2.4 °C),39.7 °C (Critical Heat),Activate municipal misting fans,"🔥 CRITICAL: Activate municipal misting fans, set up ORS hydration booths, advise elderly/children to remain indoors, halt non-essential outdoor work.",31.7,34.0,73.6,7.2,730.0,41.3,Critical Heat,#e53935,34.0 °C (ΔT: +2.4 °C),41.3 °C (Critical Heat),Activate municipal misting fans,"🔥 CRITICAL: Activate municipal misting fans, set up ORS hydration booths, advise elderly/children to remain indoors, halt non-essential outdoor work.",33.2,35.6,65.5,9.1,764.0,42.6,Critical Heat,#e53935,35.6 °C (ΔT: +2.4 °C),42.6 °C (Critical Heat),Activate municipal misting fans,"🔥 CRITICAL: Activate municipal misting fans, set up ORS hydration booths, advise elderly/children to remain indoors, halt non-essential outdoor work.",34.9,37.2,56.2,9.4,779.0,43.8,Extreme Danger,#8b0000,37.2 °C (ΔT: +2.4 °C),43.8 °C (Extreme Danger),Open 24/7 cooling centers,"🚨 EMERGENCY: Open 24/7 cooling centers, halt outdoor labor (11am-4pm), dispatch emergency water tankers to slum clusters, activate hospital heat-stroke protocols.",34.9,37.2,71.6,6.9,779.0,45.8,Extreme Danger,#8b0000,37.2 °C (ΔT: +2.4 °C),45.8 °C (Extreme Danger),Open 24/7 cooling centers,"🚨 EMERGENCY: Open 24/7 cooling centers, halt outdoor labor (11am-4pm), dispatch emergency water tankers to slum clusters, activate hospital heat-stroke protocols.",34.9,37.2,71.6,6.9,779.0,45.8,Extreme Danger,#8b0000,37.2 °C (ΔT: +2.4 °C),45.8 °C (Extreme Danger),Open 24/7 cooling centers,"🚨 EMERGENCY: Open 24/7 cooling centers, halt outdoor labor (11am-4pm), dispatch emergency water tankers to slum clusters, activate hospital heat-stroke protocols."
052E,Ward 052E (North East Delhi),East Delhi MCD,North East Delhi,28.7202,77.2833,1.21,2.39,0.058,0.83,29.8,38870,28.3,30.7,80.8,5.8,732.0,37.6,Moderate Risk,#fb8c00,30.7 °C (ΔT: +2.4 °C),37.6 °C (Moderate Risk),Enforce hydration breaks for outdoor workers,"⚠️ ADVISORY: Enforce hydration breaks for outdoor workers, distribute ORS at transit hubs, maintain continuous water supplies in high-density settlements.",29.6,32.0,81.9,2.9,637.0,39.7,Critical Heat,#e53935,32.0 °C (ΔT: +2.4 °C),39.7 °C (Critical Heat),Activate municipal misting fans,"🔥 CRITICAL: Activate municipal misting fans, set up ORS hydration booths, advise elderly/children to remain indoors, halt non-essential outdoor work.",31.7,34.1,73.6,7.2,730.0,41.5,Critical Heat,#e53935,34.1 °C (ΔT: +2.4 °C),41.5 °C (Critical Heat),Activate municipal misting fans,"🔥 CRITICAL: Activate municipal misting fans, set up ORS hydration booths, advise elderly/children to remain indoors, halt non-essential outdoor work.",33.2,35.6,65.5,9.1,764.0,42.6,Critical Heat,#e53935,35.6 °C (ΔT: +2.4 °C),42.6 °C (Critical Heat),Activate municipal misting fans,"🔥 CRITICAL: Activate municipal misting fans, set up ORS hydration booths, advise elderly/children to remain indoors, halt non-essential outdoor work.",34.9,37.3,56.2,9.4,779.0,43.9,Extreme Danger,#8b0000,37.3 °C (ΔT: +2.4 °C),43.9 °C (Extreme Danger),Open 24/7 cooling centers,"🚨 EMERGENCY: Open 24/7 cooling centers, halt outdoor labor (11am-4pm), dispatch emergency water tankers to slum clusters, activate hospital heat-stroke protocols.",34.9,37.3,71.6,6.9,779.0,46.0,Extreme Danger,#8b0000,37.3 °C (ΔT: +2.4 °C),46.0 °C (Extreme Danger),Open 24/7 cooling centers,"🚨 EMERGENCY: Open 24/7 cooling centers, halt outdoor labor (11am-4pm), dispatch emergency water tankers to slum clusters, activate hospital heat-stroke protocols.",34.9,37.3,71.6,6.9,779.0,46.0,Extreme Danger,#8b0000,37.3 °C (ΔT: +2.4 °C),46.0 °C (Extreme Danger),Open 24/7 cooling centers,"🚨 EMERGENCY: Open 24/7 cooling centers, halt outdoor labor (11am-4pm), dispatch emergency water tankers to slum clusters, activate hospital heat-stroke protocols."
053E,Ward 053E (North East Delhi),East Delhi MCD,North East Delhi,28.7095,77.2848,1.35,2.44,0.079,0.88,29.8,37152,28.3,30.7,80.8,5.8,732.0,37.6,Moderate Risk,#fb8c00,30.7 °C (ΔT: +2.4 °C),37.6 °C (Moderate Risk),Enforce hydration breaks for outdoor workers,"⚠️ ADVISORY: Enforce hydration breaks for outdoor workers, distribute ORS at transit hubs, maintain continuous water supplies in high-density settlements.",29.6,32.0,81.9,2.9,637.0,39.7,Critical Heat,#e53935,32.0 °C (ΔT: +2.4 °C),39.7 °C (Critical Heat),Activate municipal misting fans,"🔥 CRITICAL: Activate municipal misting fans, set up ORS hydration booths, advise elderly/children to remain indoors, halt non-essential outdoor work.",31.7,34.1,73.6,7.2,730.0,41.5,Critical Heat,#e53935,34.1 °C (ΔT: +2.4 °C),41.5 °C (Critical Heat),Activate municipal misting fans,"🔥 CRITICAL: Activate municipal misting fans, set up ORS hydration booths, advise elderly/children to remain indoors, halt non-essential outdoor work.",33.2,35.6,65.5,9.1,764.0,42.6,Critical Heat,#e53935,35.6 °C (ΔT: +2.4 °C),42.6 °C (Critical Heat),Activate municipal misting fans,"🔥 CRITICAL: Activate municipal misting fans, set up ORS hydration booths, advise elderly/children to remain indoors, halt non-essential outdoor work.",34.9,37.3,56.2,9.4,779.0,43.9,Extreme Danger,#8b0000,37.3 °C (ΔT: +2.4 °C),43.9 °C (Extreme Danger),Open 24/7 cooling centers,"🚨 EMERGENCY: Open 24/7 cooling centers, halt outdoor labor (11am-4pm), dispatch emergency water tankers to slum clusters, activate hospital heat-stroke protocols.",34.9,37.3,71.6,6.9,779.0,46.0,Extreme Danger,#8b0000,37.3 °C (ΔT: +2.4 °C),46.0 °C (Extreme Danger),Open 24/7 cooling centers,"🚨 EMERGENCY: Open 24/7 cooling centers, halt outdoor labor (11am-4pm), dispatch emergency water tankers to slum clusters, activate hospital heat-stroke protocols.",34.9,37.3,71.6,6.9,779.0,46.0,Extreme Danger,#8b0000,37.3 °C (ΔT: +2.4 °C),46.0 °C (Extreme Danger),Open 24/7 cooling centers,"🚨 EMERGENCY: Open 24/7 cooling centers, halt outdoor labor (11am-4pm), dispatch emergency water tankers to slum clusters, activate hospital heat-stroke protocols."
054E,Ward 054E (Ghaziabad),East Delhi MCD,Ghaziabad,28.7127,77.3031,1.51,0.96,0.145,0.65,17.2,8487,27.6,28.6,85.0,6.5,715.0,34.9,Moderate Risk,#fb8c00,28.6 °C (ΔT: +1.0 °C),34.9 °C (Moderate Risk),Enforce hydration breaks for outdoor workers,"⚠️ ADVISORY: Enforce hydration breaks for outdoor workers, distribute ORS at transit hubs, maintain continuous water supplies in high-density settlements.",28.9,29.9,85.9,2.9,636.0,37.1,Moderate Risk,#fb8c00,29.9 °C (ΔT: +1.0 °C),37.1 °C (Moderate Risk),Enforce hydration breaks for outdoor workers,"⚠️ ADVISORY: Enforce hydration breaks for outdoor workers, distribute ORS at transit hubs, maintain continuous water supplies in high-density settlements.",30.8,31.8,79.6,7.4,730.0,38.8,Critical Heat,#e53935,31.8 °C (ΔT: +1.0 °C),38.8 °C (Critical Heat),Activate municipal misting fans,"🔥 CRITICAL: Activate municipal misting fans, set up ORS hydration booths, advise elderly/children to remain indoors, halt non-essential outdoor work.",31.6,32.6,73.3,9.1,777.0,39.3,Critical Heat,#e53935,32.6 °C (ΔT: +1.0 °C),39.3 °C (Critical Heat),Activate municipal misting fans,"🔥 CRITICAL: Activate municipal misting fans, set up ORS hydration booths, advise elderly/children to remain indoors, halt non-essential outdoor work.",32.6,33.6,70.7,8.8,774.0,40.4,Critical Heat,#e53935,33.6 °C (ΔT: +1.0 °C),40.4 °C (Critical Heat),Activate municipal misting fans,"🔥 CRITICAL: Activate municipal misting fans, set up ORS hydration booths, advise elderly/children to remain indoors, halt non-essential outdoor work.",32.6,33.6,78.9,7.0,777.0,41.4,Critical Heat,#e53935,33.6 °C (ΔT: +1.0 °C),41.4 °C (Critical Heat),Activate municipal misting fans,"🔥 CRITICAL: Activate municipal misting fans, set up ORS hydration booths, advise elderly/children to remain indoors, halt non-essential outdoor work.",32.6,33.6,78.9,7.0,777.0,41.4,Critical Heat,#e53935,33.6 °C (ΔT: +1.0 °C),41.4 °C (Critical Heat),Activate municipal misting fans,"🔥 CRITICAL: Activate municipal misting fans, set up ORS hydration booths, advise elderly/children to remain indoors, halt non-essential outdoor work."
055E,Ward 055E (North East Delhi),East Delhi MCD,North East Delhi,28.7108,77.3143,2.39,2.35,0.086,0.9,27.5,34479,28.3,30.7,80.8,5.8,732.0,37.6,Moderate Risk,#fb8c00,30.7 °C (ΔT: +2.4 °C),37.6 °C (Moderate Risk),Enforce hydration breaks for outdoor workers,"⚠️ ADVISORY: Enforce hydration breaks for outdoor workers, distribute ORS at transit hubs, maintain continuous water supplies in high-density settlements.",29.6,32.0,81.9,2.9,637.0,39.7,Critical Heat,#e53935,32.0 °C (ΔT: +2.4 °C),39.7 °C (Critical Heat),Activate municipal misting fans,"🔥 CRITICAL: Activate municipal misting fans, set up ORS hydration booths, advise elderly/children to remain indoors, halt non-essential outdoor work.",31.7,34.0,73.6,7.2,730.0,41.3,Critical Heat,#e53935,34.0 °C (ΔT: +2.4 °C),41.3 °C (Critical Heat),Activate municipal misting fans,"🔥 CRITICAL: Activate municipal misting fans, set up ORS hydration booths, advise elderly/children to remain indoors, halt non-essential outdoor work.",33.2,35.6,65.5,9.1,764.0,42.6,Critical Heat,#e53935,35.6 °C (ΔT: +2.4 °C),42.6 °C (Critical Heat),Activate municipal misting fans,"🔥 CRITICAL: Activate municipal misting fans, set up ORS hydration booths, advise elderly/children to remain indoors, halt non-essential outdoor work.",34.9,37.2,56.2,9.4,779.0,43.8,Extreme Danger,#8b0000,37.2 °C (ΔT: +2.4 °C),43.8 °C (Extreme Danger),Open 24/7 cooling centers,"🚨 EMERGENCY: Open 24/7 cooling centers, halt outdoor labor (11am-4pm), dispatch emergency water tankers to slum clusters, activate hospital heat-stroke protocols.",34.9,37.2,71.6,6.9,779.0,45.8,Extreme Danger,#8b0000,37.2 °C (ΔT: +2.4 °C),45.8 °C (Extreme Danger),Open 24/7 cooling centers,"🚨 EMERGENCY: Open 24/7 cooling centers, halt outdoor labor (11am-4pm), dispatch emergency water tankers to slum clusters, activate hospital heat-stroke protocols.",34.9,37.2,71.6,6.9,779.0,45.8,Extreme Danger,#8b0000,37.2 °C (ΔT: +2.4 °C),45.8 °C (Extreme Danger),Open 24/7 cooling centers,"🚨 EMERGENCY: Open 24/7 cooling centers, halt outdoor labor (11am-4pm), dispatch emergency water tankers to slum clusters, activate hospital heat-stroke protocols."
024E,Ward 024E (East Delhi),East Delhi MCD,East Delhi,28.6532,77.2745,1.3,1.71,0.152,0.8,24.9,25479,28.2,29.9,80.3,5.3,727.0,36.5,Moderate Risk,#fb8c00,29.9 °C (ΔT: +1.7 °C),36.5 °C (Moderate Risk),Enforce hydration breaks for outdoor workers,"⚠️ ADVISORY: Enforce hydration breaks for outdoor workers, distribute ORS at transit hubs, maintain continuous water supplies in high-density settlements.",29.7,31.4,80.5,2.4,662.0,38.9,Critical Heat,#e53935,31.4 °C (ΔT: +1.7 °C),38.9 °C (Critical Heat),Activate municipal misting fans,"🔥 CRITICAL: Activate municipal misting fans, set up ORS hydration booths, advise elderly/children to remain indoors, halt non-essential outdoor work.",32.0,33.7,71.8,5.9,730.0,40.9,Critical Heat,#e53935,33.7 °C (ΔT: +1.7 °C),40.9 °C (Critical Heat),Activate municipal misting fans,"🔥 CRITICAL: Activate municipal misting fans, set up ORS hydration booths, advise elderly/children to remain indoors, halt non-essential outdoor work.",33.9,35.6,62.9,7.9,763.0,42.5,Critical Heat,#e53935,35.6 °C (ΔT: +1.7 °C),42.5 °C (Critical Heat),Activate municipal misting fans,"🔥 CRITICAL: Activate municipal misting fans, set up ORS hydration booths, advise elderly/children to remain indoors, halt non-essential outdoor work.",35.7,37.4,53.0,8.5,782.0,43.8,Extreme Danger,#8b0000,37.4 °C (ΔT: +1.7 °C),43.8 °C (Extreme Danger),Open 24/7 cooling centers,"🚨 EMERGENCY: Open 24/7 cooling centers, halt outdoor labor (11am-4pm), dispatch emergency water tankers to slum clusters, activate hospital heat-stroke protocols.",35.7,37.4,69.7,6.0,782.0,46.0,Extreme Danger,#8b0000,37.4 °C (ΔT: +1.7 °C),46.0 °C (Extreme Danger),Open 24/7 cooling centers,"🚨 EMERGENCY: Open 24/7 cooling centers, halt outdoor labor (11am-4pm), dispatch emergency water tankers to slum clusters, activate hospital heat-stroke protocols.",35.7,37.4,69.7,6.0,782.0,46.0,Extreme Danger,#8b0000,37.4 °C (ΔT: +1.7 °C),46.0 °C (Extreme Danger),Open 24/7 cooling centers,"🚨 EMERGENCY: Open 24/7 cooling centers, halt outdoor labor (11am-4pm), dispatch emergency water tankers to slum clusters, activate hospital heat-stroke protocols."
055S,Ward 055S (South East Delhi),South Delhi MCD,South East Delhi,28.6152,77.2505,6.14,1.11,0.205,0.71,21.6,19559,28.1,29.2,81.2,5.3,716.0,35.6,Moderate Risk,#fb8c00,29.2 °C (ΔT: +1.1 °C),35.6 °C (Moderate Risk),Enforce hydration breaks for outdoor workers,"⚠️ ADVISORY: Enforce hydration breaks for outdoor workers, distribute ORS at transit hubs, maintain continuous water supplies in high-density settlements.",29.5,30.6,81.6,2.7,675.0,37.9,Moderate Risk,#fb8c00,30.6 °C (ΔT: +1.1 °C),37.9 °C (Moderate Risk),Enforce hydration breaks for outdoor workers,"⚠️ ADVISORY: Enforce hydration breaks for outdoor workers, distribute ORS at transit hubs, maintain continuous water supplies in high-density settlements.",31.8,32.9,74.0,6.0,727.0,40.0,Critical Heat,#e53935,32.9 °C (ΔT: +1.1 °C),40.0 °C (Critical Heat),Activate municipal misting fans,"🔥 CRITICAL: Activate municipal misting fans, set up ORS hydration booths, advise elderly/children to remain indoors, halt non-essential outdoor work.",33.6,34.7,65.8,7.9,762.0,41.5,Critical Heat,#e53935,34.7 °C (ΔT: +1.1 °C),41.5 °C (Critical Heat),Activate municipal misting fans,"🔥 CRITICAL: Activate municipal misting fans, set up ORS hydration booths, advise elderly/children to remain indoors, halt non-essential outdoor work.",35.4,36.5,55.7,8.3,786.0,42.9,Critical Heat,#e53935,36.5 °C (ΔT: +1.1 °C),42.9 °C (Critical Heat),Activate municipal misting fans,"🔥 CRITICAL: Activate municipal misting fans, set up ORS hydration booths, advise elderly/children to remain indoors, halt non-essential outdoor work.",35.4,36.5,71.7,6.0,786.0,45.0,Extreme Danger,#8b0000,36.5 °C (ΔT: +1.1 °C),45.0 °C (Extreme Danger),Open 24/7 cooling centers,"🚨 EMERGENCY: Open 24/7 cooling centers, halt outdoor labor (11am-4pm), dispatch emergency water tankers to slum clusters, activate hospital heat-stroke protocols.",35.4,36.5,71.7,6.0,786.0,45.0,Extreme Danger,#8b0000,36.5 °C (ΔT: +1.1 °C),45.0 °C (Extreme Danger),Open 24/7 cooling centers,"🚨 EMERGENCY: Open 24/7 cooling centers, halt outdoor labor (11am-4pm), dispatch emergency water tankers to slum clusters, activate hospital heat-stroke protocols."
098S,Ward 098S (South East Delhi),South Delhi MCD,South East Delhi,28.5194,77.3402,2.85,1.24,0.168,0.71,21.4,17470,28.1,29.3,81.2,5.3,716.0,35.8,Moderate Risk,#fb8c00,29.3 °C (ΔT: +1.2 °C),35.8 °C (Moderate Risk),Enforce hydration breaks for outdoor workers,"⚠️ ADVISORY: Enforce hydration breaks for outdoor workers, distribute ORS at transit hubs, maintain continuous water supplies in high-density settlements.",29.5,30.7,81.6,2.7,675.0,38.0,Critical Heat,#e53935,30.7 °C (ΔT: +1.2 °C),38.0 °C (Critical Heat),Activate municipal misting fans,"🔥 CRITICAL: Activate municipal misting fans, set up ORS hydration booths, advise elderly/children to remain indoors, halt non-essential outdoor work.",31.8,33.0,74.0,6.0,727.0,40.1,Critical Heat,#e53935,33.0 °C (ΔT: +1.2 °C),40.1 °C (Critical Heat),Activate municipal misting fans,"🔥 CRITICAL: Activate municipal misting fans, set up ORS hydration booths, advise elderly/children to remain indoors, halt non-essential outdoor work.",33.6,34.8,65.8,7.9,762.0,41.7,Critical Heat,#e53935,34.8 °C (ΔT: +1.2 °C),41.7 °C (Critical Heat),Activate municipal misting fans,"🔥 CRITICAL: Activate municipal misting fans, set up ORS hydration booths, advise elderly/children to remain indoors, halt non-essential outdoor work.",35.4,36.6,55.7,8.3,786.0,43.1,Extreme Danger,#8b0000,36.6 °C (ΔT: +1.2 °C),43.1 °C (Extreme Danger),Open 24/7 cooling centers,"🚨 EMERGENCY: Open 24/7 cooling centers, halt outdoor labor (11am-4pm), dispatch emergency water tankers to slum clusters, activate hospital heat-stroke protocols.",35.4,36.6,71.7,6.0,786.0,45.1,Extreme Danger,#8b0000,36.6 °C (ΔT: +1.2 °C),45.1 °C (Extreme Danger),Open 24/7 cooling centers,"🚨 EMERGENCY: Open 24/7 cooling centers, halt outdoor labor (11am-4pm), dispatch emergency water tankers to slum clusters, activate hospital heat-stroke protocols.",35.4,36.6,71.7,6.0,786.0,45.1,Extreme Danger,#8b0000,36.6 °C (ΔT: +1.2 °C),45.1 °C (Extreme Danger),Open 24/7 cooling centers,"🚨 EMERGENCY: Open 24/7 cooling centers, halt outdoor labor (11am-4pm), dispatch emergency water tankers to slum clusters, activate hospital heat-stroke protocols."
099S,Ward 099S (South East Delhi),South Delhi MCD,South East Delhi,28.503,77.3308,1.73,1.15,0.165,0.67,21.4,17246,28.1,29.2,81.2,5.3,716.0,35.6,Moderate Risk,#fb8c00,29.2 °C (ΔT: +1.1 °C),35.6 °C (Moderate Risk),Enforce hydration breaks for outdoor workers,"⚠️ ADVISORY: Enforce hydration breaks for outdoor workers, distribute ORS at transit hubs, maintain continuous water supplies in high-density settlements.",29.5,30.6,81.6,2.7,675.0,37.9,Moderate Risk,#fb8c00,30.6 °C (ΔT: +1.1 °C),37.9 °C (Moderate Risk),Enforce hydration breaks for outdoor workers,"⚠️ ADVISORY: Enforce hydration breaks for outdoor workers, distribute ORS at transit hubs, maintain continuous water supplies in high-density settlements.",31.8,33.0,74.0,6.0,727.0,40.1,Critical Heat,#e53935,33.0 °C (ΔT: +1.1 °C),40.1 °C (Critical Heat),Activate municipal misting fans,"🔥 CRITICAL: Activate municipal misting fans, set up ORS hydration booths, advise elderly/children to remain indoors, halt non-essential outdoor work.",33.6,34.8,65.8,7.9,762.0,41.7,Critical Heat,#e53935,34.8 °C (ΔT: +1.1 °C),41.7 °C (Critical Heat),Activate municipal misting fans,"🔥 CRITICAL: Activate municipal misting fans, set up ORS hydration booths, advise elderly/children to remain indoors, halt non-essential outdoor work.",35.4,36.5,55.7,8.3,786.0,42.9,Critical Heat,#e53935,36.5 °C (ΔT: +1.1 °C),42.9 °C (Critical Heat),Activate municipal misting fans,"🔥 CRITICAL: Activate municipal misting fans, set up ORS hydration booths, advise elderly/children to remain indoors, halt non-essential outdoor work.",35.4,36.5,71.7,6.0,786.0,45.0,Extreme Danger,#8b0000,36.5 °C (ΔT: +1.1 °C),45.0 °C (Extreme Danger),Open 24/7 cooling centers,"🚨 EMERGENCY: Open 24/7 cooling centers, halt outdoor labor (11am-4pm), dispatch emergency water tankers to slum clusters, activate hospital heat-stroke protocols.",35.4,36.5,71.7,6.0,786.0,45.0,Extreme Danger,#8b0000,36.5 °C (ΔT: +1.1 °C),45.0 °C (Extreme Danger),Open 24/7 cooling centers,"🚨 EMERGENCY: Open 24/7 cooling centers, halt outdoor labor (11am-4pm), dispatch emergency water tankers to slum clusters, activate hospital heat-stroke protocols."
097S,Ward 097S (South East Delhi),South Delhi MCD,South East Delhi,28.5135,77.329,1.67,1.13,0.199,0.71,21.6,17476,28.1,29.2,81.2,5.3,716.0,35.6,Moderate Risk,#fb8c00,29.2 °C (ΔT: +1.1 °C),35.6 °C (Moderate Risk),Enforce hydration breaks for outdoor workers,"⚠️ ADVISORY: Enforce hydration breaks for outdoor workers, distribute ORS at transit hubs, maintain continuous water supplies in high-density settlements.",29.5,30.6,81.6,2.7,675.0,37.9,Moderate Risk,#fb8c00,30.6 °C (ΔT: +1.1 °C),37.9 °C (Moderate Risk),Enforce hydration breaks for outdoor workers,"⚠️ ADVISORY: Enforce hydration breaks for outdoor workers, distribute ORS at transit hubs, maintain continuous water supplies in high-density settlements.",31.8,32.9,74.0,6.0,727.0,40.0,Critical Heat,#e53935,32.9 °C (ΔT: +1.1 °C),40.0 °C (Critical Heat),Activate municipal misting fans,"🔥 CRITICAL: Activate municipal misting fans, set up ORS hydration booths, advise elderly/children to remain indoors, halt non-essential outdoor work.",33.6,34.7,65.8,7.9,762.0,41.5,Critical Heat,#e53935,34.7 °C (ΔT: +1.1 °C),41.5 °C (Critical Heat),Activate municipal misting fans,"🔥 CRITICAL: Activate municipal misting fans, set up ORS hydration booths, advise elderly/children to remain indoors, halt non-essential outdoor work.",35.4,36.5,55.7,8.3,786.0,42.9,Critical Heat,#e53935,36.5 °C (ΔT: +1.1 °C),42.9 °C (Critical Heat),Activate municipal misting fans,"🔥 CRITICAL: Activate municipal misting fans, set up ORS hydration booths, advise elderly/children to remain indoors, halt non-essential outdoor work.",35.4,36.5,71.7,6.0,786.0,45.0,Extreme Danger,#8b0000,36.5 °C (ΔT: +1.1 °C),45.0 °C (Extreme Danger),Open 24/7 cooling centers,"🚨 EMERGENCY: Open 24/7 cooling centers, halt outdoor labor (11am-4pm), dispatch emergency water tankers to slum clusters, activate hospital heat-stroke protocols.",35.4,36.5,71.7,6.0,786.0,45.0,Extreme Danger,#8b0000,36.5 °C (ΔT: +1.1 °C),45.0 °C (Extreme Danger),Open 24/7 cooling centers,"🚨 EMERGENCY: Open 24/7 cooling centers, halt outdoor labor (11am-4pm), dispatch emergency water tankers to slum clusters, activate hospital heat-stroke protocols."
096S,Ward 096S (South East Delhi),South Delhi MCD,South East Delhi,28.5032,77.3205,1.57,1.13,0.192,0.73,20.0,20889,28.1,29.2,81.2,5.3,716.0,35.6,Moderate Risk,#fb8c00,29.2 °C (ΔT: +1.1 °C),35.6 °C (Moderate Risk),Enforce hydration breaks for outdoor workers,"⚠️ ADVISORY: Enforce hydration breaks for outdoor workers, distribute ORS at transit hubs, maintain continuous water supplies in high-density settlements.",29.5,30.6,81.6,2.7,675.0,37.9,Moderate Risk,#fb8c00,30.6 °C (ΔT: +1.1 °C),37.9 °C (Moderate Risk),Enforce hydration breaks for outdoor workers,"⚠️ ADVISORY: Enforce hydration breaks for outdoor workers, distribute ORS at transit hubs, maintain continuous water supplies in high-density settlements.",31.8,32.9,74.0,6.0,727.0,40.0,Critical Heat,#e53935,32.9 °C (ΔT: +1.1 °C),40.0 °C (Critical Heat),Activate municipal misting fans,"🔥 CRITICAL: Activate municipal misting fans, set up ORS hydration booths, advise elderly/children to remain indoors, halt non-essential outdoor work.",33.6,34.7,65.8,7.9,762.0,41.5,Critical Heat,#e53935,34.7 °C (ΔT: +1.1 °C),41.5 °C (Critical Heat),Activate municipal misting fans,"🔥 CRITICAL: Activate municipal misting fans, set up ORS hydration booths, advise elderly/children to remain indoors, halt non-essential outdoor work.",35.4,36.5,55.7,8.3,786.0,42.9,Critical Heat,#e53935,36.5 °C (ΔT: +1.1 °C),42.9 °C (Critical Heat),Activate municipal misting fans,"🔥 CRITICAL: Activate municipal misting fans, set up ORS hydration booths, advise elderly/children to remain indoors, halt non-essential outdoor work.",35.4,36.5,71.7,6.0,786.0,45.0,Extreme Danger,#8b0000,36.5 °C (ΔT: +1.1 °C),45.0 °C (Extreme Danger),Open 24/7 cooling centers,"🚨 EMERGENCY: Open 24/7 cooling centers, halt outdoor labor (11am-4pm), dispatch emergency water tankers to slum clusters, activate hospital heat-stroke protocols.",35.4,36.5,71.7,6.0,786.0,45.0,Extreme Danger,#8b0000,36.5 °C (ΔT: +1.1 °C),45.0 °C (Extreme Danger),Open 24/7 cooling centers,"🚨 EMERGENCY: Open 24/7 cooling centers, halt outdoor labor (11am-4pm), dispatch emergency water tankers to slum clusters, activate hospital heat-stroke protocols."
095S,Ward 095S (South East Delhi),South Delhi MCD,South East Delhi,28.5124,77.313,2.44,0.93,0.226,0.74,18.0,18625,28.1,29.0,81.2,5.3,716.0,35.4,Moderate Risk,#fb8c00,29.0 °C (ΔT: +0.9 °C),35.4 °C (Moderate Risk),Enforce hydration breaks for outdoor workers,"⚠️ ADVISORY: Enforce hydration breaks for outdoor workers, distribute ORS at transit hubs, maintain continuous water supplies in high-density settlements.",29.5,30.4,81.6,2.7,675.0,37.6,Moderate Risk,#fb8c00,30.4 °C (ΔT: +0.9 °C),37.6 °C (Moderate Risk),Enforce hydration breaks for outdoor workers,"⚠️ ADVISORY: Enforce hydration breaks for outdoor workers, distribute ORS at transit hubs, maintain continuous water supplies in high-density settlements.",31.8,32.7,74.0,6.0,727.0,39.7,Critical Heat,#e53935,32.7 °C (ΔT: +0.9 °C),39.7 °C (Critical Heat),Activate municipal misting fans,"🔥 CRITICAL: Activate municipal misting fans, set up ORS hydration booths, advise elderly/children to remain indoors, halt non-essential outdoor work.",33.6,34.5,65.8,7.9,762.0,41.3,Critical Heat,#e53935,34.5 °C (ΔT: +0.9 °C),41.3 °C (Critical Heat),Activate municipal misting fans,"🔥 CRITICAL: Activate municipal misting fans, set up ORS hydration booths, advise elderly/children to remain indoors, halt non-essential outdoor work.",35.4,36.3,55.7,8.3,786.0,42.7,Critical Heat,#e53935,36.3 °C (ΔT: +0.9 °C),42.7 °C (Critical Heat),Activate municipal misting fans,"🔥 CRITICAL: Activate municipal misting fans, set up ORS hydration booths, advise elderly/children to remain indoors, halt non-essential outdoor work.",35.4,36.3,71.7,6.0,786.0,44.7,Extreme Danger,#8b0000,36.3 °C (ΔT: +0.9 °C),44.7 °C (Extreme Danger),Open 24/7 cooling centers,"🚨 EMERGENCY: Open 24/7 cooling centers, halt outdoor labor (11am-4pm), dispatch emergency water tankers to slum clusters, activate hospital heat-stroke protocols.",35.4,36.3,71.7,6.0,786.0,44.7,Extreme Danger,#8b0000,36.3 °C (ΔT: +0.9 °C),44.7 °C (Extreme Danger),Open 24/7 cooling centers,"🚨 EMERGENCY: Open 24/7 cooling centers, halt outdoor labor (11am-4pm), dispatch emergency water tankers to slum clusters, activate hospital heat-stroke protocols."
104S,Ward 104S (South East Delhi),South Delhi MCD,South East Delhi,28.5351,77.3249,6.43,1.24,0.177,0.72,21.7,16027,28.1,29.3,81.2,5.3,716.0,35.8,Moderate Risk,#fb8c00,29.3 °C (ΔT: +1.2 °C),35.8 °C (Moderate Risk),Enforce hydration breaks for outdoor workers,"⚠️ ADVISORY: Enforce hydration breaks for outdoor workers, distribute ORS at transit hubs, maintain continuous water supplies in high-density settlements.",29.5,30.7,81.6,2.7,675.0,38.0,Critical Heat,#e53935,30.7 °C (ΔT: +1.2 °C),38.0 °C (Critical Heat),Activate municipal misting fans,"🔥 CRITICAL: Activate municipal misting fans, set up ORS hydration booths, advise elderly/children to remain indoors, halt non-essential outdoor work.",31.8,33.0,74.0,6.0,727.0,40.1,Critical Heat,#e53935,33.0 °C (ΔT: +1.2 °C),40.1 °C (Critical Heat),Activate municipal misting fans,"🔥 CRITICAL: Activate municipal misting fans, set up ORS hydration booths, advise elderly/children to remain indoors, halt non-essential outdoor work.",33.6,34.8,65.8,7.9,762.0,41.7,Critical Heat,#e53935,34.8 °C (ΔT: +1.2 °C),41.7 °C (Critical Heat),Activate municipal misting fans,"🔥 CRITICAL: Activate municipal misting fans, set up ORS hydration booths, advise elderly/children to remain indoors, halt non-essential outdoor work.",35.4,36.6,55.7,8.3,786.0,43.1,Extreme Danger,#8b0000,36.6 °C (ΔT: +1.2 °C),43.1 °C (Extreme Danger),Open 24/7 cooling centers,"🚨 EMERGENCY: Open 24/7 cooling centers, halt outdoor labor (11am-4pm), dispatch emergency water tankers to slum clusters, activate hospital heat-stroke protocols.",35.4,36.6,71.7,6.0,786.0,45.1,Extreme Danger,#8b0000,36.6 °C (ΔT: +1.2 °C),45.1 °C (Extreme Danger),Open 24/7 cooling centers,"🚨 EMERGENCY: Open 24/7 cooling centers, halt outdoor labor (11am-4pm), dispatch emergency water tankers to slum clusters, activate hospital heat-stroke protocols.",35.4,36.6,71.7,6.0,786.0,45.1,Extreme Danger,#8b0000,36.6 °C (ΔT: +1.2 °C),45.1 °C (Extreme Danger),Open 24/7 cooling centers,"🚨 EMERGENCY: Open 24/7 cooling centers, halt outdoor labor (11am-4pm), dispatch emergency water tankers to slum clusters, activate hospital heat-stroke protocols."
094S,Ward 094S (South East Delhi),South Delhi MCD,South East Delhi,28.5101,77.2941,5.51,1.03,0.158,0.7,17.1,16381,28.1,29.1,81.2,5.3,716.0,35.5,Moderate Risk,#fb8c00,29.1 °C (ΔT: +1.0 °C),35.5 °C (Moderate Risk),Enforce hydration breaks for outdoor workers,"⚠️ ADVISORY: Enforce hydration breaks for outdoor workers, distribute ORS at transit hubs, maintain continuous water supplies in high-density settlements.",29.5,30.5,81.6,2.7,675.0,37.8,Moderate Risk,#fb8c00,30.5 °C (ΔT: +1.0 °C),37.8 °C (Moderate Risk),Enforce hydration breaks for outdoor workers,"⚠️ ADVISORY: Enforce hydration breaks for outdoor workers, distribute ORS at transit hubs, maintain continuous water supplies in high-density settlements.",31.8,32.8,74.0,6.0,727.0,39.9,Critical Heat,#e53935,32.8 °C (ΔT: +1.0 °C),39.9 °C (Critical Heat),Activate municipal misting fans,"🔥 CRITICAL: Activate municipal misting fans, set up ORS hydration booths, advise elderly/children to remain indoors, halt non-essential outdoor work.",33.6,34.6,65.8,7.9,762.0,41.4,Critical Heat,#e53935,34.6 °C (ΔT: +1.0 °C),41.4 °C (Critical Heat),Activate municipal misting fans,"🔥 CRITICAL: Activate municipal misting fans, set up ORS hydration booths, advise elderly/children to remain indoors, halt non-essential outdoor work.",35.4,36.4,55.7,8.3,786.0,42.8,Critical Heat,#e53935,36.4 °C (ΔT: +1.0 °C),42.8 °C (Critical Heat),Activate municipal misting fans,"🔥 CRITICAL: Activate municipal misting fans, set up ORS hydration booths, advise elderly/children to remain indoors, halt non-essential outdoor work.",35.4,36.4,71.7,6.0,786.0,44.9,Extreme Danger,#8b0000,36.4 °C (ΔT: +1.0 °C),44.9 °C (Extreme Danger),Open 24/7 cooling centers,"🚨 EMERGENCY: Open 24/7 cooling centers, halt outdoor labor (11am-4pm), dispatch emergency water tankers to slum clusters, activate hospital heat-stroke protocols.",35.4,36.4,71.7,6.0,786.0,44.9,Extreme Danger,#8b0000,36.4 °C (ΔT: +1.0 °C),44.9 °C (Extreme Danger),Open 24/7 cooling centers,"🚨 EMERGENCY: Open 24/7 cooling centers, halt outdoor labor (11am-4pm), dispatch emergency water tankers to slum clusters, activate hospital heat-stroke protocols."
093S,Ward 093S (South East Delhi),South Delhi MCD,South East Delhi,28.5243,77.2829,6.9,1.09,0.212,0.7,22.4,20027,28.1,29.2,81.2,5.3,716.0,35.6,Moderate Risk,#fb8c00,29.2 °C (ΔT: +1.1 °C),35.6 °C (Moderate Risk),Enforce hydration breaks for outdoor workers,"⚠️ ADVISORY: Enforce hydration breaks for outdoor workers, distribute ORS at transit hubs, maintain continuous water supplies in high-density settlements.",29.5,30.6,81.6,2.7,675.0,37.9,Moderate Risk,#fb8c00,30.6 °C (ΔT: +1.1 °C),37.9 °C (Moderate Risk),Enforce hydration breaks for outdoor workers,"⚠️ ADVISORY: Enforce hydration breaks for outdoor workers, distribute ORS at transit hubs, maintain continuous water supplies in high-density settlements.",31.8,32.9,74.0,6.0,727.0,40.0,Critical Heat,#e53935,32.9 °C (ΔT: +1.1 °C),40.0 °C (Critical Heat),Activate municipal misting fans,"🔥 CRITICAL: Activate municipal misting fans, set up ORS hydration booths, advise elderly/children to remain indoors, halt non-essential outdoor work.",33.6,34.7,65.8,7.9,762.0,41.5,Critical Heat,#e53935,34.7 °C (ΔT: +1.1 °C),41.5 °C (Critical Heat),Activate municipal misting fans,"🔥 CRITICAL: Activate municipal misting fans, set up ORS hydration booths, advise elderly/children to remain indoors, halt non-essential outdoor work.",35.4,36.5,55.7,8.3,786.0,42.9,Critical Heat,#e53935,36.5 °C (ΔT: +1.1 °C),42.9 °C (Critical Heat),Activate municipal misting fans,"🔥 CRITICAL: Activate municipal misting fans, set up ORS hydration booths, advise elderly/children to remain indoors, halt non-essential outdoor work.",35.4,36.5,71.7,6.0,786.0,45.0,Extreme Danger,#8b0000,36.5 °C (ΔT: +1.1 °C),45.0 °C (Extreme Danger),Open 24/7 cooling centers,"🚨 EMERGENCY: Open 24/7 cooling centers, halt outdoor labor (11am-4pm), dispatch emergency water tankers to slum clusters, activate hospital heat-stroke protocols.",35.4,36.5,71.7,6.0,786.0,45.0,Extreme Danger,#8b0000,36.5 °C (ΔT: +1.1 °C),45.0 °C (Extreme Danger),Open 24/7 cooling centers,"🚨 EMERGENCY: Open 24/7 cooling centers, halt outdoor labor (11am-4pm), dispatch emergency water tankers to slum clusters, activate hospital heat-stroke protocols."
084S,Ward 084S (South East Delhi),South Delhi MCD,South East Delhi,28.4962,77.2585,2.99,1.25,0.196,0.74,22.2,19077,28.1,29.4,81.2,5.3,716.0,35.9,Moderate Risk,#fb8c00,29.4 °C (ΔT: +1.2 °C),35.9 °C (Moderate Risk),Enforce hydration breaks for outdoor workers,"⚠️ ADVISORY: Enforce hydration breaks for outdoor workers, distribute ORS at transit hubs, maintain continuous water supplies in high-density settlements.",29.5,30.8,81.6,2.7,675.0,38.2,Critical Heat,#e53935,30.8 °C (ΔT: +1.2 °C),38.2 °C (Critical Heat),Activate municipal misting fans,"🔥 CRITICAL: Activate municipal misting fans, set up ORS hydration booths, advise elderly/children to remain indoors, halt non-essential outdoor work.",31.8,33.0,74.0,6.0,727.0,40.1,Critical Heat,#e53935,33.0 °C (ΔT: +1.2 °C),40.1 °C (Critical Heat),Activate municipal misting fans,"🔥 CRITICAL: Activate municipal misting fans, set up ORS hydration booths, advise elderly/children to remain indoors, halt non-essential outdoor work.",33.6,34.9,65.8,7.9,762.0,41.8,Critical Heat,#e53935,34.9 °C (ΔT: +1.2 °C),41.8 °C (Critical Heat),Activate municipal misting fans,"🔥 CRITICAL: Activate municipal misting fans, set up ORS hydration booths, advise elderly/children to remain indoors, halt non-essential outdoor work.",35.4,36.6,55.7,8.3,786.0,43.1,Extreme Danger,#8b0000,36.6 °C (ΔT: +1.2 °C),43.1 °C (Extreme Danger),Open 24/7 cooling centers,"🚨 EMERGENCY: Open 24/7 cooling centers, halt outdoor labor (11am-4pm), dispatch emergency water tankers to slum clusters, activate hospital heat-stroke protocols.",35.4,36.6,71.7,6.0,786.0,45.1,Extreme Danger,#8b0000,36.6 °C (ΔT: +1.2 °C),45.1 °C (Extreme Danger),Open 24/7 cooling centers,"🚨 EMERGENCY: Open 24/7 cooling centers, halt outdoor labor (11am-4pm), dispatch emergency water tankers to slum clusters, activate hospital heat-stroke protocols.",35.4,36.6,71.7,6.0,786.0,45.1,Extreme Danger,#8b0000,36.6 °C (ΔT: +1.2 °C),45.1 °C (Extreme Danger),Open 24/7 cooling centers,"🚨 EMERGENCY: Open 24/7 cooling centers, halt outdoor labor (11am-4pm), dispatch emergency water tankers to slum clusters, activate hospital heat-stroke protocols."
103S,Ward 103S (South East Delhi),South Delhi MCD,South East Delhi,28.5312,77.3085,2.94,0.99,0.195,0.69,19.5,18319,28.1,29.1,81.2,5.3,716.0,35.5,Moderate Risk,#fb8c00,29.1 °C (ΔT: +1.0 °C),35.5 °C (Moderate Risk),Enforce hydration breaks for outdoor workers,"⚠️ ADVISORY: Enforce hydration breaks for outdoor workers, distribute ORS at transit hubs, maintain continuous water supplies in high-density settlements.",29.5,30.5,81.6,2.7,675.0,37.8,Moderate Risk,#fb8c00,30.5 °C (ΔT: +1.0 °C),37.8 °C (Moderate Risk),Enforce hydration breaks for outdoor workers,"⚠️ ADVISORY: Enforce hydration breaks for outdoor workers, distribute ORS at transit hubs, maintain continuous water supplies in high-density settlements.",31.8,32.8,74.0,6.0,727.0,39.9,Critical Heat,#e53935,32.8 °C (ΔT: +1.0 °C),39.9 °C (Critical Heat),Activate municipal misting fans,"🔥 CRITICAL: Activate municipal misting fans, set up ORS hydration booths, advise elderly/children to remain indoors, halt non-essential outdoor work.",33.6,34.6,65.8,7.9,762.0,41.4,Critical Heat,#e53935,34.6 °C (ΔT: +1.0 °C),41.4 °C (Critical Heat),Activate municipal misting fans,"🔥 CRITICAL: Activate municipal misting fans, set up ORS hydration booths, advise elderly/children to remain indoors, halt non-essential outdoor work.",35.4,36.4,55.7,8.3,786.0,42.8,Critical Heat,#e53935,36.4 °C (ΔT: +1.0 °C),42.8 °C (Critical Heat),Activate municipal misting fans,"🔥 CRITICAL: Activate municipal misting fans, set up ORS hydration booths, advise elderly/children to remain indoors, halt non-essential outdoor work.",35.4,36.4,71.7,6.0,786.0,44.9,Extreme Danger,#8b0000,36.4 °C (ΔT: +1.0 °C),44.9 °C (Extreme Danger),Open 24/7 cooling centers,"🚨 EMERGENCY: Open 24/7 cooling centers, halt outdoor labor (11am-4pm), dispatch emergency water tankers to slum clusters, activate hospital heat-stroke protocols.",35.4,36.4,71.7,6.0,786.0,44.9,Extreme Danger,#8b0000,36.4 °C (ΔT: +1.0 °C),44.9 °C (Extreme Danger),Open 24/7 cooling centers,"🚨 EMERGENCY: Open 24/7 cooling centers, halt outdoor labor (11am-4pm), dispatch emergency water tankers to slum clusters, activate hospital heat-stroke protocols."
102S,Ward 102S (Noida),South Delhi MCD,Noida,28.5598,77.3057,2.93,-0.27,0.264,0.56,6.4,7347,28.2,27.9,81.1,8.2,683.0,33.4,Moderate Risk,#fb8c00,27.9 °C (ΔT: -0.3 °C),33.4 °C (Moderate Risk),Enforce hydration breaks for outdoor workers,"⚠️ ADVISORY: Enforce hydration breaks for outdoor workers, distribute ORS at transit hubs, maintain continuous water supplies in high-density settlements.",29.4,29.1,82.7,4.6,683.0,35.6,Moderate Risk,#fb8c00,29.1 °C (ΔT: -0.3 °C),35.6 °C (Moderate Risk),Enforce hydration breaks for outdoor workers,"⚠️ ADVISORY: Enforce hydration breaks for outdoor workers, distribute ORS at transit hubs, maintain continuous water supplies in high-density settlements.",31.4,31.1,76.8,6.4,736.0,37.8,Moderate Risk,#fb8c00,31.1 °C (ΔT: -0.3 °C),37.8 °C (Moderate Risk),Enforce hydration breaks for outdoor workers,"⚠️ ADVISORY: Enforce hydration breaks for outdoor workers, distribute ORS at transit hubs, maintain continuous water supplies in high-density settlements.",33.1,32.8,70.6,8.3,768.0,39.4,Critical Heat,#e53935,32.8 °C (ΔT: -0.3 °C),39.4 °C (Critical Heat),Activate municipal misting fans,"🔥 CRITICAL: Activate municipal misting fans, set up ORS hydration booths, advise elderly/children to remain indoors, halt non-essential outdoor work.",34.0,33.7,62.7,8.6,791.0,39.9,Critical Heat,#e53935,33.7 °C (ΔT: -0.3 °C),39.9 °C (Critical Heat),Activate municipal misting fans,"🔥 CRITICAL: Activate municipal misting fans, set up ORS hydration booths, advise elderly/children to remain indoors, halt non-essential outdoor work.",34.0,33.7,74.8,7.2,791.0,41.2,Critical Heat,#e53935,33.7 °C (ΔT: -0.3 °C),41.2 °C (Critical Heat),Activate municipal misting fans,"🔥 CRITICAL: Activate municipal misting fans, set up ORS hydration booths, advise elderly/children to remain indoors, halt non-essential outdoor work.",34.0,33.7,74.8,7.2,791.0,41.2,Critical Heat,#e53935,33.7 °C (ΔT: -0.3 °C),41.2 °C (Critical Heat),Activate municipal misting fans,"🔥 CRITICAL: Activate municipal misting fans, set up ORS hydration booths, advise elderly/children to remain indoors, halt non-essential outdoor work."
101S,Ward 101S (South East Delhi),South Delhi MCD,South East Delhi,28.5559,77.293,6.27,1.15,0.151,0.65,21.5,19071,28.1,29.2,81.2,5.3,716.0,35.6,Moderate Risk,#fb8c00,29.2 °C (ΔT: +1.1 °C),35.6 °C (Moderate Risk),Enforce hydration breaks for outdoor workers,"⚠️ ADVISORY: Enforce hydration breaks for outdoor workers, distribute ORS at transit hubs, maintain continuous water supplies in high-density settlements.",29.5,30.6,81.6,2.7,675.0,37.9,Moderate Risk,#fb8c00,30.6 °C (ΔT: +1.1 °C),37.9 °C (Moderate Risk),Enforce hydration breaks for outdoor workers,"⚠️ ADVISORY: Enforce hydration breaks for outdoor workers, distribute ORS at transit hubs, maintain continuous water supplies in high-density settlements.",31.8,33.0,74.0,6.0,727.0,40.1,Critical Heat,#e53935,33.0 °C (ΔT: +1.1 °C),40.1 °C (Critical Heat),Activate municipal misting fans,"🔥 CRITICAL: Activate municipal misting fans, set up ORS hydration booths, advise elderly/children to remain indoors, halt non-essential outdoor work.",33.6,34.8,65.8,7.9,762.0,41.7,Critical Heat,#e53935,34.8 °C (ΔT: +1.1 °C),41.7 °C (Critical Heat),Activate municipal misting fans,"🔥 CRITICAL: Activate municipal misting fans, set up ORS hydration booths, advise elderly/children to remain indoors, halt non-essential outdoor work.",35.4,36.5,55.7,8.3,786.0,42.9,Critical Heat,#e53935,36.5 °C (ΔT: +1.1 °C),42.9 °C (Critical Heat),Activate municipal misting fans,"🔥 CRITICAL: Activate municipal misting fans, set up ORS hydration booths, advise elderly/children to remain indoors, halt non-essential outdoor work.",35.4,36.5,71.7,6.0,786.0,45.0,Extreme Danger,#8b0000,36.5 °C (ΔT: +1.1 °C),45.0 °C (Extreme Danger),Open 24/7 cooling centers,"🚨 EMERGENCY: Open 24/7 cooling centers, halt outdoor labor (11am-4pm), dispatch emergency water tankers to slum clusters, activate hospital heat-stroke protocols.",35.4,36.5,71.7,6.0,786.0,45.0,Extreme Danger,#8b0000,36.5 °C (ΔT: +1.1 °C),45.0 °C (Extreme Danger),Open 24/7 cooling centers,"🚨 EMERGENCY: Open 24/7 cooling centers, halt outdoor labor (11am-4pm), dispatch emergency water tankers to slum clusters, activate hospital heat-stroke protocols."
100S,Ward 100S (South East Delhi),South Delhi MCD,South East Delhi,28.5801,77.2849,3.91,1.31,0.155,0.71,21.8,15716,28.1,29.4,81.2,5.3,716.0,35.9,Moderate Risk,#fb8c00,29.4 °C (ΔT: +1.3 °C),35.9 °C (Moderate Risk),Enforce hydration breaks for outdoor workers,"⚠️ ADVISORY: Enforce hydration breaks for outdoor workers, distribute ORS at transit hubs, maintain continuous water supplies in high-density settlements.",29.5,30.8,81.6,2.7,675.0,38.2,Critical Heat,#e53935,30.8 °C (ΔT: +1.3 °C),38.2 °C (Critical Heat),Activate municipal misting fans,"🔥 CRITICAL: Activate municipal misting fans, set up ORS hydration booths, advise elderly/children to remain indoors, halt non-essential outdoor work.",31.8,33.1,74.0,6.0,727.0,40.3,Critical Heat,#e53935,33.1 °C (ΔT: +1.3 °C),40.3 °C (Critical Heat),Activate municipal misting fans,"🔥 CRITICAL: Activate municipal misting fans, set up ORS hydration booths, advise elderly/children to remain indoors, halt non-essential outdoor work.",33.6,34.9,65.8,7.9,762.0,41.8,Critical Heat,#e53935,34.9 °C (ΔT: +1.3 °C),41.8 °C (Critical Heat),Activate municipal misting fans,"🔥 CRITICAL: Activate municipal misting fans, set up ORS hydration booths, advise elderly/children to remain indoors, halt non-essential outdoor work.",35.4,36.7,55.7,8.3,786.0,43.2,Extreme Danger,#8b0000,36.7 °C (ΔT: +1.3 °C),43.2 °C (Extreme Danger),Open 24/7 cooling centers,"🚨 EMERGENCY: Open 24/7 cooling centers, halt outdoor labor (11am-4pm), dispatch emergency water tankers to slum clusters, activate hospital heat-stroke protocols.",35.4,36.7,71.7,6.0,786.0,45.3,Extreme Danger,#8b0000,36.7 °C (ΔT: +1.3 °C),45.3 °C (Extreme Danger),Open 24/7 cooling centers,"🚨 EMERGENCY: Open 24/7 cooling centers, halt outdoor labor (11am-4pm), dispatch emergency water tankers to slum clusters, activate hospital heat-stroke protocols.",35.4,36.7,71.7,6.0,786.0,45.3,Extreme Danger,#8b0000,36.7 °C (ΔT: +1.3 °C),45.3 °C (Extreme Danger),Open 24/7 cooling centers,"🚨 EMERGENCY: Open 24/7 cooling centers, halt outdoor labor (11am-4pm), dispatch emergency water tankers to slum clusters, activate hospital heat-stroke protocols."
083S,Ward 083S (South East Delhi),South Delhi MCD,South East Delhi,28.509,77.2677,4.26,0.93,0.22,0.72,18.7,20573,28.1,29.0,81.2,5.3,716.0,35.4,Moderate Risk,#fb8c00,29.0 °C (ΔT: +0.9 °C),35.4 °C (Moderate Risk),Enforce hydration breaks for outdoor workers,"⚠️ ADVISORY: Enforce hydration breaks for outdoor workers, distribute ORS at transit hubs, maintain continuous water supplies in high-density settlements.",29.5,30.4,81.6,2.7,675.0,37.6,Moderate Risk,#fb8c00,30.4 °C (ΔT: +0.9 °C),37.6 °C (Moderate Risk),Enforce hydration breaks for outdoor workers,"⚠️ ADVISORY: Enforce hydration breaks for outdoor workers, distribute ORS at transit hubs, maintain continuous water supplies in high-density settlements.",31.8,32.7,74.0,6.0,727.0,39.7,Critical Heat,#e53935,32.7 °C (ΔT: +0.9 °C),39.7 °C (Critical Heat),Activate municipal misting fans,"🔥 CRITICAL: Activate municipal misting fans, set up ORS hydration booths, advise elderly/children to remain indoors, halt non-essential outdoor work.",33.6,34.5,65.8,7.9,762.0,41.3,Critical Heat,#e53935,34.5 °C (ΔT: +0.9 °C),41.3 °C (Critical Heat),Activate municipal misting fans,"🔥 CRITICAL: Activate municipal misting fans, set up ORS hydration booths, advise elderly/children to remain indoors, halt non-essential outdoor work.",35.4,36.3,55.7,8.3,786.0,42.7,Critical Heat,#e53935,36.3 °C (ΔT: +0.9 °C),42.7 °C (Critical Heat),Activate municipal misting fans,"🔥 CRITICAL: Activate municipal misting fans, set up ORS hydration booths, advise elderly/children to remain indoors, halt non-essential outdoor work.",35.4,36.3,71.7,6.0,786.0,44.7,Extreme Danger,#8b0000,36.3 °C (ΔT: +0.9 °C),44.7 °C (Extreme Danger),Open 24/7 cooling centers,"🚨 EMERGENCY: Open 24/7 cooling centers, halt outdoor labor (11am-4pm), dispatch emergency water tankers to slum clusters, activate hospital heat-stroke protocols.",35.4,36.3,71.7,6.0,786.0,44.7,Extreme Danger,#8b0000,36.3 °C (ΔT: +0.9 °C),44.7 °C (Extreme Danger),Open 24/7 cooling centers,"🚨 EMERGENCY: Open 24/7 cooling centers, halt outdoor labor (11am-4pm), dispatch emergency water tankers to slum clusters, activate hospital heat-stroke protocols."
085S,Ward 085S (South East Delhi),South Delhi MCD,South East Delhi,28.5101,77.2521,1.05,1.1,0.16,0.71,18.0,20113,28.1,29.2,81.2,5.3,716.0,35.6,Moderate Risk,#fb8c00,29.2 °C (ΔT: +1.1 °C),35.6 °C (Moderate Risk),Enforce hydration breaks for outdoor workers,"⚠️ ADVISORY: Enforce hydration breaks for outdoor workers, distribute ORS at transit hubs, maintain continuous water supplies in high-density settlements.",29.5,30.6,81.6,2.7,675.0,37.9,Moderate Risk,#fb8c00,30.6 °C (ΔT: +1.1 °C),37.9 °C (Moderate Risk),Enforce hydration breaks for outdoor workers,"⚠️ ADVISORY: Enforce hydration breaks for outdoor workers, distribute ORS at transit hubs, maintain continuous water supplies in high-density settlements.",31.8,32.9,74.0,6.0,727.0,40.0,Critical Heat,#e53935,32.9 °C (ΔT: +1.1 °C),40.0 °C (Critical Heat),Activate municipal misting fans,"🔥 CRITICAL: Activate municipal misting fans, set up ORS hydration booths, advise elderly/children to remain indoors, halt non-essential outdoor work.",33.6,34.7,65.8,7.9,762.0,41.5,Critical Heat,#e53935,34.7 °C (ΔT: +1.1 °C),41.5 °C (Critical Heat),Activate municipal misting fans,"🔥 CRITICAL: Activate municipal misting fans, set up ORS hydration booths, advise elderly/children to remain indoors, halt non-essential outdoor work.",35.4,36.5,55.7,8.3,786.0,42.9,Critical Heat,#e53935,36.5 °C (ΔT: +1.1 °C),42.9 °C (Critical Heat),Activate municipal misting fans,"🔥 CRITICAL: Activate municipal misting fans, set up ORS hydration booths, advise elderly/children to remain indoors, halt non-essential outdoor work.",35.4,36.5,71.7,6.0,786.0,45.0,Extreme Danger,#8b0000,36.5 °C (ΔT: +1.1 °C),45.0 °C (Extreme Danger),Open 24/7 cooling centers,"🚨 EMERGENCY: Open 24/7 cooling centers, halt outdoor labor (11am-4pm), dispatch emergency water tankers to slum clusters, activate hospital heat-stroke protocols.",35.4,36.5,71.7,6.0,786.0,45.0,Extreme Danger,#8b0000,36.5 °C (ΔT: +1.1 °C),45.0 °C (Extreme Danger),Open 24/7 cooling centers,"🚨 EMERGENCY: Open 24/7 cooling centers, halt outdoor labor (11am-4pm), dispatch emergency water tankers to slum clusters, activate hospital heat-stroke protocols."
082S,Ward 082S (South East Delhi),South Delhi MCD,South East Delhi,28.5249,77.2601,1.84,0.89,0.189,0.7,16.5,16792,28.1,29.0,81.2,5.3,716.0,35.4,Moderate Risk,#fb8c00,29.0 °C (ΔT: +0.9 °C),35.4 °C (Moderate Risk),Enforce hydration breaks for outdoor workers,"⚠️ ADVISORY: Enforce hydration breaks for outdoor workers, distribute ORS at transit hubs, maintain continuous water supplies in high-density settlements.",29.5,30.4,81.6,2.7,675.0,37.6,Moderate Risk,#fb8c00,30.4 °C (ΔT: +0.9 °C),37.6 °C (Moderate Risk),Enforce hydration breaks for outdoor workers,"⚠️ ADVISORY: Enforce hydration breaks for outdoor workers, distribute ORS at transit hubs, maintain continuous water supplies in high-density settlements.",31.8,32.7,74.0,6.0,727.0,39.7,Critical Heat,#e53935,32.7 °C (ΔT: +0.9 °C),39.7 °C (Critical Heat),Activate municipal misting fans,"🔥 CRITICAL: Activate municipal misting fans, set up ORS hydration booths, advise elderly/children to remain indoors, halt non-essential outdoor work.",33.6,34.5,65.8,7.9,762.0,41.3,Critical Heat,#e53935,34.5 °C (ΔT: +0.9 °C),41.3 °C (Critical Heat),Activate municipal misting fans,"🔥 CRITICAL: Activate municipal misting fans, set up ORS hydration booths, advise elderly/children to remain indoors, halt non-essential outdoor work.",35.4,36.3,55.7,8.3,786.0,42.7,Critical Heat,#e53935,36.3 °C (ΔT: +0.9 °C),42.7 °C (Critical Heat),Activate municipal misting fans,"🔥 CRITICAL: Activate municipal misting fans, set up ORS hydration booths, advise elderly/children to remain indoors, halt non-essential outdoor work.",35.4,36.3,71.7,6.0,786.0,44.7,Extreme Danger,#8b0000,36.3 °C (ΔT: +0.9 °C),44.7 °C (Extreme Danger),Open 24/7 cooling centers,"🚨 EMERGENCY: Open 24/7 cooling centers, halt outdoor labor (11am-4pm), dispatch emergency water tankers to slum clusters, activate hospital heat-stroke protocols.",35.4,36.3,71.7,6.0,786.0,44.7,Extreme Danger,#8b0000,36.3 °C (ΔT: +0.9 °C),44.7 °C (Extreme Danger),Open 24/7 cooling centers,"🚨 EMERGENCY: Open 24/7 cooling centers, halt outdoor labor (11am-4pm), dispatch emergency water tankers to slum clusters, activate hospital heat-stroke protocols."
077S,Ward 077S (South East Delhi),South Delhi MCD,South East Delhi,28.5006,77.2437,0.99,0.85,0.185,0.66,17.6,19780,28.1,29.0,81.2,5.3,716.0,35.4,Moderate Risk,#fb8c00,29.0 °C (ΔT: +0.8 °C),35.4 °C (Moderate Risk),Enforce hydration breaks for outdoor workers,"⚠️ ADVISORY: Enforce hydration breaks for outdoor workers, distribute ORS at transit hubs, maintain continuous water supplies in high-density settlements.",29.5,30.4,81.6,2.7,675.0,37.6,Moderate Risk,#fb8c00,30.4 °C (ΔT: +0.8 °C),37.6 °C (Moderate Risk),Enforce hydration breaks for outdoor workers,"⚠️ ADVISORY: Enforce hydration breaks for outdoor workers, distribute ORS at transit hubs, maintain continuous water supplies in high-density settlements.",31.8,32.6,74.0,6.0,727.0,39.6,Critical Heat,#e53935,32.6 °C (ΔT: +0.8 °C),39.6 °C (Critical Heat),Activate municipal misting fans,"🔥 CRITICAL: Activate municipal misting fans, set up ORS hydration booths, advise elderly/children to remain indoors, halt non-essential outdoor work.",33.6,34.5,65.8,7.9,762.0,41.3,Critical Heat,#e53935,34.5 °C (ΔT: +0.8 °C),41.3 °C (Critical Heat),Activate municipal misting fans,"🔥 CRITICAL: Activate municipal misting fans, set up ORS hydration booths, advise elderly/children to remain indoors, halt non-essential outdoor work.",35.4,36.2,55.7,8.3,786.0,42.5,Critical Heat,#e53935,36.2 °C (ΔT: +0.8 °C),42.5 °C (Critical Heat),Activate municipal misting fans,"🔥 CRITICAL: Activate municipal misting fans, set up ORS hydration booths, advise elderly/children to remain indoors, halt non-essential outdoor work.",35.4,36.2,71.7,6.0,786.0,44.6,Extreme Danger,#8b0000,36.2 °C (ΔT: +0.8 °C),44.6 °C (Extreme Danger),Open 24/7 cooling centers,"🚨 EMERGENCY: Open 24/7 cooling centers, halt outdoor labor (11am-4pm), dispatch emergency water tankers to slum clusters, activate hospital heat-stroke protocols.",35.4,36.2,71.7,6.0,786.0,44.6,Extreme Danger,#8b0000,36.2 °C (ΔT: +0.8 °C),44.6 °C (Extreme Danger),Open 24/7 cooling centers,"🚨 EMERGENCY: Open 24/7 cooling centers, halt outdoor labor (11am-4pm), dispatch emergency water tankers to slum clusters, activate hospital heat-stroke protocols."
078S,Ward 078S (South Delhi),South Delhi MCD,South Delhi,28.4947,77.2287,4.11,-0.66,0.314,0.5,5.4,9440,28.0,27.3,80.0,6.1,727.0,33.0,Moderate Risk,#fb8c00,27.3 °C (ΔT: -0.7 °C),33.0 °C (Moderate Risk),Enforce hydration breaks for outdoor workers,"⚠️ ADVISORY: Enforce hydration breaks for outdoor workers, distribute ORS at transit hubs, maintain continuous water supplies in high-density settlements.",29.5,28.8,80.9,3.3,690.0,35.3,Moderate Risk,#fb8c00,28.8 °C (ΔT: -0.7 °C),35.3 °C (Moderate Risk),Enforce hydration breaks for outdoor workers,"⚠️ ADVISORY: Enforce hydration breaks for outdoor workers, distribute ORS at transit hubs, maintain continuous water supplies in high-density settlements.",31.5,30.8,74.1,7.3,730.0,37.0,Moderate Risk,#fb8c00,30.8 °C (ΔT: -0.7 °C),37.0 °C (Moderate Risk),Enforce hydration breaks for outdoor workers,"⚠️ ADVISORY: Enforce hydration breaks for outdoor workers, distribute ORS at transit hubs, maintain continuous water supplies in high-density settlements.",33.2,32.5,67.5,9.2,756.0,38.6,Critical Heat,#e53935,32.5 °C (ΔT: -0.7 °C),38.6 °C (Critical Heat),Activate municipal misting fans,"🔥 CRITICAL: Activate municipal misting fans, set up ORS hydration booths, advise elderly/children to remain indoors, halt non-essential outdoor work.",34.5,33.8,58.6,9.5,795.0,39.6,Critical Heat,#e53935,33.8 °C (ΔT: -0.7 °C),39.6 °C (Critical Heat),Activate municipal misting fans,"🔥 CRITICAL: Activate municipal misting fans, set up ORS hydration booths, advise elderly/children to remain indoors, halt non-essential outdoor work.",34.5,33.8,72.2,7.1,795.0,41.1,Critical Heat,#e53935,33.8 °C (ΔT: -0.7 °C),41.1 °C (Critical Heat),Activate municipal misting fans,"🔥 CRITICAL: Activate municipal misting fans, set up ORS hydration booths, advise elderly/children to remain indoors, halt non-essential outdoor work.",34.5,33.8,72.2,7.1,795.0,41.1,Critical Heat,#e53935,33.8 °C (ΔT: -0.7 °C),41.1 °C (Critical Heat),Activate municipal misting fans,"🔥 CRITICAL: Activate municipal misting fans, set up ORS hydration booths, advise elderly/children to remain indoors, halt non-essential outdoor work."
058S,Ward 058S (South East Delhi),South Delhi MCD,South East Delhi,28.5847,77.2395,4.83,0.99,0.202,0.73,17.9,15849,28.1,29.1,81.2,5.3,716.0,35.5,Moderate Risk,#fb8c00,29.1 °C (ΔT: +1.0 °C),35.5 °C (Moderate Risk),Enforce hydration breaks for outdoor workers,"⚠️ ADVISORY: Enforce hydration breaks for outdoor workers, distribute ORS at transit hubs, maintain continuous water supplies in high-density settlements.",29.5,30.5,81.6,2.7,675.0,37.8,Moderate Risk,#fb8c00,30.5 °C (ΔT: +1.0 °C),37.8 °C (Moderate Risk),Enforce hydration breaks for outdoor workers,"⚠️ ADVISORY: Enforce hydration breaks for outdoor workers, distribute ORS at transit hubs, maintain continuous water supplies in high-density settlements.",31.8,32.8,74.0,6.0,727.0,39.9,Critical Heat,#e53935,32.8 °C (ΔT: +1.0 °C),39.9 °C (Critical Heat),Activate municipal misting fans,"🔥 CRITICAL: Activate municipal misting fans, set up ORS hydration booths, advise elderly/children to remain indoors, halt non-essential outdoor work.",33.6,34.6,65.8,7.9,762.0,41.4,Critical Heat,#e53935,34.6 °C (ΔT: +1.0 °C),41.4 °C (Critical Heat),Activate municipal misting fans,"🔥 CRITICAL: Activate municipal misting fans, set up ORS hydration booths, advise elderly/children to remain indoors, halt non-essential outdoor work.",35.4,36.4,55.7,8.3,786.0,42.8,Critical Heat,#e53935,36.4 °C (ΔT: +1.0 °C),42.8 °C (Critical Heat),Activate municipal misting fans,"🔥 CRITICAL: Activate municipal misting fans, set up ORS hydration booths, advise elderly/children to remain indoors, halt non-essential outdoor work.",35.4,36.4,71.7,6.0,786.0,44.9,Extreme Danger,#8b0000,36.4 °C (ΔT: +1.0 °C),44.9 °C (Extreme Danger),Open 24/7 cooling centers,"🚨 EMERGENCY: Open 24/7 cooling centers, halt outdoor labor (11am-4pm), dispatch emergency water tankers to slum clusters, activate hospital heat-stroke protocols.",35.4,36.4,71.7,6.0,786.0,44.9,Extreme Danger,#8b0000,36.4 °C (ΔT: +1.0 °C),44.9 °C (Extreme Danger),Open 24/7 cooling centers,"🚨 EMERGENCY: Open 24/7 cooling centers, halt outdoor labor (11am-4pm), dispatch emergency water tankers to slum clusters, activate hospital heat-stroke protocols."
001S,Ward 001S (West Delhi),South Delhi MCD,West Delhi,28.6727,77.1169,0.59,1.01,0.174,0.74,15.7,17622,29.7,30.7,73.5,5.9,768.0,37.1,Moderate Risk,#fb8c00,30.7 °C (ΔT: +1.0 °C),37.1 °C (Moderate Risk),Enforce hydration breaks for outdoor workers,"⚠️ ADVISORY: Enforce hydration breaks for outdoor workers, distribute ORS at transit hubs, maintain continuous water supplies in high-density settlements.",30.1,31.1,74.9,2.9,658.0,38.0,Critical Heat,#e53935,31.1 °C (ΔT: +1.0 °C),38.0 °C (Critical Heat),Activate municipal misting fans,"🔥 CRITICAL: Activate municipal misting fans, set up ORS hydration booths, advise elderly/children to remain indoors, halt non-essential outdoor work.",32.6,33.6,69.4,7.2,732.0,40.4,Critical Heat,#e53935,33.6 °C (ΔT: +1.0 °C),40.4 °C (Critical Heat),Activate municipal misting fans,"🔥 CRITICAL: Activate municipal misting fans, set up ORS hydration booths, advise elderly/children to remain indoors, halt non-essential outdoor work.",34.1,35.1,63.2,9.1,734.0,41.6,Critical Heat,#e53935,35.1 °C (ΔT: +1.0 °C),41.6 °C (Critical Heat),Activate municipal misting fans,"🔥 CRITICAL: Activate municipal misting fans, set up ORS hydration booths, advise elderly/children to remain indoors, halt non-essential outdoor work.",35.2,36.2,55.8,9.2,786.0,42.4,Critical Heat,#e53935,36.2 °C (ΔT: +1.0 °C),42.4 °C (Critical Heat),Activate municipal misting fans,"🔥 CRITICAL: Activate municipal misting fans, set up ORS hydration booths, advise elderly/children to remain indoors, halt non-essential outdoor work.",35.2,36.2,67.3,6.8,786.0,44.0,Extreme Danger,#8b0000,36.2 °C (ΔT: +1.0 °C),44.0 °C (Extreme Danger),Open 24/7 cooling centers,"🚨 EMERGENCY: Open 24/7 cooling centers, halt outdoor labor (11am-4pm), dispatch emergency water tankers to slum clusters, activate hospital heat-stroke protocols.",35.2,36.2,67.3,6.8,786.0,44.0,Extreme Danger,#8b0000,36.2 °C (ΔT: +1.0 °C),44.0 °C (Extreme Danger),Open 24/7 cooling centers,"🚨 EMERGENCY: Open 24/7 cooling centers, halt outdoor labor (11am-4pm), dispatch emergency water tankers to slum clusters, activate hospital heat-stroke protocols."
002S,Ward 002S (West Delhi),South Delhi MCD,West Delhi,28.6707,77.1282,2.92,0.87,0.184,0.75,13.1,17211,29.7,30.6,73.5,5.9,768.0,37.0,Moderate Risk,#fb8c00,30.6 °C (ΔT: +0.9 °C),37.0 °C (Moderate Risk),Enforce hydration breaks for outdoor workers,"⚠️ ADVISORY: Enforce hydration breaks for outdoor workers, distribute ORS at transit hubs, maintain continuous water supplies in high-density settlements.",30.1,31.0,74.9,2.9,658.0,37.8,Moderate Risk,#fb8c00,31.0 °C (ΔT: +0.9 °C),37.8 °C (Moderate Risk),Enforce hydration breaks for outdoor workers,"⚠️ ADVISORY: Enforce hydration breaks for outdoor workers, distribute ORS at transit hubs, maintain continuous water supplies in high-density settlements.",32.6,33.5,69.4,7.2,732.0,40.3,Critical Heat,#e53935,33.5 °C (ΔT: +0.9 °C),40.3 °C (Critical Heat),Activate municipal misting fans,"🔥 CRITICAL: Activate municipal misting fans, set up ORS hydration booths, advise elderly/children to remain indoors, halt non-essential outdoor work.",34.1,35.0,63.2,9.1,734.0,41.5,Critical Heat,#e53935,35.0 °C (ΔT: +0.9 °C),41.5 °C (Critical Heat),Activate municipal misting fans,"🔥 CRITICAL: Activate municipal misting fans, set up ORS hydration booths, advise elderly/children to remain indoors, halt non-essential outdoor work.",35.2,36.1,55.8,9.2,786.0,42.3,Critical Heat,#e53935,36.1 °C (ΔT: +0.9 °C),42.3 °C (Critical Heat),Activate municipal misting fans,"🔥 CRITICAL: Activate municipal misting fans, set up ORS hydration booths, advise elderly/children to remain indoors, halt non-essential outdoor work.",35.2,36.1,67.3,6.8,786.0,43.8,Extreme Danger,#8b0000,36.1 °C (ΔT: +0.9 °C),43.8 °C (Extreme Danger),Open 24/7 cooling centers,"🚨 EMERGENCY: Open 24/7 cooling centers, halt outdoor labor (11am-4pm), dispatch emergency water tankers to slum clusters, activate hospital heat-stroke protocols.",35.2,36.1,67.3,6.8,786.0,43.8,Extreme Danger,#8b0000,36.1 °C (ΔT: +0.9 °C),43.8 °C (Extreme Danger),Open 24/7 cooling centers,"🚨 EMERGENCY: Open 24/7 cooling centers, halt outdoor labor (11am-4pm), dispatch emergency water tankers to slum clusters, activate hospital heat-stroke protocols."
003S,Ward 003S (West Delhi),South Delhi MCD,West Delhi,28.6572,77.1252,2.04,0.95,0.197,0.76,15.3,19594,29.7,30.6,73.5,5.9,768.0,37.0,Moderate Risk,#fb8c00,30.6 °C (ΔT: +0.9 °C),37.0 °C (Moderate Risk),Enforce hydration breaks for outdoor workers,"⚠️ ADVISORY: Enforce hydration breaks for outdoor workers, distribute ORS at transit hubs, maintain continuous water supplies in high-density settlements.",30.1,31.1,74.9,2.9,658.0,38.0,Critical Heat,#e53935,31.1 °C (ΔT: +0.9 °C),38.0 °C (Critical Heat),Activate municipal misting fans,"🔥 CRITICAL: Activate municipal misting fans, set up ORS hydration booths, advise elderly/children to remain indoors, halt non-essential outdoor work.",32.6,33.6,69.4,7.2,732.0,40.4,Critical Heat,#e53935,33.6 °C (ΔT: +0.9 °C),40.4 °C (Critical Heat),Activate municipal misting fans,"🔥 CRITICAL: Activate municipal misting fans, set up ORS hydration booths, advise elderly/children to remain indoors, halt non-essential outdoor work.",34.1,35.1,63.2,9.1,734.0,41.6,Critical Heat,#e53935,35.1 °C (ΔT: +0.9 °C),41.6 °C (Critical Heat),Activate municipal misting fans,"🔥 CRITICAL: Activate municipal misting fans, set up ORS hydration booths, advise elderly/children to remain indoors, halt non-essential outdoor work.",35.2,36.2,55.8,9.2,786.0,42.4,Critical Heat,#e53935,36.2 °C (ΔT: +0.9 °C),42.4 °C (Critical Heat),Activate municipal misting fans,"🔥 CRITICAL: Activate municipal misting fans, set up ORS hydration booths, advise elderly/children to remain indoors, halt non-essential outdoor work.",35.2,36.2,67.3,6.8,786.0,44.0,Extreme Danger,#8b0000,36.2 °C (ΔT: +0.9 °C),44.0 °C (Extreme Danger),Open 24/7 cooling centers,"🚨 EMERGENCY: Open 24/7 cooling centers, halt outdoor labor (11am-4pm), dispatch emergency water tankers to slum clusters, activate hospital heat-stroke protocols.",35.2,36.2,67.3,6.8,786.0,44.0,Extreme Danger,#8b0000,36.2 °C (ΔT: +0.9 °C),44.0 °C (Extreme Danger),Open 24/7 cooling centers,"🚨 EMERGENCY: Open 24/7 cooling centers, halt outdoor labor (11am-4pm), dispatch emergency water tankers to slum clusters, activate hospital heat-stroke protocols."
005S,Ward 005S (West Delhi),South Delhi MCD,West Delhi,28.6463,77.1197,2.39,1.34,0.132,0.76,18.1,19083,29.7,31.0,73.5,5.9,768.0,37.5,Moderate Risk,#fb8c00,31.0 °C (ΔT: +1.3 °C),37.5 °C (Moderate Risk),Enforce hydration breaks for outdoor workers,"⚠️ ADVISORY: Enforce hydration breaks for outdoor workers, distribute ORS at transit hubs, maintain continuous water supplies in high-density settlements.",30.1,31.4,74.9,2.9,658.0,38.4,Critical Heat,#e53935,31.4 °C (ΔT: +1.3 °C),38.4 °C (Critical Heat),Activate municipal misting fans,"🔥 CRITICAL: Activate municipal misting fans, set up ORS hydration booths, advise elderly/children to remain indoors, halt non-essential outdoor work.",32.6,33.9,69.4,7.2,732.0,40.8,Critical Heat,#e53935,33.9 °C (ΔT: +1.3 °C),40.8 °C (Critical Heat),Activate municipal misting fans,"🔥 CRITICAL: Activate municipal misting fans, set up ORS hydration booths, advise elderly/children to remain indoors, halt non-essential outdoor work.",34.1,35.4,63.2,9.1,734.0,42.0,Critical Heat,#e53935,35.4 °C (ΔT: +1.3 °C),42.0 °C (Critical Heat),Activate municipal misting fans,"🔥 CRITICAL: Activate municipal misting fans, set up ORS hydration booths, advise elderly/children to remain indoors, halt non-essential outdoor work.",35.2,36.5,55.8,9.2,786.0,42.8,Critical Heat,#e53935,36.5 °C (ΔT: +1.3 °C),42.8 °C (Critical Heat),Activate municipal misting fans,"🔥 CRITICAL: Activate municipal misting fans, set up ORS hydration booths, advise elderly/children to remain indoors, halt non-essential outdoor work.",35.2,36.5,67.3,6.8,786.0,44.4,Extreme Danger,#8b0000,36.5 °C (ΔT: +1.3 °C),44.4 °C (Extreme Danger),Open 24/7 cooling centers,"🚨 EMERGENCY: Open 24/7 cooling centers, halt outdoor labor (11am-4pm), dispatch emergency water tankers to slum clusters, activate hospital heat-stroke protocols.",35.2,36.5,67.3,6.8,786.0,44.4,Extreme Danger,#8b0000,36.5 °C (ΔT: +1.3 °C),44.4 °C (Extreme Danger),Open 24/7 cooling centers,"🚨 EMERGENCY: Open 24/7 cooling centers, halt outdoor labor (11am-4pm), dispatch emergency water tankers to slum clusters, activate hospital heat-stroke protocols."
004S,Ward 004S (West Delhi),South Delhi MCD,West Delhi,28.6599,77.1148,0.64,0.93,0.183,0.75,14.3,20649,29.7,30.6,73.5,5.9,768.0,37.0,Moderate Risk,#fb8c00,30.6 °C (ΔT: +0.9 °C),37.0 °C (Moderate Risk),Enforce hydration breaks for outdoor workers,"⚠️ ADVISORY: Enforce hydration breaks for outdoor workers, distribute ORS at transit hubs, maintain continuous water supplies in high-density settlements.",30.1,31.0,74.9,2.9,658.0,37.8,Moderate Risk,#fb8c00,31.0 °C (ΔT: +0.9 °C),37.8 °C (Moderate Risk),Enforce hydration breaks for outdoor workers,"⚠️ ADVISORY: Enforce hydration breaks for outdoor workers, distribute ORS at transit hubs, maintain continuous water supplies in high-density settlements.",32.6,33.5,69.4,7.2,732.0,40.3,Critical Heat,#e53935,33.5 °C (ΔT: +0.9 °C),40.3 °C (Critical Heat),Activate municipal misting fans,"🔥 CRITICAL: Activate municipal misting fans, set up ORS hydration booths, advise elderly/children to remain indoors, halt non-essential outdoor work.",34.1,35.0,63.2,9.1,734.0,41.5,Critical Heat,#e53935,35.0 °C (ΔT: +0.9 °C),41.5 °C (Critical Heat),Activate municipal misting fans,"🔥 CRITICAL: Activate municipal misting fans, set up ORS hydration booths, advise elderly/children to remain indoors, halt non-essential outdoor work.",35.2,36.1,55.8,9.2,786.0,42.3,Critical Heat,#e53935,36.1 °C (ΔT: +0.9 °C),42.3 °C (Critical Heat),Activate municipal misting fans,"🔥 CRITICAL: Activate municipal misting fans, set up ORS hydration booths, advise elderly/children to remain indoors, halt non-essential outdoor work.",35.2,36.1,67.3,6.8,786.0,43.8,Extreme Danger,#8b0000,36.1 °C (ΔT: +0.9 °C),43.8 °C (Extreme Danger),Open 24/7 cooling centers,"🚨 EMERGENCY: Open 24/7 cooling centers, halt outdoor labor (11am-4pm), dispatch emergency water tankers to slum clusters, activate hospital heat-stroke protocols.",35.2,36.1,67.3,6.8,786.0,43.8,Extreme Danger,#8b0000,36.1 °C (ΔT: +0.9 °C),43.8 °C (Extreme Danger),Open 24/7 cooling centers,"🚨 EMERGENCY: Open 24/7 cooling centers, halt outdoor labor (11am-4pm), dispatch emergency water tankers to slum clusters, activate hospital heat-stroke protocols."
008S,Ward 008S (West Delhi),South Delhi MCD,West Delhi,28.6569,77.1067,1.13,0.88,0.184,0.71,15.5,20437,29.7,30.6,73.5,5.9,768.0,37.0,Moderate Risk,#fb8c00,30.6 °C (ΔT: +0.9 °C),37.0 °C (Moderate Risk),Enforce hydration breaks for outdoor workers,"⚠️ ADVISORY: Enforce hydration breaks for outdoor workers, distribute ORS at transit hubs, maintain continuous water supplies in high-density settlements.",30.1,31.0,74.9,2.9,658.0,37.8,Moderate Risk,#fb8c00,31.0 °C (ΔT: +0.9 °C),37.8 °C (Moderate Risk),Enforce hydration breaks for outdoor workers,"⚠️ ADVISORY: Enforce hydration breaks for outdoor workers, distribute ORS at transit hubs, maintain continuous water supplies in high-density settlements.",32.6,33.5,69.4,7.2,732.0,40.3,Critical Heat,#e53935,33.5 °C (ΔT: +0.9 °C),40.3 °C (Critical Heat),Activate municipal misting fans,"🔥 CRITICAL: Activate municipal misting fans, set up ORS hydration booths, advise elderly/children to remain indoors, halt non-essential outdoor work.",34.1,35.0,63.2,9.1,734.0,41.5,Critical Heat,#e53935,35.0 °C (ΔT: +0.9 °C),41.5 °C (Critical Heat),Activate municipal misting fans,"🔥 CRITICAL: Activate municipal misting fans, set up ORS hydration booths, advise elderly/children to remain indoors, halt non-essential outdoor work.",35.2,36.1,55.8,9.2,786.0,42.3,Critical Heat,#e53935,36.1 °C (ΔT: +0.9 °C),42.3 °C (Critical Heat),Activate municipal misting fans,"🔥 CRITICAL: Activate municipal misting fans, set up ORS hydration booths, advise elderly/children to remain indoors, halt non-essential outdoor work.",35.2,36.1,67.3,6.8,786.0,43.8,Extreme Danger,#8b0000,36.1 °C (ΔT: +0.9 °C),43.8 °C (Extreme Danger),Open 24/7 cooling centers,"🚨 EMERGENCY: Open 24/7 cooling centers, halt outdoor labor (11am-4pm), dispatch emergency water tankers to slum clusters, activate hospital heat-stroke protocols.",35.2,36.1,67.3,6.8,786.0,43.8,Extreme Danger,#8b0000,36.1 °C (ΔT: +0.9 °C),43.8 °C (Extreme Danger),Open 24/7 cooling centers,"🚨 EMERGENCY: Open 24/7 cooling centers, halt outdoor labor (11am-4pm), dispatch emergency water tankers to slum clusters, activate hospital heat-stroke protocols."
007S,Ward 007S (West Delhi),South Delhi MCD,West Delhi,28.6514,77.1011,0.75,1.07,0.125,0.77,11.6,18091,29.7,30.8,73.5,5.9,768.0,37.3,Moderate Risk,#fb8c00,30.8 °C (ΔT: +1.1 °C),37.3 °C (Moderate Risk),Enforce hydration breaks for outdoor workers,"⚠️ ADVISORY: Enforce hydration breaks for outdoor workers, distribute ORS at transit hubs, maintain continuous water supplies in high-density settlements.",30.1,31.2,74.9,2.9,658.0,38.1,Critical Heat,#e53935,31.2 °C (ΔT: +1.1 °C),38.1 °C (Critical Heat),Activate municipal misting fans,"🔥 CRITICAL: Activate municipal misting fans, set up ORS hydration booths, advise elderly/children to remain indoors, halt non-essential outdoor work.",32.6,33.7,69.4,7.2,732.0,40.5,Critical Heat,#e53935,33.7 °C (ΔT: +1.1 °C),40.5 °C (Critical Heat),Activate municipal misting fans,"🔥 CRITICAL: Activate municipal misting fans, set up ORS hydration booths, advise elderly/children to remain indoors, halt non-essential outdoor work.",34.1,35.2,63.2,9.1,734.0,41.7,Critical Heat,#e53935,35.2 °C (ΔT: +1.1 °C),41.7 °C (Critical Heat),Activate municipal misting fans,"🔥 CRITICAL: Activate municipal misting fans, set up ORS hydration booths, advise elderly/children to remain indoors, halt non-essential outdoor work.",35.2,36.3,55.8,9.2,786.0,42.6,Critical Heat,#e53935,36.3 °C (ΔT: +1.1 °C),42.6 °C (Critical Heat),Activate municipal misting fans,"🔥 CRITICAL: Activate municipal misting fans, set up ORS hydration booths, advise elderly/children to remain indoors, halt non-essential outdoor work.",35.2,36.3,67.3,6.8,786.0,44.1,Extreme Danger,#8b0000,36.3 °C (ΔT: +1.1 °C),44.1 °C (Extreme Danger),Open 24/7 cooling centers,"🚨 EMERGENCY: Open 24/7 cooling centers, halt outdoor labor (11am-4pm), dispatch emergency water tankers to slum clusters, activate hospital heat-stroke protocols.",35.2,36.3,67.3,6.8,786.0,44.1,Extreme Danger,#8b0000,36.3 °C (ΔT: +1.1 °C),44.1 °C (Extreme Danger),Open 24/7 cooling centers,"🚨 EMERGENCY: Open 24/7 cooling centers, halt outdoor labor (11am-4pm), dispatch emergency water tankers to slum clusters, activate hospital heat-stroke protocols."
006S,Ward 006S (West Delhi),South Delhi MCD,West Delhi,28.6474,77.1,1.01,1.21,0.132,0.77,14.9,20233,29.7,30.9,73.5,5.9,768.0,37.4,Moderate Risk,#fb8c00,30.9 °C (ΔT: +1.2 °C),37.4 °C (Moderate Risk),Enforce hydration breaks for outdoor workers,"⚠️ ADVISORY: Enforce hydration breaks for outdoor workers, distribute ORS at transit hubs, maintain continuous water supplies in high-density settlements.",30.1,31.3,74.9,2.9,658.0,38.2,Critical Heat,#e53935,31.3 °C (ΔT: +1.2 °C),38.2 °C (Critical Heat),Activate municipal misting fans,"🔥 CRITICAL: Activate municipal misting fans, set up ORS hydration booths, advise elderly/children to remain indoors, halt non-essential outdoor work.",32.6,33.8,69.4,7.2,732.0,40.7,Critical Heat,#e53935,33.8 °C (ΔT: +1.2 °C),40.7 °C (Critical Heat),Activate municipal misting fans,"🔥 CRITICAL: Activate municipal misting fans, set up ORS hydration booths, advise elderly/children to remain indoors, halt non-essential outdoor work.",34.1,35.3,63.2,9.1,734.0,41.9,Critical Heat,#e53935,35.3 °C (ΔT: +1.2 °C),41.9 °C (Critical Heat),Activate municipal misting fans,"🔥 CRITICAL: Activate municipal misting fans, set up ORS hydration booths, advise elderly/children to remain indoors, halt non-essential outdoor work.",35.2,36.4,55.8,9.2,786.0,42.7,Critical Heat,#e53935,36.4 °C (ΔT: +1.2 °C),42.7 °C (Critical Heat),Activate municipal misting fans,"🔥 CRITICAL: Activate municipal misting fans, set up ORS hydration booths, advise elderly/children to remain indoors, halt non-essential outdoor work.",35.2,36.4,67.3,6.8,786.0,44.3,Extreme Danger,#8b0000,36.4 °C (ΔT: +1.2 °C),44.3 °C (Extreme Danger),Open 24/7 cooling centers,"🚨 EMERGENCY: Open 24/7 cooling centers, halt outdoor labor (11am-4pm), dispatch emergency water tankers to slum clusters, activate hospital heat-stroke protocols.",35.2,36.4,67.3,6.8,786.0,44.3,Extreme Danger,#8b0000,36.4 °C (ΔT: +1.2 °C),44.3 °C (Extreme Danger),Open 24/7 cooling centers,"🚨 EMERGENCY: Open 24/7 cooling centers, halt outdoor labor (11am-4pm), dispatch emergency water tankers to slum clusters, activate hospital heat-stroke protocols."
012S,Ward 012S (West Delhi),South Delhi MCD,West Delhi,28.6504,77.0845,2.78,0.9,0.199,0.71,17.1,17200,29.7,30.6,73.5,5.9,768.0,37.0,Moderate Risk,#fb8c00,30.6 °C (ΔT: +0.9 °C),37.0 °C (Moderate Risk),Enforce hydration breaks for outdoor workers,"⚠️ ADVISORY: Enforce hydration breaks for outdoor workers, distribute ORS at transit hubs, maintain continuous water supplies in high-density settlements.",30.1,31.0,74.9,2.9,658.0,37.8,Moderate Risk,#fb8c00,31.0 °C (ΔT: +0.9 °C),37.8 °C (Moderate Risk),Enforce hydration breaks for outdoor workers,"⚠️ ADVISORY: Enforce hydration breaks for outdoor workers, distribute ORS at transit hubs, maintain continuous water supplies in high-density settlements.",32.6,33.5,69.4,7.2,732.0,40.3,Critical Heat,#e53935,33.5 °C (ΔT: +0.9 °C),40.3 °C (Critical Heat),Activate municipal misting fans,"🔥 CRITICAL: Activate municipal misting fans, set up ORS hydration booths, advise elderly/children to remain indoors, halt non-essential outdoor work.",34.1,35.0,63.2,9.1,734.0,41.5,Critical Heat,#e53935,35.0 °C (ΔT: +0.9 °C),41.5 °C (Critical Heat),Activate municipal misting fans,"🔥 CRITICAL: Activate municipal misting fans, set up ORS hydration booths, advise elderly/children to remain indoors, halt non-essential outdoor work.",35.2,36.1,55.8,9.2,786.0,42.3,Critical Heat,#e53935,36.1 °C (ΔT: +0.9 °C),42.3 °C (Critical Heat),Activate municipal misting fans,"🔥 CRITICAL: Activate municipal misting fans, set up ORS hydration booths, advise elderly/children to remain indoors, halt non-essential outdoor work.",35.2,36.1,67.3,6.8,786.0,43.8,Extreme Danger,#8b0000,36.1 °C (ΔT: +0.9 °C),43.8 °C (Extreme Danger),Open 24/7 cooling centers,"🚨 EMERGENCY: Open 24/7 cooling centers, halt outdoor labor (11am-4pm), dispatch emergency water tankers to slum clusters, activate hospital heat-stroke protocols.",35.2,36.1,67.3,6.8,786.0,43.8,Extreme Danger,#8b0000,36.1 °C (ΔT: +0.9 °C),43.8 °C (Extreme Danger),Open 24/7 cooling centers,"🚨 EMERGENCY: Open 24/7 cooling centers, halt outdoor labor (11am-4pm), dispatch emergency water tankers to slum clusters, activate hospital heat-stroke protocols."
013S,Ward 013S (West Delhi),South Delhi MCD,West Delhi,28.6432,77.0968,1.78,1.19,0.144,0.73,17.6,17825,29.7,30.9,73.5,5.9,768.0,37.4,Moderate Risk,#fb8c00,30.9 °C (ΔT: +1.2 °C),37.4 °C (Moderate Risk),Enforce hydration breaks for outdoor workers,"⚠️ ADVISORY: Enforce hydration breaks for outdoor workers, distribute ORS at transit hubs, maintain continuous water supplies in high-density settlements.",30.1,31.3,74.9,2.9,658.0,38.2,Critical Heat,#e53935,31.3 °C (ΔT: +1.2 °C),38.2 °C (Critical Heat),Activate municipal misting fans,"🔥 CRITICAL: Activate municipal misting fans, set up ORS hydration booths, advise elderly/children to remain indoors, halt non-essential outdoor work.",32.6,33.8,69.4,7.2,732.0,40.7,Critical Heat,#e53935,33.8 °C (ΔT: +1.2 °C),40.7 °C (Critical Heat),Activate municipal misting fans,"🔥 CRITICAL: Activate municipal misting fans, set up ORS hydration booths, advise elderly/children to remain indoors, halt non-essential outdoor work.",34.1,35.3,63.2,9.1,734.0,41.9,Critical Heat,#e53935,35.3 °C (ΔT: +1.2 °C),41.9 °C (Critical Heat),Activate municipal misting fans,"🔥 CRITICAL: Activate municipal misting fans, set up ORS hydration booths, advise elderly/children to remain indoors, halt non-essential outdoor work.",35.2,36.4,55.8,9.2,786.0,42.7,Critical Heat,#e53935,36.4 °C (ΔT: +1.2 °C),42.7 °C (Critical Heat),Activate municipal misting fans,"🔥 CRITICAL: Activate municipal misting fans, set up ORS hydration booths, advise elderly/children to remain indoors, halt non-essential outdoor work.",35.2,36.4,67.3,6.8,786.0,44.3,Extreme Danger,#8b0000,36.4 °C (ΔT: +1.2 °C),44.3 °C (Extreme Danger),Open 24/7 cooling centers,"🚨 EMERGENCY: Open 24/7 cooling centers, halt outdoor labor (11am-4pm), dispatch emergency water tankers to slum clusters, activate hospital heat-stroke protocols.",35.2,36.4,67.3,6.8,786.0,44.3,Extreme Danger,#8b0000,36.4 °C (ΔT: +1.2 °C),44.3 °C (Extreme Danger),Open 24/7 cooling centers,"🚨 EMERGENCY: Open 24/7 cooling centers, halt outdoor labor (11am-4pm), dispatch emergency water tankers to slum clusters, activate hospital heat-stroke protocols."
009S,Ward 009S (West Delhi),South Delhi MCD,West Delhi,28.635,77.1206,2.9,0.91,0.15,0.71,13.4,20419,29.7,30.6,73.5,5.9,768.0,37.0,Moderate Risk,#fb8c00,30.6 °C (ΔT: +0.9 °C),37.0 °C (Moderate Risk),Enforce hydration breaks for outdoor workers,"⚠️ ADVISORY: Enforce hydration breaks for outdoor workers, distribute ORS at transit hubs, maintain continuous water supplies in high-density settlements.",30.1,31.0,74.9,2.9,658.0,37.8,Moderate Risk,#fb8c00,31.0 °C (ΔT: +0.9 °C),37.8 °C (Moderate Risk),Enforce hydration breaks for outdoor workers,"⚠️ ADVISORY: Enforce hydration breaks for outdoor workers, distribute ORS at transit hubs, maintain continuous water supplies in high-density settlements.",32.6,33.5,69.4,7.2,732.0,40.3,Critical Heat,#e53935,33.5 °C (ΔT: +0.9 °C),40.3 °C (Critical Heat),Activate municipal misting fans,"🔥 CRITICAL: Activate municipal misting fans, set up ORS hydration booths, advise elderly/children to remain indoors, halt non-essential outdoor work.",34.1,35.0,63.2,9.1,734.0,41.5,Critical Heat,#e53935,35.0 °C (ΔT: +0.9 °C),41.5 °C (Critical Heat),Activate municipal misting fans,"🔥 CRITICAL: Activate municipal misting fans, set up ORS hydration booths, advise elderly/children to remain indoors, halt non-essential outdoor work.",35.2,36.1,55.8,9.2,786.0,42.3,Critical Heat,#e53935,36.1 °C (ΔT: +0.9 °C),42.3 °C (Critical Heat),Activate municipal misting fans,"🔥 CRITICAL: Activate municipal misting fans, set up ORS hydration booths, advise elderly/children to remain indoors, halt non-essential outdoor work.",35.2,36.1,67.3,6.8,786.0,43.8,Extreme Danger,#8b0000,36.1 °C (ΔT: +0.9 °C),43.8 °C (Extreme Danger),Open 24/7 cooling centers,"🚨 EMERGENCY: Open 24/7 cooling centers, halt outdoor labor (11am-4pm), dispatch emergency water tankers to slum clusters, activate hospital heat-stroke protocols.",35.2,36.1,67.3,6.8,786.0,43.8,Extreme Danger,#8b0000,36.1 °C (ΔT: +0.9 °C),43.8 °C (Extreme Danger),Open 24/7 cooling centers,"🚨 EMERGENCY: Open 24/7 cooling centers, halt outdoor labor (11am-4pm), dispatch emergency water tankers to slum clusters, activate hospital heat-stroke protocols."
010S,Ward 010S (West Delhi),South Delhi MCD,West Delhi,28.6215,77.1154,2.8,1.03,0.192,0.74,17.5,21901,29.7,30.7,73.5,5.9,768.0,37.1,Moderate Risk,#fb8c00,30.7 °C (ΔT: +1.0 °C),37.1 °C (Moderate Risk),Enforce hydration breaks for outdoor workers,"⚠️ ADVISORY: Enforce hydration breaks for outdoor workers, distribute ORS at transit hubs, maintain continuous water supplies in high-density settlements.",30.1,31.1,74.9,2.9,658.0,38.0,Critical Heat,#e53935,31.1 °C (ΔT: +1.0 °C),38.0 °C (Critical Heat),Activate municipal misting fans,"🔥 CRITICAL: Activate municipal misting fans, set up ORS hydration booths, advise elderly/children to remain indoors, halt non-essential outdoor work.",32.6,33.6,69.4,7.2,732.0,40.4,Critical Heat,#e53935,33.6 °C (ΔT: +1.0 °C),40.4 °C (Critical Heat),Activate municipal misting fans,"🔥 CRITICAL: Activate municipal misting fans, set up ORS hydration booths, advise elderly/children to remain indoors, halt non-essential outdoor work.",34.1,35.1,63.2,9.1,734.0,41.6,Critical Heat,#e53935,35.1 °C (ΔT: +1.0 °C),41.6 °C (Critical Heat),Activate municipal misting fans,"🔥 CRITICAL: Activate municipal misting fans, set up ORS hydration booths, advise elderly/children to remain indoors, halt non-essential outdoor work.",35.2,36.2,55.8,9.2,786.0,42.4,Critical Heat,#e53935,36.2 °C (ΔT: +1.0 °C),42.4 °C (Critical Heat),Activate municipal misting fans,"🔥 CRITICAL: Activate municipal misting fans, set up ORS hydration booths, advise elderly/children to remain indoors, halt non-essential outdoor work.",35.2,36.2,67.3,6.8,786.0,44.0,Extreme Danger,#8b0000,36.2 °C (ΔT: +1.0 °C),44.0 °C (Extreme Danger),Open 24/7 cooling centers,"🚨 EMERGENCY: Open 24/7 cooling centers, halt outdoor labor (11am-4pm), dispatch emergency water tankers to slum clusters, activate hospital heat-stroke protocols.",35.2,36.2,67.3,6.8,786.0,44.0,Extreme Danger,#8b0000,36.2 °C (ΔT: +1.0 °C),44.0 °C (Extreme Danger),Open 24/7 cooling centers,"🚨 EMERGENCY: Open 24/7 cooling centers, halt outdoor labor (11am-4pm), dispatch emergency water tankers to slum clusters, activate hospital heat-stroke protocols."
011S,Ward 011S (West Delhi),South Delhi MCD,West Delhi,28.6299,77.1001,2.89,0.74,0.168,0.7,11.9,17480,29.7,30.4,73.5,5.9,768.0,36.7,Moderate Risk,#fb8c00,30.4 °C (ΔT: +0.7 °C),36.7 °C (Moderate Risk),Enforce hydration breaks for outdoor workers,"⚠️ ADVISORY: Enforce hydration breaks for outdoor workers, distribute ORS at transit hubs, maintain continuous water supplies in high-density settlements.",30.1,30.8,74.9,2.9,658.0,37.5,Moderate Risk,#fb8c00,30.8 °C (ΔT: +0.7 °C),37.5 °C (Moderate Risk),Enforce hydration breaks for outdoor workers,"⚠️ ADVISORY: Enforce hydration breaks for outdoor workers, distribute ORS at transit hubs, maintain continuous water supplies in high-density settlements.",32.6,33.3,69.4,7.2,732.0,40.0,Critical Heat,#e53935,33.3 °C (ΔT: +0.7 °C),40.0 °C (Critical Heat),Activate municipal misting fans,"🔥 CRITICAL: Activate municipal misting fans, set up ORS hydration booths, advise elderly/children to remain indoors, halt non-essential outdoor work.",34.1,34.8,63.2,9.1,734.0,41.2,Critical Heat,#e53935,34.8 °C (ΔT: +0.7 °C),41.2 °C (Critical Heat),Activate municipal misting fans,"🔥 CRITICAL: Activate municipal misting fans, set up ORS hydration booths, advise elderly/children to remain indoors, halt non-essential outdoor work.",35.2,35.9,55.8,9.2,786.0,42.0,Critical Heat,#e53935,35.9 °C (ΔT: +0.7 °C),42.0 °C (Critical Heat),Activate municipal misting fans,"🔥 CRITICAL: Activate municipal misting fans, set up ORS hydration booths, advise elderly/children to remain indoors, halt non-essential outdoor work.",35.2,35.9,67.3,6.8,786.0,43.6,Extreme Danger,#8b0000,35.9 °C (ΔT: +0.7 °C),43.6 °C (Extreme Danger),Open 24/7 cooling centers,"🚨 EMERGENCY: Open 24/7 cooling centers, halt outdoor labor (11am-4pm), dispatch emergency water tankers to slum clusters, activate hospital heat-stroke protocols.",35.2,35.9,67.3,6.8,786.0,43.6,Extreme Danger,#8b0000,35.9 °C (ΔT: +0.7 °C),43.6 °C (Extreme Danger),Open 24/7 cooling centers,"🚨 EMERGENCY: Open 24/7 cooling centers, halt outdoor labor (11am-4pm), dispatch emergency water tankers to slum clusters, activate hospital heat-stroke protocols."
014S,Ward 014S (West Delhi),South Delhi MCD,West Delhi,28.6352,77.0791,1.52,1.24,0.131,0.79,14.5,21452,29.7,30.9,73.5,5.9,768.0,37.4,Moderate Risk,#fb8c00,30.9 °C (ΔT: +1.2 °C),37.4 °C (Moderate Risk),Enforce hydration breaks for outdoor workers,"⚠️ ADVISORY: Enforce hydration breaks for outdoor workers, distribute ORS at transit hubs, maintain continuous water supplies in high-density settlements.",30.1,31.3,74.9,2.9,658.0,38.2,Critical Heat,#e53935,31.3 °C (ΔT: +1.2 °C),38.2 °C (Critical Heat),Activate municipal misting fans,"🔥 CRITICAL: Activate municipal misting fans, set up ORS hydration booths, advise elderly/children to remain indoors, halt non-essential outdoor work.",32.6,33.8,69.4,7.2,732.0,40.7,Critical Heat,#e53935,33.8 °C (ΔT: +1.2 °C),40.7 °C (Critical Heat),Activate municipal misting fans,"🔥 CRITICAL: Activate municipal misting fans, set up ORS hydration booths, advise elderly/children to remain indoors, halt non-essential outdoor work.",34.1,35.3,63.2,9.1,734.0,41.9,Critical Heat,#e53935,35.3 °C (ΔT: +1.2 °C),41.9 °C (Critical Heat),Activate municipal misting fans,"🔥 CRITICAL: Activate municipal misting fans, set up ORS hydration booths, advise elderly/children to remain indoors, halt non-essential outdoor work.",35.2,36.4,55.8,9.2,786.0,42.7,Critical Heat,#e53935,36.4 °C (ΔT: +1.2 °C),42.7 °C (Critical Heat),Activate municipal misting fans,"🔥 CRITICAL: Activate municipal misting fans, set up ORS hydration booths, advise elderly/children to remain indoors, halt non-essential outdoor work.",35.2,36.4,67.3,6.8,786.0,44.3,Extreme Danger,#8b0000,36.4 °C (ΔT: +1.2 °C),44.3 °C (Extreme Danger),Open 24/7 cooling centers,"🚨 EMERGENCY: Open 24/7 cooling centers, halt outdoor labor (11am-4pm), dispatch emergency water tankers to slum clusters, activate hospital heat-stroke protocols.",35.2,36.4,67.3,6.8,786.0,44.3,Extreme Danger,#8b0000,36.4 °C (ΔT: +1.2 °C),44.3 °C (Extreme Danger),Open 24/7 cooling centers,"🚨 EMERGENCY: Open 24/7 cooling centers, halt outdoor labor (11am-4pm), dispatch emergency water tankers to slum clusters, activate hospital heat-stroke protocols."
020S,Ward 020S (West Delhi),South Delhi MCD,West Delhi,28.6382,77.0699,2.71,1.33,0.124,0.75,17.9,17431,29.7,31.0,73.5,5.9,768.0,37.5,Moderate Risk,#fb8c00,31.0 °C (ΔT: +1.3 °C),37.5 °C (Moderate Risk),Enforce hydration breaks for outdoor workers,"⚠️ ADVISORY: Enforce hydration breaks for outdoor workers, distribute ORS at transit hubs, maintain continuous water supplies in high-density settlements.",30.1,31.4,74.9,2.9,658.0,38.4,Critical Heat,#e53935,31.4 °C (ΔT: +1.3 °C),38.4 °C (Critical Heat),Activate municipal misting fans,"🔥 CRITICAL: Activate municipal misting fans, set up ORS hydration booths, advise elderly/children to remain indoors, halt non-essential outdoor work.",32.6,33.9,69.4,7.2,732.0,40.8,Critical Heat,#e53935,33.9 °C (ΔT: +1.3 °C),40.8 °C (Critical Heat),Activate municipal misting fans,"🔥 CRITICAL: Activate municipal misting fans, set up ORS hydration booths, advise elderly/children to remain indoors, halt non-essential outdoor work.",34.1,35.4,63.2,9.1,734.0,42.0,Critical Heat,#e53935,35.4 °C (ΔT: +1.3 °C),42.0 °C (Critical Heat),Activate municipal misting fans,"🔥 CRITICAL: Activate municipal misting fans, set up ORS hydration booths, advise elderly/children to remain indoors, halt non-essential outdoor work.",35.2,36.5,55.8,9.2,786.0,42.8,Critical Heat,#e53935,36.5 °C (ΔT: +1.3 °C),42.8 °C (Critical Heat),Activate municipal misting fans,"🔥 CRITICAL: Activate municipal misting fans, set up ORS hydration booths, advise elderly/children to remain indoors, halt non-essential outdoor work.",35.2,36.5,67.3,6.8,786.0,44.4,Extreme Danger,#8b0000,36.5 °C (ΔT: +1.3 °C),44.4 °C (Extreme Danger),Open 24/7 cooling centers,"🚨 EMERGENCY: Open 24/7 cooling centers, halt outdoor labor (11am-4pm), dispatch emergency water tankers to slum clusters, activate hospital heat-stroke protocols.",35.2,36.5,67.3,6.8,786.0,44.4,Extreme Danger,#8b0000,36.5 °C (ΔT: +1.3 °C),44.4 °C (Extreme Danger),Open 24/7 cooling centers,"🚨 EMERGENCY: Open 24/7 cooling centers, halt outdoor labor (11am-4pm), dispatch emergency water tankers to slum clusters, activate hospital heat-stroke protocols."
045S,Ward 045S (South West Delhi),South Delhi MCD,South West Delhi,28.5859,76.9006,74.02,-0.35,0.25,0.52,5.8,8360,30.1,29.8,73.5,5.7,769.0,36.0,Moderate Risk,#fb8c00,29.8 °C (ΔT: -0.3 °C),36.0 °C (Moderate Risk),Enforce hydration breaks for outdoor workers,"⚠️ ADVISORY: Enforce hydration breaks for outdoor workers, distribute ORS at transit hubs, maintain continuous water supplies in high-density settlements.",29.9,29.5,78.5,2.8,676.0,36.2,Moderate Risk,#fb8c00,29.5 °C (ΔT: -0.3 °C),36.2 °C (Moderate Risk),Enforce hydration breaks for outdoor workers,"⚠️ ADVISORY: Enforce hydration breaks for outdoor workers, distribute ORS at transit hubs, maintain continuous water supplies in high-density settlements.",32.1,31.8,74.3,6.7,741.0,38.5,Critical Heat,#e53935,31.8 °C (ΔT: -0.3 °C),38.5 °C (Critical Heat),Activate municipal misting fans,"🔥 CRITICAL: Activate municipal misting fans, set up ORS hydration booths, advise elderly/children to remain indoors, halt non-essential outdoor work.",33.5,33.1,69.9,8.0,736.0,39.7,Critical Heat,#e53935,33.1 °C (ΔT: -0.3 °C),39.7 °C (Critical Heat),Activate municipal misting fans,"🔥 CRITICAL: Activate municipal misting fans, set up ORS hydration booths, advise elderly/children to remain indoors, halt non-essential outdoor work.",34.2,33.9,64.2,8.0,793.0,40.4,Critical Heat,#e53935,33.9 °C (ΔT: -0.3 °C),40.4 °C (Critical Heat),Activate municipal misting fans,"🔥 CRITICAL: Activate municipal misting fans, set up ORS hydration booths, advise elderly/children to remain indoors, halt non-essential outdoor work.",34.2,33.9,72.1,6.2,793.0,41.4,Critical Heat,#e53935,33.9 °C (ΔT: -0.3 °C),41.4 °C (Critical Heat),Activate municipal misting fans,"🔥 CRITICAL: Activate municipal misting fans, set up ORS hydration booths, advise elderly/children to remain indoors, halt non-essential outdoor work.",34.2,33.9,72.1,6.2,793.0,41.4,Critical Heat,#e53935,33.9 °C (ΔT: -0.3 °C),41.4 °C (Critical Heat),Activate municipal misting fans,"🔥 CRITICAL: Activate municipal misting fans, set up ORS hydration booths, advise elderly/children to remain indoors, halt non-essential outdoor work."
040S,Ward 040S (South West Delhi),South Delhi MCD,South West Delhi,28.5452,76.9495,81.17,-0.38,0.273,0.47,9.6,7240,30.1,29.7,73.5,5.7,769.0,35.8,Moderate Risk,#fb8c00,29.7 °C (ΔT: -0.4 °C),35.8 °C (Moderate Risk),Enforce hydration breaks for outdoor workers,"⚠️ ADVISORY: Enforce hydration breaks for outdoor workers, distribute ORS at transit hubs, maintain continuous water supplies in high-density settlements.",29.9,29.5,78.5,2.8,676.0,36.2,Moderate Risk,#fb8c00,29.5 °C (ΔT: -0.4 °C),36.2 °C (Moderate Risk),Enforce hydration breaks for outdoor workers,"⚠️ ADVISORY: Enforce hydration breaks for outdoor workers, distribute ORS at transit hubs, maintain continuous water supplies in high-density settlements.",32.1,31.7,74.3,6.7,741.0,38.3,Critical Heat,#e53935,31.7 °C (ΔT: -0.4 °C),38.3 °C (Critical Heat),Activate municipal misting fans,"🔥 CRITICAL: Activate municipal misting fans, set up ORS hydration booths, advise elderly/children to remain indoors, halt non-essential outdoor work.",33.5,33.1,69.9,8.0,736.0,39.7,Critical Heat,#e53935,33.1 °C (ΔT: -0.4 °C),39.7 °C (Critical Heat),Activate municipal misting fans,"🔥 CRITICAL: Activate municipal misting fans, set up ORS hydration booths, advise elderly/children to remain indoors, halt non-essential outdoor work.",34.2,33.8,64.2,8.0,793.0,40.3,Critical Heat,#e53935,33.8 °C (ΔT: -0.4 °C),40.3 °C (Critical Heat),Activate municipal misting fans,"🔥 CRITICAL: Activate municipal misting fans, set up ORS hydration booths, advise elderly/children to remain indoors, halt non-essential outdoor work.",34.2,33.8,72.1,6.2,793.0,41.2,Critical Heat,#e53935,33.8 °C (ΔT: -0.4 °C),41.2 °C (Critical Heat),Activate municipal misting fans,"🔥 CRITICAL: Activate municipal misting fans, set up ORS hydration booths, advise elderly/children to remain indoors, halt non-essential outdoor work.",34.2,33.8,72.1,6.2,793.0,41.2,Critical Heat,#e53935,33.8 °C (ΔT: -0.4 °C),41.2 °C (Critical Heat),Activate municipal misting fans,"🔥 CRITICAL: Activate municipal misting fans, set up ORS hydration booths, advise elderly/children to remain indoors, halt non-essential outdoor work."
039S,Ward 039S (South West Delhi),South Delhi MCD,South West Delhi,28.5703,77.0118,14.76,-0.37,0.293,0.52,8.7,5232,30.1,29.7,73.5,5.7,769.0,35.8,Moderate Risk,#fb8c00,29.7 °C (ΔT: -0.4 °C),35.8 °C (Moderate Risk),Enforce hydration breaks for outdoor workers,"⚠️ ADVISORY: Enforce hydration breaks for outdoor workers, distribute ORS at transit hubs, maintain continuous water supplies in high-density settlements.",29.9,29.5,78.5,2.8,676.0,36.2,Moderate Risk,#fb8c00,29.5 °C (ΔT: -0.4 °C),36.2 °C (Moderate Risk),Enforce hydration breaks for outdoor workers,"⚠️ ADVISORY: Enforce hydration breaks for outdoor workers, distribute ORS at transit hubs, maintain continuous water supplies in high-density settlements.",32.1,31.7,74.3,6.7,741.0,38.3,Critical Heat,#e53935,31.7 °C (ΔT: -0.4 °C),38.3 °C (Critical Heat),Activate municipal misting fans,"🔥 CRITICAL: Activate municipal misting fans, set up ORS hydration booths, advise elderly/children to remain indoors, halt non-essential outdoor work.",33.5,33.1,69.9,8.0,736.0,39.7,Critical Heat,#e53935,33.1 °C (ΔT: -0.4 °C),39.7 °C (Critical Heat),Activate municipal misting fans,"🔥 CRITICAL: Activate municipal misting fans, set up ORS hydration booths, advise elderly/children to remain indoors, halt non-essential outdoor work.",34.2,33.8,64.2,8.0,793.0,40.3,Critical Heat,#e53935,33.8 °C (ΔT: -0.4 °C),40.3 °C (Critical Heat),Activate municipal misting fans,"🔥 CRITICAL: Activate municipal misting fans, set up ORS hydration booths, advise elderly/children to remain indoors, halt non-essential outdoor work.",34.2,33.8,72.1,6.2,793.0,41.2,Critical Heat,#e53935,33.8 °C (ΔT: -0.4 °C),41.2 °C (Critical Heat),Activate municipal misting fans,"🔥 CRITICAL: Activate municipal misting fans, set up ORS hydration booths, advise elderly/children to remain indoors, halt non-essential outdoor work.",34.2,33.8,72.1,6.2,793.0,41.2,Critical Heat,#e53935,33.8 °C (ΔT: -0.4 °C),41.2 °C (Critical Heat),Activate municipal misting fans,"🔥 CRITICAL: Activate municipal misting fans, set up ORS hydration booths, advise elderly/children to remain indoors, halt non-essential outdoor work."
041S,Ward 041S (South West Delhi),South Delhi MCD,South West Delhi,28.6406,76.9521,18.57,-0.27,0.281,0.5,10.8,4132,30.1,29.8,73.5,5.7,769.0,36.0,Moderate Risk,#fb8c00,29.8 °C (ΔT: -0.3 °C),36.0 °C (Moderate Risk),Enforce hydration breaks for outdoor workers,"⚠️ ADVISORY: Enforce hydration breaks for outdoor workers, distribute ORS at transit hubs, maintain continuous water supplies in high-density settlements.",29.9,29.6,78.5,2.8,676.0,36.3,Moderate Risk,#fb8c00,29.6 °C (ΔT: -0.3 °C),36.3 °C (Moderate Risk),Enforce hydration breaks for outdoor workers,"⚠️ ADVISORY: Enforce hydration breaks for outdoor workers, distribute ORS at transit hubs, maintain continuous water supplies in high-density settlements.",32.1,31.8,74.3,6.7,741.0,38.5,Critical Heat,#e53935,31.8 °C (ΔT: -0.3 °C),38.5 °C (Critical Heat),Activate municipal misting fans,"🔥 CRITICAL: Activate municipal misting fans, set up ORS hydration booths, advise elderly/children to remain indoors, halt non-essential outdoor work.",33.5,33.2,69.9,8.0,736.0,39.8,Critical Heat,#e53935,33.2 °C (ΔT: -0.3 °C),39.8 °C (Critical Heat),Activate municipal misting fans,"🔥 CRITICAL: Activate municipal misting fans, set up ORS hydration booths, advise elderly/children to remain indoors, halt non-essential outdoor work.",34.2,33.9,64.2,8.0,793.0,40.4,Critical Heat,#e53935,33.9 °C (ΔT: -0.3 °C),40.4 °C (Critical Heat),Activate municipal misting fans,"🔥 CRITICAL: Activate municipal misting fans, set up ORS hydration booths, advise elderly/children to remain indoors, halt non-essential outdoor work.",34.2,33.9,72.1,6.2,793.0,41.4,Critical Heat,#e53935,33.9 °C (ΔT: -0.3 °C),41.4 °C (Critical Heat),Activate municipal misting fans,"🔥 CRITICAL: Activate municipal misting fans, set up ORS hydration booths, advise elderly/children to remain indoors, halt non-essential outdoor work.",34.2,33.9,72.1,6.2,793.0,41.4,Critical Heat,#e53935,33.9 °C (ΔT: -0.3 °C),41.4 °C (Critical Heat),Activate municipal misting fans,"🔥 CRITICAL: Activate municipal misting fans, set up ORS hydration booths, advise elderly/children to remain indoors, halt non-essential outdoor work."
043S,Ward 043S (South West Delhi),South Delhi MCD,South West Delhi,28.6035,76.9775,4.37,-0.17,0.257,0.57,7.2,7147,30.1,29.9,73.5,5.7,769.0,36.1,Moderate Risk,#fb8c00,29.9 °C (ΔT: -0.2 °C),36.1 °C (Moderate Risk),Enforce hydration breaks for outdoor workers,"⚠️ ADVISORY: Enforce hydration breaks for outdoor workers, distribute ORS at transit hubs, maintain continuous water supplies in high-density settlements.",29.9,29.7,78.5,2.8,676.0,36.4,Moderate Risk,#fb8c00,29.7 °C (ΔT: -0.2 °C),36.4 °C (Moderate Risk),Enforce hydration breaks for outdoor workers,"⚠️ ADVISORY: Enforce hydration breaks for outdoor workers, distribute ORS at transit hubs, maintain continuous water supplies in high-density settlements.",32.1,31.9,74.3,6.7,741.0,38.6,Critical Heat,#e53935,31.9 °C (ΔT: -0.2 °C),38.6 °C (Critical Heat),Activate municipal misting fans,"🔥 CRITICAL: Activate municipal misting fans, set up ORS hydration booths, advise elderly/children to remain indoors, halt non-essential outdoor work.",33.5,33.3,69.9,8.0,736.0,39.9,Critical Heat,#e53935,33.3 °C (ΔT: -0.2 °C),39.9 °C (Critical Heat),Activate municipal misting fans,"🔥 CRITICAL: Activate municipal misting fans, set up ORS hydration booths, advise elderly/children to remain indoors, halt non-essential outdoor work.",34.2,34.0,64.2,8.0,793.0,40.5,Critical Heat,#e53935,34.0 °C (ΔT: -0.2 °C),40.5 °C (Critical Heat),Activate municipal misting fans,"🔥 CRITICAL: Activate municipal misting fans, set up ORS hydration booths, advise elderly/children to remain indoors, halt non-essential outdoor work.",34.2,34.0,72.1,6.2,793.0,41.5,Critical Heat,#e53935,34.0 °C (ΔT: -0.2 °C),41.5 °C (Critical Heat),Activate municipal misting fans,"🔥 CRITICAL: Activate municipal misting fans, set up ORS hydration booths, advise elderly/children to remain indoors, halt non-essential outdoor work.",34.2,34.0,72.1,6.2,793.0,41.5,Critical Heat,#e53935,34.0 °C (ΔT: -0.2 °C),41.5 °C (Critical Heat),Activate municipal misting fans,"🔥 CRITICAL: Activate municipal misting fans, set up ORS hydration booths, advise elderly/children to remain indoors, halt non-essential outdoor work."
042S,Ward 042S (South West Delhi),South Delhi MCD,South West Delhi,28.6346,76.9843,12.47,-0.21,0.263,0.51,10.0,7889,30.1,29.9,73.5,5.7,769.0,36.1,Moderate Risk,#fb8c00,29.9 °C (ΔT: -0.2 °C),36.1 °C (Moderate Risk),Enforce hydration breaks for outdoor workers,"⚠️ ADVISORY: Enforce hydration breaks for outdoor workers, distribute ORS at transit hubs, maintain continuous water supplies in high-density settlements.",29.9,29.7,78.5,2.8,676.0,36.4,Moderate Risk,#fb8c00,29.7 °C (ΔT: -0.2 °C),36.4 °C (Moderate Risk),Enforce hydration breaks for outdoor workers,"⚠️ ADVISORY: Enforce hydration breaks for outdoor workers, distribute ORS at transit hubs, maintain continuous water supplies in high-density settlements.",32.1,31.9,74.3,6.7,741.0,38.6,Critical Heat,#e53935,31.9 °C (ΔT: -0.2 °C),38.6 °C (Critical Heat),Activate municipal misting fans,"🔥 CRITICAL: Activate municipal misting fans, set up ORS hydration booths, advise elderly/children to remain indoors, halt non-essential outdoor work.",33.5,33.3,69.9,8.0,736.0,39.9,Critical Heat,#e53935,33.3 °C (ΔT: -0.2 °C),39.9 °C (Critical Heat),Activate municipal misting fans,"🔥 CRITICAL: Activate municipal misting fans, set up ORS hydration booths, advise elderly/children to remain indoors, halt non-essential outdoor work.",34.2,34.0,64.2,8.0,793.0,40.5,Critical Heat,#e53935,34.0 °C (ΔT: -0.2 °C),40.5 °C (Critical Heat),Activate municipal misting fans,"🔥 CRITICAL: Activate municipal misting fans, set up ORS hydration booths, advise elderly/children to remain indoors, halt non-essential outdoor work.",34.2,34.0,72.1,6.2,793.0,41.5,Critical Heat,#e53935,34.0 °C (ΔT: -0.2 °C),41.5 °C (Critical Heat),Activate municipal misting fans,"🔥 CRITICAL: Activate municipal misting fans, set up ORS hydration booths, advise elderly/children to remain indoors, halt non-essential outdoor work.",34.2,34.0,72.1,6.2,793.0,41.5,Critical Heat,#e53935,34.0 °C (ΔT: -0.2 °C),41.5 °C (Critical Heat),Activate municipal misting fans,"🔥 CRITICAL: Activate municipal misting fans, set up ORS hydration booths, advise elderly/children to remain indoors, halt non-essential outdoor work."
044S,Ward 044S (South West Delhi),South Delhi MCD,South West Delhi,28.6076,76.9997,3.63,-0.22,0.257,0.54,7.9,5515,30.1,29.9,73.5,5.7,769.0,36.1,Moderate Risk,#fb8c00,29.9 °C (ΔT: -0.2 °C),36.1 °C (Moderate Risk),Enforce hydration breaks for outdoor workers,"⚠️ ADVISORY: Enforce hydration breaks for outdoor workers, distribute ORS at transit hubs, maintain continuous water supplies in high-density settlements.",29.9,29.7,78.5,2.8,676.0,36.4,Moderate Risk,#fb8c00,29.7 °C (ΔT: -0.2 °C),36.4 °C (Moderate Risk),Enforce hydration breaks for outdoor workers,"⚠️ ADVISORY: Enforce hydration breaks for outdoor workers, distribute ORS at transit hubs, maintain continuous water supplies in high-density settlements.",32.1,31.9,74.3,6.7,741.0,38.6,Critical Heat,#e53935,31.9 °C (ΔT: -0.2 °C),38.6 °C (Critical Heat),Activate municipal misting fans,"🔥 CRITICAL: Activate municipal misting fans, set up ORS hydration booths, advise elderly/children to remain indoors, halt non-essential outdoor work.",33.5,33.3,69.9,8.0,736.0,39.9,Critical Heat,#e53935,33.3 °C (ΔT: -0.2 °C),39.9 °C (Critical Heat),Activate municipal misting fans,"🔥 CRITICAL: Activate municipal misting fans, set up ORS hydration booths, advise elderly/children to remain indoors, halt non-essential outdoor work.",34.2,34.0,64.2,8.0,793.0,40.5,Critical Heat,#e53935,34.0 °C (ΔT: -0.2 °C),40.5 °C (Critical Heat),Activate municipal misting fans,"🔥 CRITICAL: Activate municipal misting fans, set up ORS hydration booths, advise elderly/children to remain indoors, halt non-essential outdoor work.",34.2,34.0,72.1,6.2,793.0,41.5,Critical Heat,#e53935,34.0 °C (ΔT: -0.2 °C),41.5 °C (Critical Heat),Activate municipal misting fans,"🔥 CRITICAL: Activate municipal misting fans, set up ORS hydration booths, advise elderly/children to remain indoors, halt non-essential outdoor work.",34.2,34.0,72.1,6.2,793.0,41.5,Critical Heat,#e53935,34.0 °C (ΔT: -0.2 °C),41.5 °C (Critical Heat),Activate municipal misting fans,"🔥 CRITICAL: Activate municipal misting fans, set up ORS hydration booths, advise elderly/children to remain indoors, halt non-essential outdoor work."
019S,Ward 019S (West Delhi),South Delhi MCD,West Delhi,28.6568,77.0199,14.81,1.02,0.181,0.72,17.6,21445,29.7,30.7,73.5,5.9,768.0,37.1,Moderate Risk,#fb8c00,30.7 °C (ΔT: +1.0 °C),37.1 °C (Moderate Risk),Enforce hydration breaks for outdoor workers,"⚠️ ADVISORY: Enforce hydration breaks for outdoor workers, distribute ORS at transit hubs, maintain continuous water supplies in high-density settlements.",30.1,31.1,74.9,2.9,658.0,38.0,Critical Heat,#e53935,31.1 °C (ΔT: +1.0 °C),38.0 °C (Critical Heat),Activate municipal misting fans,"🔥 CRITICAL: Activate municipal misting fans, set up ORS hydration booths, advise elderly/children to remain indoors, halt non-essential outdoor work.",32.6,33.6,69.4,7.2,732.0,40.4,Critical Heat,#e53935,33.6 °C (ΔT: +1.0 °C),40.4 °C (Critical Heat),Activate municipal misting fans,"🔥 CRITICAL: Activate municipal misting fans, set up ORS hydration booths, advise elderly/children to remain indoors, halt non-essential outdoor work.",34.1,35.1,63.2,9.1,734.0,41.6,Critical Heat,#e53935,35.1 °C (ΔT: +1.0 °C),41.6 °C (Critical Heat),Activate municipal misting fans,"🔥 CRITICAL: Activate municipal misting fans, set up ORS hydration booths, advise elderly/children to remain indoors, halt non-essential outdoor work.",35.2,36.2,55.8,9.2,786.0,42.4,Critical Heat,#e53935,36.2 °C (ΔT: +1.0 °C),42.4 °C (Critical Heat),Activate municipal misting fans,"🔥 CRITICAL: Activate municipal misting fans, set up ORS hydration booths, advise elderly/children to remain indoors, halt non-essential outdoor work.",35.2,36.2,67.3,6.8,786.0,44.0,Extreme Danger,#8b0000,36.2 °C (ΔT: +1.0 °C),44.0 °C (Extreme Danger),Open 24/7 cooling centers,"🚨 EMERGENCY: Open 24/7 cooling centers, halt outdoor labor (11am-4pm), dispatch emergency water tankers to slum clusters, activate hospital heat-stroke protocols.",35.2,36.2,67.3,6.8,786.0,44.0,Extreme Danger,#8b0000,36.2 °C (ΔT: +1.0 °C),44.0 °C (Extreme Danger),Open 24/7 cooling centers,"🚨 EMERGENCY: Open 24/7 cooling centers, halt outdoor labor (11am-4pm), dispatch emergency water tankers to slum clusters, activate hospital heat-stroke protocols."
024S,Ward 024S (West Delhi),South Delhi MCD,West Delhi,28.6379,77.0195,3.31,0.99,0.171,0.77,13.5,18258,29.7,30.7,73.5,5.9,768.0,37.1,Moderate Risk,#fb8c00,30.7 °C (ΔT: +1.0 °C),37.1 °C (Moderate Risk),Enforce hydration breaks for outdoor workers,"⚠️ ADVISORY: Enforce hydration breaks for outdoor workers, distribute ORS at transit hubs, maintain continuous water supplies in high-density settlements.",30.1,31.1,74.9,2.9,658.0,38.0,Critical Heat,#e53935,31.1 °C (ΔT: +1.0 °C),38.0 °C (Critical Heat),Activate municipal misting fans,"🔥 CRITICAL: Activate municipal misting fans, set up ORS hydration booths, advise elderly/children to remain indoors, halt non-essential outdoor work.",32.6,33.6,69.4,7.2,732.0,40.4,Critical Heat,#e53935,33.6 °C (ΔT: +1.0 °C),40.4 °C (Critical Heat),Activate municipal misting fans,"🔥 CRITICAL: Activate municipal misting fans, set up ORS hydration booths, advise elderly/children to remain indoors, halt non-essential outdoor work.",34.1,35.1,63.2,9.1,734.0,41.6,Critical Heat,#e53935,35.1 °C (ΔT: +1.0 °C),41.6 °C (Critical Heat),Activate municipal misting fans,"🔥 CRITICAL: Activate municipal misting fans, set up ORS hydration booths, advise elderly/children to remain indoors, halt non-essential outdoor work.",35.2,36.2,55.8,9.2,786.0,42.4,Critical Heat,#e53935,36.2 °C (ΔT: +1.0 °C),42.4 °C (Critical Heat),Activate municipal misting fans,"🔥 CRITICAL: Activate municipal misting fans, set up ORS hydration booths, advise elderly/children to remain indoors, halt non-essential outdoor work.",35.2,36.2,67.3,6.8,786.0,44.0,Extreme Danger,#8b0000,36.2 °C (ΔT: +1.0 °C),44.0 °C (Extreme Danger),Open 24/7 cooling centers,"🚨 EMERGENCY: Open 24/7 cooling centers, halt outdoor labor (11am-4pm), dispatch emergency water tankers to slum clusters, activate hospital heat-stroke protocols.",35.2,36.2,67.3,6.8,786.0,44.0,Extreme Danger,#8b0000,36.2 °C (ΔT: +1.0 °C),44.0 °C (Extreme Danger),Open 24/7 cooling centers,"🚨 EMERGENCY: Open 24/7 cooling centers, halt outdoor labor (11am-4pm), dispatch emergency water tankers to slum clusters, activate hospital heat-stroke protocols."
023S,Ward 023S (West Delhi),South Delhi MCD,West Delhi,28.6466,77.0444,2.27,1.34,0.138,0.77,18.0,21069,29.7,31.0,73.5,5.9,768.0,37.5,Moderate Risk,#fb8c00,31.0 °C (ΔT: +1.3 °C),37.5 °C (Moderate Risk),Enforce hydration breaks for outdoor workers,"⚠️ ADVISORY: Enforce hydration breaks for outdoor workers, distribute ORS at transit hubs, maintain continuous water supplies in high-density settlements.",30.1,31.4,74.9,2.9,658.0,38.4,Critical Heat,#e53935,31.4 °C (ΔT: +1.3 °C),38.4 °C (Critical Heat),Activate municipal misting fans,"🔥 CRITICAL: Activate municipal misting fans, set up ORS hydration booths, advise elderly/children to remain indoors, halt non-essential outdoor work.",32.6,33.9,69.4,7.2,732.0,40.8,Critical Heat,#e53935,33.9 °C (ΔT: +1.3 °C),40.8 °C (Critical Heat),Activate municipal misting fans,"🔥 CRITICAL: Activate municipal misting fans, set up ORS hydration booths, advise elderly/children to remain indoors, halt non-essential outdoor work.",34.1,35.4,63.2,9.1,734.0,42.0,Critical Heat,#e53935,35.4 °C (ΔT: +1.3 °C),42.0 °C (Critical Heat),Activate municipal misting fans,"🔥 CRITICAL: Activate municipal misting fans, set up ORS hydration booths, advise elderly/children to remain indoors, halt non-essential outdoor work.",35.2,36.5,55.8,9.2,786.0,42.8,Critical Heat,#e53935,36.5 °C (ΔT: +1.3 °C),42.8 °C (Critical Heat),Activate municipal misting fans,"🔥 CRITICAL: Activate municipal misting fans, set up ORS hydration booths, advise elderly/children to remain indoors, halt non-essential outdoor work.",35.2,36.5,67.3,6.8,786.0,44.4,Extreme Danger,#8b0000,36.5 °C (ΔT: +1.3 °C),44.4 °C (Extreme Danger),Open 24/7 cooling centers,"🚨 EMERGENCY: Open 24/7 cooling centers, halt outdoor labor (11am-4pm), dispatch emergency water tankers to slum clusters, activate hospital heat-stroke protocols.",35.2,36.5,67.3,6.8,786.0,44.4,Extreme Danger,#8b0000,36.5 °C (ΔT: +1.3 °C),44.4 °C (Extreme Danger),Open 24/7 cooling centers,"🚨 EMERGENCY: Open 24/7 cooling centers, halt outdoor labor (11am-4pm), dispatch emergency water tankers to slum clusters, activate hospital heat-stroke protocols."
035S,Ward 035S (South West Delhi),South Delhi MCD,South West Delhi,28.6098,77.0249,4.18,-0.28,0.234,0.51,6.5,7489,30.1,29.8,73.5,5.7,769.0,36.0,Moderate Risk,#fb8c00,29.8 °C (ΔT: -0.3 °C),36.0 °C (Moderate Risk),Enforce hydration breaks for outdoor workers,"⚠️ ADVISORY: Enforce hydration breaks for outdoor workers, distribute ORS at transit hubs, maintain continuous water supplies in high-density settlements.",29.9,29.6,78.5,2.8,676.0,36.3,Moderate Risk,#fb8c00,29.6 °C (ΔT: -0.3 °C),36.3 °C (Moderate Risk),Enforce hydration breaks for outdoor workers,"⚠️ ADVISORY: Enforce hydration breaks for outdoor workers, distribute ORS at transit hubs, maintain continuous water supplies in high-density settlements.",32.1,31.8,74.3,6.7,741.0,38.5,Critical Heat,#e53935,31.8 °C (ΔT: -0.3 °C),38.5 °C (Critical Heat),Activate municipal misting fans,"🔥 CRITICAL: Activate municipal misting fans, set up ORS hydration booths, advise elderly/children to remain indoors, halt non-essential outdoor work.",33.5,33.2,69.9,8.0,736.0,39.8,Critical Heat,#e53935,33.2 °C (ΔT: -0.3 °C),39.8 °C (Critical Heat),Activate municipal misting fans,"🔥 CRITICAL: Activate municipal misting fans, set up ORS hydration booths, advise elderly/children to remain indoors, halt non-essential outdoor work.",34.2,33.9,64.2,8.0,793.0,40.4,Critical Heat,#e53935,33.9 °C (ΔT: -0.3 °C),40.4 °C (Critical Heat),Activate municipal misting fans,"🔥 CRITICAL: Activate municipal misting fans, set up ORS hydration booths, advise elderly/children to remain indoors, halt non-essential outdoor work.",34.2,33.9,72.1,6.2,793.0,41.4,Critical Heat,#e53935,33.9 °C (ΔT: -0.3 °C),41.4 °C (Critical Heat),Activate municipal misting fans,"🔥 CRITICAL: Activate municipal misting fans, set up ORS hydration booths, advise elderly/children to remain indoors, halt non-essential outdoor work.",34.2,33.9,72.1,6.2,793.0,41.4,Critical Heat,#e53935,33.9 °C (ΔT: -0.3 °C),41.4 °C (Critical Heat),Activate municipal misting fans,"🔥 CRITICAL: Activate municipal misting fans, set up ORS hydration booths, advise elderly/children to remain indoors, halt non-essential outdoor work."
036S,Ward 036S (South West Delhi),South Delhi MCD,South West Delhi,28.598,77.0385,8.85,-0.45,0.297,0.51,7.9,8203,30.1,29.7,73.5,5.7,769.0,35.8,Moderate Risk,#fb8c00,29.7 °C (ΔT: -0.5 °C),35.8 °C (Moderate Risk),Enforce hydration breaks for outdoor workers,"⚠️ ADVISORY: Enforce hydration breaks for outdoor workers, distribute ORS at transit hubs, maintain continuous water supplies in high-density settlements.",29.9,29.4,78.5,2.8,676.0,36.0,Moderate Risk,#fb8c00,29.4 °C (ΔT: -0.5 °C),36.0 °C (Moderate Risk),Enforce hydration breaks for outdoor workers,"⚠️ ADVISORY: Enforce hydration breaks for outdoor workers, distribute ORS at transit hubs, maintain continuous water supplies in high-density settlements.",32.1,31.7,74.3,6.7,741.0,38.3,Critical Heat,#e53935,31.7 °C (ΔT: -0.5 °C),38.3 °C (Critical Heat),Activate municipal misting fans,"🔥 CRITICAL: Activate municipal misting fans, set up ORS hydration booths, advise elderly/children to remain indoors, halt non-essential outdoor work.",33.5,33.0,69.9,8.0,736.0,39.5,Critical Heat,#e53935,33.0 °C (ΔT: -0.5 °C),39.5 °C (Critical Heat),Activate municipal misting fans,"🔥 CRITICAL: Activate municipal misting fans, set up ORS hydration booths, advise elderly/children to remain indoors, halt non-essential outdoor work.",34.2,33.8,64.2,8.0,793.0,40.3,Critical Heat,#e53935,33.8 °C (ΔT: -0.5 °C),40.3 °C (Critical Heat),Activate municipal misting fans,"🔥 CRITICAL: Activate municipal misting fans, set up ORS hydration booths, advise elderly/children to remain indoors, halt non-essential outdoor work.",34.2,33.8,72.1,6.2,793.0,41.2,Critical Heat,#e53935,33.8 °C (ΔT: -0.5 °C),41.2 °C (Critical Heat),Activate municipal misting fans,"🔥 CRITICAL: Activate municipal misting fans, set up ORS hydration booths, advise elderly/children to remain indoors, halt non-essential outdoor work.",34.2,33.8,72.1,6.2,793.0,41.2,Critical Heat,#e53935,33.8 °C (ΔT: -0.5 °C),41.2 °C (Critical Heat),Activate municipal misting fans,"🔥 CRITICAL: Activate municipal misting fans, set up ORS hydration booths, advise elderly/children to remain indoors, halt non-essential outdoor work."
047S,Ward 047S (South West Delhi),South Delhi MCD,South West Delhi,28.5555,77.0474,17.51,-0.5,0.279,0.5,6.1,3768,30.1,29.6,73.5,5.7,769.0,35.7,Moderate Risk,#fb8c00,29.6 °C (ΔT: -0.5 °C),35.7 °C (Moderate Risk),Enforce hydration breaks for outdoor workers,"⚠️ ADVISORY: Enforce hydration breaks for outdoor workers, distribute ORS at transit hubs, maintain continuous water supplies in high-density settlements.",29.9,29.4,78.5,2.8,676.0,36.0,Moderate Risk,#fb8c00,29.4 °C (ΔT: -0.5 °C),36.0 °C (Moderate Risk),Enforce hydration breaks for outdoor workers,"⚠️ ADVISORY: Enforce hydration breaks for outdoor workers, distribute ORS at transit hubs, maintain continuous water supplies in high-density settlements.",32.1,31.6,74.3,6.7,741.0,38.2,Critical Heat,#e53935,31.6 °C (ΔT: -0.5 °C),38.2 °C (Critical Heat),Activate municipal misting fans,"🔥 CRITICAL: Activate municipal misting fans, set up ORS hydration booths, advise elderly/children to remain indoors, halt non-essential outdoor work.",33.5,33.0,69.9,8.0,736.0,39.5,Critical Heat,#e53935,33.0 °C (ΔT: -0.5 °C),39.5 °C (Critical Heat),Activate municipal misting fans,"🔥 CRITICAL: Activate municipal misting fans, set up ORS hydration booths, advise elderly/children to remain indoors, halt non-essential outdoor work.",34.2,33.7,64.2,8.0,793.0,40.1,Critical Heat,#e53935,33.7 °C (ΔT: -0.5 °C),40.1 °C (Critical Heat),Activate municipal misting fans,"🔥 CRITICAL: Activate municipal misting fans, set up ORS hydration booths, advise elderly/children to remain indoors, halt non-essential outdoor work.",34.2,33.7,72.1,6.2,793.0,41.1,Critical Heat,#e53935,33.7 °C (ΔT: -0.5 °C),41.1 °C (Critical Heat),Activate municipal misting fans,"🔥 CRITICAL: Activate municipal misting fans, set up ORS hydration booths, advise elderly/children to remain indoors, halt non-essential outdoor work.",34.2,33.7,72.1,6.2,793.0,41.1,Critical Heat,#e53935,33.7 °C (ΔT: -0.5 °C),41.1 °C (Critical Heat),Activate municipal misting fans,"🔥 CRITICAL: Activate municipal misting fans, set up ORS hydration booths, advise elderly/children to remain indoors, halt non-essential outdoor work."
048S,Ward 048S (South West Delhi),South Delhi MCD,South West Delhi,28.5408,77.0845,24.27,-0.52,0.297,0.5,6.9,7988,30.1,29.6,73.5,5.7,769.0,35.7,Moderate Risk,#fb8c00,29.6 °C (ΔT: -0.5 °C),35.7 °C (Moderate Risk),Enforce hydration breaks for outdoor workers,"⚠️ ADVISORY: Enforce hydration breaks for outdoor workers, distribute ORS at transit hubs, maintain continuous water supplies in high-density settlements.",29.9,29.4,78.5,2.8,676.0,36.0,Moderate Risk,#fb8c00,29.4 °C (ΔT: -0.5 °C),36.0 °C (Moderate Risk),Enforce hydration breaks for outdoor workers,"⚠️ ADVISORY: Enforce hydration breaks for outdoor workers, distribute ORS at transit hubs, maintain continuous water supplies in high-density settlements.",32.1,31.6,74.3,6.7,741.0,38.2,Critical Heat,#e53935,31.6 °C (ΔT: -0.5 °C),38.2 °C (Critical Heat),Activate municipal misting fans,"🔥 CRITICAL: Activate municipal misting fans, set up ORS hydration booths, advise elderly/children to remain indoors, halt non-essential outdoor work.",33.5,33.0,69.9,8.0,736.0,39.5,Critical Heat,#e53935,33.0 °C (ΔT: -0.5 °C),39.5 °C (Critical Heat),Activate municipal misting fans,"🔥 CRITICAL: Activate municipal misting fans, set up ORS hydration booths, advise elderly/children to remain indoors, halt non-essential outdoor work.",34.2,33.7,64.2,8.0,793.0,40.1,Critical Heat,#e53935,33.7 °C (ΔT: -0.5 °C),40.1 °C (Critical Heat),Activate municipal misting fans,"🔥 CRITICAL: Activate municipal misting fans, set up ORS hydration booths, advise elderly/children to remain indoors, halt non-essential outdoor work.",34.2,33.7,72.1,6.2,793.0,41.1,Critical Heat,#e53935,33.7 °C (ΔT: -0.5 °C),41.1 °C (Critical Heat),Activate municipal misting fans,"🔥 CRITICAL: Activate municipal misting fans, set up ORS hydration booths, advise elderly/children to remain indoors, halt non-essential outdoor work.",34.2,33.7,72.1,6.2,793.0,41.1,Critical Heat,#e53935,33.7 °C (ΔT: -0.5 °C),41.1 °C (Critical Heat),Activate municipal misting fans,"🔥 CRITICAL: Activate municipal misting fans, set up ORS hydration booths, advise elderly/children to remain indoors, halt non-essential outdoor work."
049S,Ward 049S (South West Delhi),South Delhi MCD,South West Delhi,28.5288,77.0836,1.24,-0.4,0.242,0.47,6.8,6454,30.1,29.7,73.5,5.7,769.0,35.8,Moderate Risk,#fb8c00,29.7 °C (ΔT: -0.4 °C),35.8 °C (Moderate Risk),Enforce hydration breaks for outdoor workers,"⚠️ ADVISORY: Enforce hydration breaks for outdoor workers, distribute ORS at transit hubs, maintain continuous water supplies in high-density settlements.",29.9,29.5,78.5,2.8,676.0,36.2,Moderate Risk,#fb8c00,29.5 °C (ΔT: -0.4 °C),36.2 °C (Moderate Risk),Enforce hydration breaks for outdoor workers,"⚠️ ADVISORY: Enforce hydration breaks for outdoor workers, distribute ORS at transit hubs, maintain continuous water supplies in high-density settlements.",32.1,31.7,74.3,6.7,741.0,38.3,Critical Heat,#e53935,31.7 °C (ΔT: -0.4 °C),38.3 °C (Critical Heat),Activate municipal misting fans,"🔥 CRITICAL: Activate municipal misting fans, set up ORS hydration booths, advise elderly/children to remain indoors, halt non-essential outdoor work.",33.5,33.1,69.9,8.0,736.0,39.7,Critical Heat,#e53935,33.1 °C (ΔT: -0.4 °C),39.7 °C (Critical Heat),Activate municipal misting fans,"🔥 CRITICAL: Activate municipal misting fans, set up ORS hydration booths, advise elderly/children to remain indoors, halt non-essential outdoor work.",34.2,33.8,64.2,8.0,793.0,40.3,Critical Heat,#e53935,33.8 °C (ΔT: -0.4 °C),40.3 °C (Critical Heat),Activate municipal misting fans,"🔥 CRITICAL: Activate municipal misting fans, set up ORS hydration booths, advise elderly/children to remain indoors, halt non-essential outdoor work.",34.2,33.8,72.1,6.2,793.0,41.2,Critical Heat,#e53935,33.8 °C (ΔT: -0.4 °C),41.2 °C (Critical Heat),Activate municipal misting fans,"🔥 CRITICAL: Activate municipal misting fans, set up ORS hydration booths, advise elderly/children to remain indoors, halt non-essential outdoor work.",34.2,33.8,72.1,6.2,793.0,41.2,Critical Heat,#e53935,33.8 °C (ΔT: -0.4 °C),41.2 °C (Critical Heat),Activate municipal misting fans,"🔥 CRITICAL: Activate municipal misting fans, set up ORS hydration booths, advise elderly/children to remain indoors, halt non-essential outdoor work."
050S,Ward 050S (South West Delhi),South Delhi MCD,South West Delhi,28.5402,77.1344,7.44,-0.18,0.24,0.49,9.9,3181,30.1,29.9,73.5,5.7,769.0,36.1,Moderate Risk,#fb8c00,29.9 °C (ΔT: -0.2 °C),36.1 °C (Moderate Risk),Enforce hydration breaks for outdoor workers,"⚠️ ADVISORY: Enforce hydration breaks for outdoor workers, distribute ORS at transit hubs, maintain continuous water supplies in high-density settlements.",29.9,29.7,78.5,2.8,676.0,36.4,Moderate Risk,#fb8c00,29.7 °C (ΔT: -0.2 °C),36.4 °C (Moderate Risk),Enforce hydration breaks for outdoor workers,"⚠️ ADVISORY: Enforce hydration breaks for outdoor workers, distribute ORS at transit hubs, maintain continuous water supplies in high-density settlements.",32.1,31.9,74.3,6.7,741.0,38.6,Critical Heat,#e53935,31.9 °C (ΔT: -0.2 °C),38.6 °C (Critical Heat),Activate municipal misting fans,"🔥 CRITICAL: Activate municipal misting fans, set up ORS hydration booths, advise elderly/children to remain indoors, halt non-essential outdoor work.",33.5,33.3,69.9,8.0,736.0,39.9,Critical Heat,#e53935,33.3 °C (ΔT: -0.2 °C),39.9 °C (Critical Heat),Activate municipal misting fans,"🔥 CRITICAL: Activate municipal misting fans, set up ORS hydration booths, advise elderly/children to remain indoors, halt non-essential outdoor work.",34.2,34.0,64.2,8.0,793.0,40.5,Critical Heat,#e53935,34.0 °C (ΔT: -0.2 °C),40.5 °C (Critical Heat),Activate municipal misting fans,"🔥 CRITICAL: Activate municipal misting fans, set up ORS hydration booths, advise elderly/children to remain indoors, halt non-essential outdoor work.",34.2,34.0,72.1,6.2,793.0,41.5,Critical Heat,#e53935,34.0 °C (ΔT: -0.2 °C),41.5 °C (Critical Heat),Activate municipal misting fans,"🔥 CRITICAL: Activate municipal misting fans, set up ORS hydration booths, advise elderly/children to remain indoors, halt non-essential outdoor work.",34.2,34.0,72.1,6.2,793.0,41.5,Critical Heat,#e53935,34.0 °C (ΔT: -0.2 °C),41.5 °C (Critical Heat),Activate municipal misting fans,"🔥 CRITICAL: Activate municipal misting fans, set up ORS hydration booths, advise elderly/children to remain indoors, halt non-essential outdoor work."
059S,Ward 059S (South East Delhi),South Delhi MCD,South East Delhi,28.5667,77.2401,3.01,1.01,0.185,0.66,20.8,20925,28.1,29.1,81.2,5.3,716.0,35.5,Moderate Risk,#fb8c00,29.1 °C (ΔT: +1.0 °C),35.5 °C (Moderate Risk),Enforce hydration breaks for outdoor workers,"⚠️ ADVISORY: Enforce hydration breaks for outdoor workers, distribute ORS at transit hubs, maintain continuous water supplies in high-density settlements.",29.5,30.5,81.6,2.7,675.0,37.8,Moderate Risk,#fb8c00,30.5 °C (ΔT: +1.0 °C),37.8 °C (Moderate Risk),Enforce hydration breaks for outdoor workers,"⚠️ ADVISORY: Enforce hydration breaks for outdoor workers, distribute ORS at transit hubs, maintain continuous water supplies in high-density settlements.",31.8,32.8,74.0,6.0,727.0,39.9,Critical Heat,#e53935,32.8 °C (ΔT: +1.0 °C),39.9 °C (Critical Heat),Activate municipal misting fans,"🔥 CRITICAL: Activate municipal misting fans, set up ORS hydration booths, advise elderly/children to remain indoors, halt non-essential outdoor work.",33.6,34.6,65.8,7.9,762.0,41.4,Critical Heat,#e53935,34.6 °C (ΔT: +1.0 °C),41.4 °C (Critical Heat),Activate municipal misting fans,"🔥 CRITICAL: Activate municipal misting fans, set up ORS hydration booths, advise elderly/children to remain indoors, halt non-essential outdoor work.",35.4,36.4,55.7,8.3,786.0,42.8,Critical Heat,#e53935,36.4 °C (ΔT: +1.0 °C),42.8 °C (Critical Heat),Activate municipal misting fans,"🔥 CRITICAL: Activate municipal misting fans, set up ORS hydration booths, advise elderly/children to remain indoors, halt non-essential outdoor work.",35.4,36.4,71.7,6.0,786.0,44.9,Extreme Danger,#8b0000,36.4 °C (ΔT: +1.0 °C),44.9 °C (Extreme Danger),Open 24/7 cooling centers,"🚨 EMERGENCY: Open 24/7 cooling centers, halt outdoor labor (11am-4pm), dispatch emergency water tankers to slum clusters, activate hospital heat-stroke protocols.",35.4,36.4,71.7,6.0,786.0,44.9,Extreme Danger,#8b0000,36.4 °C (ΔT: +1.0 °C),44.9 °C (Extreme Danger),Open 24/7 cooling centers,"🚨 EMERGENCY: Open 24/7 cooling centers, halt outdoor labor (11am-4pm), dispatch emergency water tankers to slum clusters, activate hospital heat-stroke protocols."
087S,Ward 087S (South East Delhi),South Delhi MCD,South East Delhi,28.5401,77.2524,3.89,0.98,0.222,0.67,22.4,19198,28.1,29.1,81.2,5.3,716.0,35.5,Moderate Risk,#fb8c00,29.1 °C (ΔT: +1.0 °C),35.5 °C (Moderate Risk),Enforce hydration breaks for outdoor workers,"⚠️ ADVISORY: Enforce hydration breaks for outdoor workers, distribute ORS at transit hubs, maintain continuous water supplies in high-density settlements.",29.5,30.5,81.6,2.7,675.0,37.8,Moderate Risk,#fb8c00,30.5 °C (ΔT: +1.0 °C),37.8 °C (Moderate Risk),Enforce hydration breaks for outdoor workers,"⚠️ ADVISORY: Enforce hydration breaks for outdoor workers, distribute ORS at transit hubs, maintain continuous water supplies in high-density settlements.",31.8,32.8,74.0,6.0,727.0,39.9,Critical Heat,#e53935,32.8 °C (ΔT: +1.0 °C),39.9 °C (Critical Heat),Activate municipal misting fans,"🔥 CRITICAL: Activate municipal misting fans, set up ORS hydration booths, advise elderly/children to remain indoors, halt non-essential outdoor work.",33.6,34.6,65.8,7.9,762.0,41.4,Critical Heat,#e53935,34.6 °C (ΔT: +1.0 °C),41.4 °C (Critical Heat),Activate municipal misting fans,"🔥 CRITICAL: Activate municipal misting fans, set up ORS hydration booths, advise elderly/children to remain indoors, halt non-essential outdoor work.",35.4,36.4,55.7,8.3,786.0,42.8,Critical Heat,#e53935,36.4 °C (ΔT: +1.0 °C),42.8 °C (Critical Heat),Activate municipal misting fans,"🔥 CRITICAL: Activate municipal misting fans, set up ORS hydration booths, advise elderly/children to remain indoors, halt non-essential outdoor work.",35.4,36.4,71.7,6.0,786.0,44.9,Extreme Danger,#8b0000,36.4 °C (ΔT: +1.0 °C),44.9 °C (Extreme Danger),Open 24/7 cooling centers,"🚨 EMERGENCY: Open 24/7 cooling centers, halt outdoor labor (11am-4pm), dispatch emergency water tankers to slum clusters, activate hospital heat-stroke protocols.",35.4,36.4,71.7,6.0,786.0,44.9,Extreme Danger,#8b0000,36.4 °C (ΔT: +1.0 °C),44.9 °C (Extreme Danger),Open 24/7 cooling centers,"🚨 EMERGENCY: Open 24/7 cooling centers, halt outdoor labor (11am-4pm), dispatch emergency water tankers to slum clusters, activate hospital heat-stroke protocols."
074S,Ward 074S (South Delhi),South Delhi MCD,South Delhi,28.5313,77.2464,1.67,-0.7,0.333,0.51,5.6,11844,28.0,27.3,80.0,6.1,727.0,33.0,Moderate Risk,#fb8c00,27.3 °C (ΔT: -0.7 °C),33.0 °C (Moderate Risk),Enforce hydration breaks for outdoor workers,"⚠️ ADVISORY: Enforce hydration breaks for outdoor workers, distribute ORS at transit hubs, maintain continuous water supplies in high-density settlements.",29.5,28.8,80.9,3.3,690.0,35.3,Moderate Risk,#fb8c00,28.8 °C (ΔT: -0.7 °C),35.3 °C (Moderate Risk),Enforce hydration breaks for outdoor workers,"⚠️ ADVISORY: Enforce hydration breaks for outdoor workers, distribute ORS at transit hubs, maintain continuous water supplies in high-density settlements.",31.5,30.8,74.1,7.3,730.0,37.0,Moderate Risk,#fb8c00,30.8 °C (ΔT: -0.7 °C),37.0 °C (Moderate Risk),Enforce hydration breaks for outdoor workers,"⚠️ ADVISORY: Enforce hydration breaks for outdoor workers, distribute ORS at transit hubs, maintain continuous water supplies in high-density settlements.",33.2,32.5,67.5,9.2,756.0,38.6,Critical Heat,#e53935,32.5 °C (ΔT: -0.7 °C),38.6 °C (Critical Heat),Activate municipal misting fans,"🔥 CRITICAL: Activate municipal misting fans, set up ORS hydration booths, advise elderly/children to remain indoors, halt non-essential outdoor work.",34.5,33.8,58.6,9.5,795.0,39.6,Critical Heat,#e53935,33.8 °C (ΔT: -0.7 °C),39.6 °C (Critical Heat),Activate municipal misting fans,"🔥 CRITICAL: Activate municipal misting fans, set up ORS hydration booths, advise elderly/children to remain indoors, halt non-essential outdoor work.",34.5,33.8,72.2,7.1,795.0,41.1,Critical Heat,#e53935,33.8 °C (ΔT: -0.7 °C),41.1 °C (Critical Heat),Activate municipal misting fans,"🔥 CRITICAL: Activate municipal misting fans, set up ORS hydration booths, advise elderly/children to remain indoors, halt non-essential outdoor work.",34.5,33.8,72.2,7.1,795.0,41.1,Critical Heat,#e53935,33.8 °C (ΔT: -0.7 °C),41.1 °C (Critical Heat),Activate municipal misting fans,"🔥 CRITICAL: Activate municipal misting fans, set up ORS hydration booths, advise elderly/children to remain indoors, halt non-essential outdoor work."
086S,Ward 086S (South Delhi),South Delhi MCD,South Delhi,28.5561,77.2394,6.65,-0.26,0.303,0.58,8.4,8477,28.0,27.7,80.0,6.1,727.0,33.5,Moderate Risk,#fb8c00,27.7 °C (ΔT: -0.3 °C),33.5 °C (Moderate Risk),Enforce hydration breaks for outdoor workers,"⚠️ ADVISORY: Enforce hydration breaks for outdoor workers, distribute ORS at transit hubs, maintain continuous water supplies in high-density settlements.",29.5,29.2,80.9,3.3,690.0,35.9,Moderate Risk,#fb8c00,29.2 °C (ΔT: -0.3 °C),35.9 °C (Moderate Risk),Enforce hydration breaks for outdoor workers,"⚠️ ADVISORY: Enforce hydration breaks for outdoor workers, distribute ORS at transit hubs, maintain continuous water supplies in high-density settlements.",31.5,31.2,74.1,7.3,730.0,37.5,Moderate Risk,#fb8c00,31.2 °C (ΔT: -0.3 °C),37.5 °C (Moderate Risk),Enforce hydration breaks for outdoor workers,"⚠️ ADVISORY: Enforce hydration breaks for outdoor workers, distribute ORS at transit hubs, maintain continuous water supplies in high-density settlements.",33.2,32.9,67.5,9.2,756.0,39.1,Critical Heat,#e53935,32.9 °C (ΔT: -0.3 °C),39.1 °C (Critical Heat),Activate municipal misting fans,"🔥 CRITICAL: Activate municipal misting fans, set up ORS hydration booths, advise elderly/children to remain indoors, halt non-essential outdoor work.",34.5,34.2,58.6,9.5,795.0,40.1,Critical Heat,#e53935,34.2 °C (ΔT: -0.3 °C),40.1 °C (Critical Heat),Activate municipal misting fans,"🔥 CRITICAL: Activate municipal misting fans, set up ORS hydration booths, advise elderly/children to remain indoors, halt non-essential outdoor work.",34.5,34.2,72.2,7.1,795.0,41.7,Critical Heat,#e53935,34.2 °C (ΔT: -0.3 °C),41.7 °C (Critical Heat),Activate municipal misting fans,"🔥 CRITICAL: Activate municipal misting fans, set up ORS hydration booths, advise elderly/children to remain indoors, halt non-essential outdoor work.",34.5,34.2,72.2,7.1,795.0,41.7,Critical Heat,#e53935,34.2 °C (ΔT: -0.3 °C),41.7 °C (Critical Heat),Activate municipal misting fans,"🔥 CRITICAL: Activate municipal misting fans, set up ORS hydration booths, advise elderly/children to remain indoors, halt non-essential outdoor work."
092S,Ward 092S (South East Delhi),South Delhi MCD,South East Delhi,28.5427,77.283,3.26,1.13,0.18,0.71,20.1,16812,28.1,29.2,81.2,5.3,716.0,35.6,Moderate Risk,#fb8c00,29.2 °C (ΔT: +1.1 °C),35.6 °C (Moderate Risk),Enforce hydration breaks for outdoor workers,"⚠️ ADVISORY: Enforce hydration breaks for outdoor workers, distribute ORS at transit hubs, maintain continuous water supplies in high-density settlements.",29.5,30.6,81.6,2.7,675.0,37.9,Moderate Risk,#fb8c00,30.6 °C (ΔT: +1.1 °C),37.9 °C (Moderate Risk),Enforce hydration breaks for outdoor workers,"⚠️ ADVISORY: Enforce hydration breaks for outdoor workers, distribute ORS at transit hubs, maintain continuous water supplies in high-density settlements.",31.8,32.9,74.0,6.0,727.0,40.0,Critical Heat,#e53935,32.9 °C (ΔT: +1.1 °C),40.0 °C (Critical Heat),Activate municipal misting fans,"🔥 CRITICAL: Activate municipal misting fans, set up ORS hydration booths, advise elderly/children to remain indoors, halt non-essential outdoor work.",33.6,34.7,65.8,7.9,762.0,41.5,Critical Heat,#e53935,34.7 °C (ΔT: +1.1 °C),41.5 °C (Critical Heat),Activate municipal misting fans,"🔥 CRITICAL: Activate municipal misting fans, set up ORS hydration booths, advise elderly/children to remain indoors, halt non-essential outdoor work.",35.4,36.5,55.7,8.3,786.0,42.9,Critical Heat,#e53935,36.5 °C (ΔT: +1.1 °C),42.9 °C (Critical Heat),Activate municipal misting fans,"🔥 CRITICAL: Activate municipal misting fans, set up ORS hydration booths, advise elderly/children to remain indoors, halt non-essential outdoor work.",35.4,36.5,71.7,6.0,786.0,45.0,Extreme Danger,#8b0000,36.5 °C (ΔT: +1.1 °C),45.0 °C (Extreme Danger),Open 24/7 cooling centers,"🚨 EMERGENCY: Open 24/7 cooling centers, halt outdoor labor (11am-4pm), dispatch emergency water tankers to slum clusters, activate hospital heat-stroke protocols.",35.4,36.5,71.7,6.0,786.0,45.0,Extreme Danger,#8b0000,36.5 °C (ΔT: +1.1 °C),45.0 °C (Extreme Danger),Open 24/7 cooling centers,"🚨 EMERGENCY: Open 24/7 cooling centers, halt outdoor labor (11am-4pm), dispatch emergency water tankers to slum clusters, activate hospital heat-stroke protocols."
071S,Ward 071S (South Delhi),South Delhi MCD,South Delhi,28.4882,77.2153,24.59,-0.33,0.314,0.59,7.3,9977,28.0,27.7,80.0,6.1,727.0,33.5,Moderate Risk,#fb8c00,27.7 °C (ΔT: -0.3 °C),33.5 °C (Moderate Risk),Enforce hydration breaks for outdoor workers,"⚠️ ADVISORY: Enforce hydration breaks for outdoor workers, distribute ORS at transit hubs, maintain continuous water supplies in high-density settlements.",29.5,29.2,80.9,3.3,690.0,35.9,Moderate Risk,#fb8c00,29.2 °C (ΔT: -0.3 °C),35.9 °C (Moderate Risk),Enforce hydration breaks for outdoor workers,"⚠️ ADVISORY: Enforce hydration breaks for outdoor workers, distribute ORS at transit hubs, maintain continuous water supplies in high-density settlements.",31.5,31.2,74.1,7.3,730.0,37.5,Moderate Risk,#fb8c00,31.2 °C (ΔT: -0.3 °C),37.5 °C (Moderate Risk),Enforce hydration breaks for outdoor workers,"⚠️ ADVISORY: Enforce hydration breaks for outdoor workers, distribute ORS at transit hubs, maintain continuous water supplies in high-density settlements.",33.2,32.9,67.5,9.2,756.0,39.1,Critical Heat,#e53935,32.9 °C (ΔT: -0.3 °C),39.1 °C (Critical Heat),Activate municipal misting fans,"🔥 CRITICAL: Activate municipal misting fans, set up ORS hydration booths, advise elderly/children to remain indoors, halt non-essential outdoor work.",34.5,34.2,58.6,9.5,795.0,40.1,Critical Heat,#e53935,34.2 °C (ΔT: -0.3 °C),40.1 °C (Critical Heat),Activate municipal misting fans,"🔥 CRITICAL: Activate municipal misting fans, set up ORS hydration booths, advise elderly/children to remain indoors, halt non-essential outdoor work.",34.5,34.2,72.2,7.1,795.0,41.7,Critical Heat,#e53935,34.2 °C (ΔT: -0.3 °C),41.7 °C (Critical Heat),Activate municipal misting fans,"🔥 CRITICAL: Activate municipal misting fans, set up ORS hydration booths, advise elderly/children to remain indoors, halt non-essential outdoor work.",34.5,34.2,72.2,7.1,795.0,41.7,Critical Heat,#e53935,34.2 °C (ΔT: -0.3 °C),41.7 °C (Critical Heat),Activate municipal misting fans,"🔥 CRITICAL: Activate municipal misting fans, set up ORS hydration booths, advise elderly/children to remain indoors, halt non-essential outdoor work."
072S,Ward 072S (South Delhi),South Delhi MCD,South Delhi,28.4437,77.2034,49.54,-0.22,0.31,0.59,9.3,13143,28.0,27.8,80.0,6.1,727.0,33.6,Moderate Risk,#fb8c00,27.8 °C (ΔT: -0.2 °C),33.6 °C (Moderate Risk),Enforce hydration breaks for outdoor workers,"⚠️ ADVISORY: Enforce hydration breaks for outdoor workers, distribute ORS at transit hubs, maintain continuous water supplies in high-density settlements.",29.5,29.3,80.9,3.3,690.0,36.0,Moderate Risk,#fb8c00,29.3 °C (ΔT: -0.2 °C),36.0 °C (Moderate Risk),Enforce hydration breaks for outdoor workers,"⚠️ ADVISORY: Enforce hydration breaks for outdoor workers, distribute ORS at transit hubs, maintain continuous water supplies in high-density settlements.",31.5,31.3,74.1,7.3,730.0,37.7,Moderate Risk,#fb8c00,31.3 °C (ΔT: -0.2 °C),37.7 °C (Moderate Risk),Enforce hydration breaks for outdoor workers,"⚠️ ADVISORY: Enforce hydration breaks for outdoor workers, distribute ORS at transit hubs, maintain continuous water supplies in high-density settlements.",33.2,33.0,67.5,9.2,756.0,39.2,Critical Heat,#e53935,33.0 °C (ΔT: -0.2 °C),39.2 °C (Critical Heat),Activate municipal misting fans,"🔥 CRITICAL: Activate municipal misting fans, set up ORS hydration booths, advise elderly/children to remain indoors, halt non-essential outdoor work.",34.5,34.3,58.6,9.5,795.0,40.2,Critical Heat,#e53935,34.3 °C (ΔT: -0.2 °C),40.2 °C (Critical Heat),Activate municipal misting fans,"🔥 CRITICAL: Activate municipal misting fans, set up ORS hydration booths, advise elderly/children to remain indoors, halt non-essential outdoor work.",34.5,34.3,72.2,7.1,795.0,41.8,Critical Heat,#e53935,34.3 °C (ΔT: -0.2 °C),41.8 °C (Critical Heat),Activate municipal misting fans,"🔥 CRITICAL: Activate municipal misting fans, set up ORS hydration booths, advise elderly/children to remain indoors, halt non-essential outdoor work.",34.5,34.3,72.2,7.1,795.0,41.8,Critical Heat,#e53935,34.3 °C (ΔT: -0.2 °C),41.8 °C (Critical Heat),Activate municipal misting fans,"🔥 CRITICAL: Activate municipal misting fans, set up ORS hydration booths, advise elderly/children to remain indoors, halt non-essential outdoor work."
073S,Ward 073S (South Delhi),South Delhi MCD,South Delhi,28.477,77.1438,21.4,-0.39,0.312,0.59,6.0,9324,28.0,27.6,80.0,6.1,727.0,33.4,Moderate Risk,#fb8c00,27.6 °C (ΔT: -0.4 °C),33.4 °C (Moderate Risk),Enforce hydration breaks for outdoor workers,"⚠️ ADVISORY: Enforce hydration breaks for outdoor workers, distribute ORS at transit hubs, maintain continuous water supplies in high-density settlements.",29.5,29.1,80.9,3.3,690.0,35.7,Moderate Risk,#fb8c00,29.1 °C (ΔT: -0.4 °C),35.7 °C (Moderate Risk),Enforce hydration breaks for outdoor workers,"⚠️ ADVISORY: Enforce hydration breaks for outdoor workers, distribute ORS at transit hubs, maintain continuous water supplies in high-density settlements.",31.5,31.1,74.1,7.3,730.0,37.4,Moderate Risk,#fb8c00,31.1 °C (ΔT: -0.4 °C),37.4 °C (Moderate Risk),Enforce hydration breaks for outdoor workers,"⚠️ ADVISORY: Enforce hydration breaks for outdoor workers, distribute ORS at transit hubs, maintain continuous water supplies in high-density settlements.",33.2,32.8,67.5,9.2,756.0,39.0,Critical Heat,#e53935,32.8 °C (ΔT: -0.4 °C),39.0 °C (Critical Heat),Activate municipal misting fans,"🔥 CRITICAL: Activate municipal misting fans, set up ORS hydration booths, advise elderly/children to remain indoors, halt non-essential outdoor work.",34.5,34.1,58.6,9.5,795.0,39.9,Critical Heat,#e53935,34.1 °C (ΔT: -0.4 °C),39.9 °C (Critical Heat),Activate municipal misting fans,"🔥 CRITICAL: Activate municipal misting fans, set up ORS hydration booths, advise elderly/children to remain indoors, halt non-essential outdoor work.",34.5,34.1,72.2,7.1,795.0,41.5,Critical Heat,#e53935,34.1 °C (ΔT: -0.4 °C),41.5 °C (Critical Heat),Activate municipal misting fans,"🔥 CRITICAL: Activate municipal misting fans, set up ORS hydration booths, advise elderly/children to remain indoors, halt non-essential outdoor work.",34.5,34.1,72.2,7.1,795.0,41.5,Critical Heat,#e53935,34.1 °C (ΔT: -0.4 °C),41.5 °C (Critical Heat),Activate municipal misting fans,"🔥 CRITICAL: Activate municipal misting fans, set up ORS hydration booths, advise elderly/children to remain indoors, halt non-essential outdoor work."
070S,Ward 070S (South Delhi),South Delhi MCD,South Delhi,28.4961,77.1748,12.18,-0.52,0.347,0.54,8.6,10003,28.0,27.5,80.0,6.1,727.0,33.2,Moderate Risk,#fb8c00,27.5 °C (ΔT: -0.5 °C),33.2 °C (Moderate Risk),Enforce hydration breaks for outdoor workers,"⚠️ ADVISORY: Enforce hydration breaks for outdoor workers, distribute ORS at transit hubs, maintain continuous water supplies in high-density settlements.",29.5,29.0,80.9,3.3,690.0,35.6,Moderate Risk,#fb8c00,29.0 °C (ΔT: -0.5 °C),35.6 °C (Moderate Risk),Enforce hydration breaks for outdoor workers,"⚠️ ADVISORY: Enforce hydration breaks for outdoor workers, distribute ORS at transit hubs, maintain continuous water supplies in high-density settlements.",31.5,31.0,74.1,7.3,730.0,37.3,Moderate Risk,#fb8c00,31.0 °C (ΔT: -0.5 °C),37.3 °C (Moderate Risk),Enforce hydration breaks for outdoor workers,"⚠️ ADVISORY: Enforce hydration breaks for outdoor workers, distribute ORS at transit hubs, maintain continuous water supplies in high-density settlements.",33.2,32.7,67.5,9.2,756.0,38.8,Critical Heat,#e53935,32.7 °C (ΔT: -0.5 °C),38.8 °C (Critical Heat),Activate municipal misting fans,"🔥 CRITICAL: Activate municipal misting fans, set up ORS hydration booths, advise elderly/children to remain indoors, halt non-essential outdoor work.",34.5,34.0,58.6,9.5,795.0,39.8,Critical Heat,#e53935,34.0 °C (ΔT: -0.5 °C),39.8 °C (Critical Heat),Activate municipal misting fans,"🔥 CRITICAL: Activate municipal misting fans, set up ORS hydration booths, advise elderly/children to remain indoors, halt non-essential outdoor work.",34.5,34.0,72.2,7.1,795.0,41.4,Critical Heat,#e53935,34.0 °C (ΔT: -0.5 °C),41.4 °C (Critical Heat),Activate municipal misting fans,"🔥 CRITICAL: Activate municipal misting fans, set up ORS hydration booths, advise elderly/children to remain indoors, halt non-essential outdoor work.",34.5,34.0,72.2,7.1,795.0,41.4,Critical Heat,#e53935,34.0 °C (ΔT: -0.5 °C),41.4 °C (Critical Heat),Activate municipal misting fans,"🔥 CRITICAL: Activate municipal misting fans, set up ORS hydration booths, advise elderly/children to remain indoors, halt non-essential outdoor work."
068S,Ward 068S (South Delhi),South Delhi MCD,South Delhi,28.5279,77.1835,5.12,-0.33,0.293,0.51,10.0,11370,28.0,27.7,80.0,6.1,727.0,33.5,Moderate Risk,#fb8c00,27.7 °C (ΔT: -0.3 °C),33.5 °C (Moderate Risk),Enforce hydration breaks for outdoor workers,"⚠️ ADVISORY: Enforce hydration breaks for outdoor workers, distribute ORS at transit hubs, maintain continuous water supplies in high-density settlements.",29.5,29.2,80.9,3.3,690.0,35.9,Moderate Risk,#fb8c00,29.2 °C (ΔT: -0.3 °C),35.9 °C (Moderate Risk),Enforce hydration breaks for outdoor workers,"⚠️ ADVISORY: Enforce hydration breaks for outdoor workers, distribute ORS at transit hubs, maintain continuous water supplies in high-density settlements.",31.5,31.2,74.1,7.3,730.0,37.5,Moderate Risk,#fb8c00,31.2 °C (ΔT: -0.3 °C),37.5 °C (Moderate Risk),Enforce hydration breaks for outdoor workers,"⚠️ ADVISORY: Enforce hydration breaks for outdoor workers, distribute ORS at transit hubs, maintain continuous water supplies in high-density settlements.",33.2,32.9,67.5,9.2,756.0,39.1,Critical Heat,#e53935,32.9 °C (ΔT: -0.3 °C),39.1 °C (Critical Heat),Activate municipal misting fans,"🔥 CRITICAL: Activate municipal misting fans, set up ORS hydration booths, advise elderly/children to remain indoors, halt non-essential outdoor work.",34.5,34.2,58.6,9.5,795.0,40.1,Critical Heat,#e53935,34.2 °C (ΔT: -0.3 °C),40.1 °C (Critical Heat),Activate municipal misting fans,"🔥 CRITICAL: Activate municipal misting fans, set up ORS hydration booths, advise elderly/children to remain indoors, halt non-essential outdoor work.",34.5,34.2,72.2,7.1,795.0,41.7,Critical Heat,#e53935,34.2 °C (ΔT: -0.3 °C),41.7 °C (Critical Heat),Activate municipal misting fans,"🔥 CRITICAL: Activate municipal misting fans, set up ORS hydration booths, advise elderly/children to remain indoors, halt non-essential outdoor work.",34.5,34.2,72.2,7.1,795.0,41.7,Critical Heat,#e53935,34.2 °C (ΔT: -0.3 °C),41.7 °C (Critical Heat),Activate municipal misting fans,"🔥 CRITICAL: Activate municipal misting fans, set up ORS hydration booths, advise elderly/children to remain indoors, halt non-essential outdoor work."
088S,Ward 088S (South Delhi),South Delhi MCD,South Delhi,28.5434,77.2284,2.05,-0.28,0.297,0.55,9.1,8688,28.0,27.7,80.0,6.1,727.0,33.5,Moderate Risk,#fb8c00,27.7 °C (ΔT: -0.3 °C),33.5 °C (Moderate Risk),Enforce hydration breaks for outdoor workers,"⚠️ ADVISORY: Enforce hydration breaks for outdoor workers, distribute ORS at transit hubs, maintain continuous water supplies in high-density settlements.",29.5,29.2,80.9,3.3,690.0,35.9,Moderate Risk,#fb8c00,29.2 °C (ΔT: -0.3 °C),35.9 °C (Moderate Risk),Enforce hydration breaks for outdoor workers,"⚠️ ADVISORY: Enforce hydration breaks for outdoor workers, distribute ORS at transit hubs, maintain continuous water supplies in high-density settlements.",31.5,31.2,74.1,7.3,730.0,37.5,Moderate Risk,#fb8c00,31.2 °C (ΔT: -0.3 °C),37.5 °C (Moderate Risk),Enforce hydration breaks for outdoor workers,"⚠️ ADVISORY: Enforce hydration breaks for outdoor workers, distribute ORS at transit hubs, maintain continuous water supplies in high-density settlements.",33.2,32.9,67.5,9.2,756.0,39.1,Critical Heat,#e53935,32.9 °C (ΔT: -0.3 °C),39.1 °C (Critical Heat),Activate municipal misting fans,"🔥 CRITICAL: Activate municipal misting fans, set up ORS hydration booths, advise elderly/children to remain indoors, halt non-essential outdoor work.",34.5,34.2,58.6,9.5,795.0,40.1,Critical Heat,#e53935,34.2 °C (ΔT: -0.3 °C),40.1 °C (Critical Heat),Activate municipal misting fans,"🔥 CRITICAL: Activate municipal misting fans, set up ORS hydration booths, advise elderly/children to remain indoors, halt non-essential outdoor work.",34.5,34.2,72.2,7.1,795.0,41.7,Critical Heat,#e53935,34.2 °C (ΔT: -0.3 °C),41.7 °C (Critical Heat),Activate municipal misting fans,"🔥 CRITICAL: Activate municipal misting fans, set up ORS hydration booths, advise elderly/children to remain indoors, halt non-essential outdoor work.",34.5,34.2,72.2,7.1,795.0,41.7,Critical Heat,#e53935,34.2 °C (ΔT: -0.3 °C),41.7 °C (Critical Heat),Activate municipal misting fans,"🔥 CRITICAL: Activate municipal misting fans, set up ORS hydration booths, advise elderly/children to remain indoors, halt non-essential outdoor work."
081S,Ward 081S (South Delhi),South Delhi MCD,South Delhi,28.5164,77.2303,2.58,-0.18,0.305,0.57,10.7,9666,28.0,27.8,80.0,6.1,727.0,33.6,Moderate Risk,#fb8c00,27.8 °C (ΔT: -0.2 °C),33.6 °C (Moderate Risk),Enforce hydration breaks for outdoor workers,"⚠️ ADVISORY: Enforce hydration breaks for outdoor workers, distribute ORS at transit hubs, maintain continuous water supplies in high-density settlements.",29.5,29.3,80.9,3.3,690.0,36.0,Moderate Risk,#fb8c00,29.3 °C (ΔT: -0.2 °C),36.0 °C (Moderate Risk),Enforce hydration breaks for outdoor workers,"⚠️ ADVISORY: Enforce hydration breaks for outdoor workers, distribute ORS at transit hubs, maintain continuous water supplies in high-density settlements.",31.5,31.3,74.1,7.3,730.0,37.7,Moderate Risk,#fb8c00,31.3 °C (ΔT: -0.2 °C),37.7 °C (Moderate Risk),Enforce hydration breaks for outdoor workers,"⚠️ ADVISORY: Enforce hydration breaks for outdoor workers, distribute ORS at transit hubs, maintain continuous water supplies in high-density settlements.",33.2,33.0,67.5,9.2,756.0,39.2,Critical Heat,#e53935,33.0 °C (ΔT: -0.2 °C),39.2 °C (Critical Heat),Activate municipal misting fans,"🔥 CRITICAL: Activate municipal misting fans, set up ORS hydration booths, advise elderly/children to remain indoors, halt non-essential outdoor work.",34.5,34.3,58.6,9.5,795.0,40.2,Critical Heat,#e53935,34.3 °C (ΔT: -0.2 °C),40.2 °C (Critical Heat),Activate municipal misting fans,"🔥 CRITICAL: Activate municipal misting fans, set up ORS hydration booths, advise elderly/children to remain indoors, halt non-essential outdoor work.",34.5,34.3,72.2,7.1,795.0,41.8,Critical Heat,#e53935,34.3 °C (ΔT: -0.2 °C),41.8 °C (Critical Heat),Activate municipal misting fans,"🔥 CRITICAL: Activate municipal misting fans, set up ORS hydration booths, advise elderly/children to remain indoors, halt non-essential outdoor work.",34.5,34.3,72.2,7.1,795.0,41.8,Critical Heat,#e53935,34.3 °C (ΔT: -0.2 °C),41.8 °C (Critical Heat),Activate municipal misting fans,"🔥 CRITICAL: Activate municipal misting fans, set up ORS hydration booths, advise elderly/children to remain indoors, halt non-essential outdoor work."
079S,Ward 079S (South Delhi),South Delhi MCD,South Delhi,28.5314,77.2365,1.36,-0.46,0.288,0.52,6.4,13555,28.0,27.5,80.0,6.1,727.0,33.2,Moderate Risk,#fb8c00,27.5 °C (ΔT: -0.5 °C),33.2 °C (Moderate Risk),Enforce hydration breaks for outdoor workers,"⚠️ ADVISORY: Enforce hydration breaks for outdoor workers, distribute ORS at transit hubs, maintain continuous water supplies in high-density settlements.",29.5,29.0,80.9,3.3,690.0,35.6,Moderate Risk,#fb8c00,29.0 °C (ΔT: -0.5 °C),35.6 °C (Moderate Risk),Enforce hydration breaks for outdoor workers,"⚠️ ADVISORY: Enforce hydration breaks for outdoor workers, distribute ORS at transit hubs, maintain continuous water supplies in high-density settlements.",31.5,31.0,74.1,7.3,730.0,37.3,Moderate Risk,#fb8c00,31.0 °C (ΔT: -0.5 °C),37.3 °C (Moderate Risk),Enforce hydration breaks for outdoor workers,"⚠️ ADVISORY: Enforce hydration breaks for outdoor workers, distribute ORS at transit hubs, maintain continuous water supplies in high-density settlements.",33.2,32.7,67.5,9.2,756.0,38.8,Critical Heat,#e53935,32.7 °C (ΔT: -0.5 °C),38.8 °C (Critical Heat),Activate municipal misting fans,"🔥 CRITICAL: Activate municipal misting fans, set up ORS hydration booths, advise elderly/children to remain indoors, halt non-essential outdoor work.",34.5,34.0,58.6,9.5,795.0,39.8,Critical Heat,#e53935,34.0 °C (ΔT: -0.5 °C),39.8 °C (Critical Heat),Activate municipal misting fans,"🔥 CRITICAL: Activate municipal misting fans, set up ORS hydration booths, advise elderly/children to remain indoors, halt non-essential outdoor work.",34.5,34.0,72.2,7.1,795.0,41.4,Critical Heat,#e53935,34.0 °C (ΔT: -0.5 °C),41.4 °C (Critical Heat),Activate municipal misting fans,"🔥 CRITICAL: Activate municipal misting fans, set up ORS hydration booths, advise elderly/children to remain indoors, halt non-essential outdoor work.",34.5,34.0,72.2,7.1,795.0,41.4,Critical Heat,#e53935,34.0 °C (ΔT: -0.5 °C),41.4 °C (Critical Heat),Activate municipal misting fans,"🔥 CRITICAL: Activate municipal misting fans, set up ORS hydration booths, advise elderly/children to remain indoors, halt non-essential outdoor work."
080S,Ward 080S (South Delhi),South Delhi MCD,South Delhi,28.5261,77.232,1.82,-0.46,0.35,0.57,8.6,11613,28.0,27.5,80.0,6.1,727.0,33.2,Moderate Risk,#fb8c00,27.5 °C (ΔT: -0.5 °C),33.2 °C (Moderate Risk),Enforce hydration breaks for outdoor workers,"⚠️ ADVISORY: Enforce hydration breaks for outdoor workers, distribute ORS at transit hubs, maintain continuous water supplies in high-density settlements.",29.5,29.0,80.9,3.3,690.0,35.6,Moderate Risk,#fb8c00,29.0 °C (ΔT: -0.5 °C),35.6 °C (Moderate Risk),Enforce hydration breaks for outdoor workers,"⚠️ ADVISORY: Enforce hydration breaks for outdoor workers, distribute ORS at transit hubs, maintain continuous water supplies in high-density settlements.",31.5,31.0,74.1,7.3,730.0,37.3,Moderate Risk,#fb8c00,31.0 °C (ΔT: -0.5 °C),37.3 °C (Moderate Risk),Enforce hydration breaks for outdoor workers,"⚠️ ADVISORY: Enforce hydration breaks for outdoor workers, distribute ORS at transit hubs, maintain continuous water supplies in high-density settlements.",33.2,32.7,67.5,9.2,756.0,38.8,Critical Heat,#e53935,32.7 °C (ΔT: -0.5 °C),38.8 °C (Critical Heat),Activate municipal misting fans,"🔥 CRITICAL: Activate municipal misting fans, set up ORS hydration booths, advise elderly/children to remain indoors, halt non-essential outdoor work.",34.5,34.0,58.6,9.5,795.0,39.8,Critical Heat,#e53935,34.0 °C (ΔT: -0.5 °C),39.8 °C (Critical Heat),Activate municipal misting fans,"🔥 CRITICAL: Activate municipal misting fans, set up ORS hydration booths, advise elderly/children to remain indoors, halt non-essential outdoor work.",34.5,34.0,72.2,7.1,795.0,41.4,Critical Heat,#e53935,34.0 °C (ΔT: -0.5 °C),41.4 °C (Critical Heat),Activate municipal misting fans,"🔥 CRITICAL: Activate municipal misting fans, set up ORS hydration booths, advise elderly/children to remain indoors, halt non-essential outdoor work.",34.5,34.0,72.2,7.1,795.0,41.4,Critical Heat,#e53935,34.0 °C (ΔT: -0.5 °C),41.4 °C (Critical Heat),Activate municipal misting fans,"🔥 CRITICAL: Activate municipal misting fans, set up ORS hydration booths, advise elderly/children to remain indoors, halt non-essential outdoor work."
016S,Ward 016S (West Delhi),South Delhi MCD,West Delhi,28.6197,77.0963,2.85,1.11,0.161,0.75,16.3,18849,29.7,30.8,73.5,5.9,768.0,37.3,Moderate Risk,#fb8c00,30.8 °C (ΔT: +1.1 °C),37.3 °C (Moderate Risk),Enforce hydration breaks for outdoor workers,"⚠️ ADVISORY: Enforce hydration breaks for outdoor workers, distribute ORS at transit hubs, maintain continuous water supplies in high-density settlements.",30.1,31.2,74.9,2.9,658.0,38.1,Critical Heat,#e53935,31.2 °C (ΔT: +1.1 °C),38.1 °C (Critical Heat),Activate municipal misting fans,"🔥 CRITICAL: Activate municipal misting fans, set up ORS hydration booths, advise elderly/children to remain indoors, halt non-essential outdoor work.",32.6,33.7,69.4,7.2,732.0,40.5,Critical Heat,#e53935,33.7 °C (ΔT: +1.1 °C),40.5 °C (Critical Heat),Activate municipal misting fans,"🔥 CRITICAL: Activate municipal misting fans, set up ORS hydration booths, advise elderly/children to remain indoors, halt non-essential outdoor work.",34.1,35.2,63.2,9.1,734.0,41.7,Critical Heat,#e53935,35.2 °C (ΔT: +1.1 °C),41.7 °C (Critical Heat),Activate municipal misting fans,"🔥 CRITICAL: Activate municipal misting fans, set up ORS hydration booths, advise elderly/children to remain indoors, halt non-essential outdoor work.",35.2,36.3,55.8,9.2,786.0,42.6,Critical Heat,#e53935,36.3 °C (ΔT: +1.1 °C),42.6 °C (Critical Heat),Activate municipal misting fans,"🔥 CRITICAL: Activate municipal misting fans, set up ORS hydration booths, advise elderly/children to remain indoors, halt non-essential outdoor work.",35.2,36.3,67.3,6.8,786.0,44.1,Extreme Danger,#8b0000,36.3 °C (ΔT: +1.1 °C),44.1 °C (Extreme Danger),Open 24/7 cooling centers,"🚨 EMERGENCY: Open 24/7 cooling centers, halt outdoor labor (11am-4pm), dispatch emergency water tankers to slum clusters, activate hospital heat-stroke protocols.",35.2,36.3,67.3,6.8,786.0,44.1,Extreme Danger,#8b0000,36.3 °C (ΔT: +1.1 °C),44.1 °C (Extreme Danger),Open 24/7 cooling centers,"🚨 EMERGENCY: Open 24/7 cooling centers, halt outdoor labor (11am-4pm), dispatch emergency water tankers to slum clusters, activate hospital heat-stroke protocols."
015S,Ward 015S (West Delhi),South Delhi MCD,West Delhi,28.627,77.0837,2.14,1.06,0.155,0.76,14.2,21270,29.7,30.8,73.5,5.9,768.0,37.3,Moderate Risk,#fb8c00,30.8 °C (ΔT: +1.1 °C),37.3 °C (Moderate Risk),Enforce hydration breaks for outdoor workers,"⚠️ ADVISORY: Enforce hydration breaks for outdoor workers, distribute ORS at transit hubs, maintain continuous water supplies in high-density settlements.",30.1,31.2,74.9,2.9,658.0,38.1,Critical Heat,#e53935,31.2 °C (ΔT: +1.1 °C),38.1 °C (Critical Heat),Activate municipal misting fans,"🔥 CRITICAL: Activate municipal misting fans, set up ORS hydration booths, advise elderly/children to remain indoors, halt non-essential outdoor work.",32.6,33.7,69.4,7.2,732.0,40.5,Critical Heat,#e53935,33.7 °C (ΔT: +1.1 °C),40.5 °C (Critical Heat),Activate municipal misting fans,"🔥 CRITICAL: Activate municipal misting fans, set up ORS hydration booths, advise elderly/children to remain indoors, halt non-essential outdoor work.",34.1,35.2,63.2,9.1,734.0,41.7,Critical Heat,#e53935,35.2 °C (ΔT: +1.1 °C),41.7 °C (Critical Heat),Activate municipal misting fans,"🔥 CRITICAL: Activate municipal misting fans, set up ORS hydration booths, advise elderly/children to remain indoors, halt non-essential outdoor work.",35.2,36.3,55.8,9.2,786.0,42.6,Critical Heat,#e53935,36.3 °C (ΔT: +1.1 °C),42.6 °C (Critical Heat),Activate municipal misting fans,"🔥 CRITICAL: Activate municipal misting fans, set up ORS hydration booths, advise elderly/children to remain indoors, halt non-essential outdoor work.",35.2,36.3,67.3,6.8,786.0,44.1,Extreme Danger,#8b0000,36.3 °C (ΔT: +1.1 °C),44.1 °C (Extreme Danger),Open 24/7 cooling centers,"🚨 EMERGENCY: Open 24/7 cooling centers, halt outdoor labor (11am-4pm), dispatch emergency water tankers to slum clusters, activate hospital heat-stroke protocols.",35.2,36.3,67.3,6.8,786.0,44.1,Extreme Danger,#8b0000,36.3 °C (ΔT: +1.1 °C),44.1 °C (Extreme Danger),Open 24/7 cooling centers,"🚨 EMERGENCY: Open 24/7 cooling centers, halt outdoor labor (11am-4pm), dispatch emergency water tankers to slum clusters, activate hospital heat-stroke protocols."
021S,Ward 021S (West Delhi),South Delhi MCD,West Delhi,28.6362,77.0578,1.58,1.23,0.15,0.75,17.7,20016,29.7,30.9,73.5,5.9,768.0,37.4,Moderate Risk,#fb8c00,30.9 °C (ΔT: +1.2 °C),37.4 °C (Moderate Risk),Enforce hydration breaks for outdoor workers,"⚠️ ADVISORY: Enforce hydration breaks for outdoor workers, distribute ORS at transit hubs, maintain continuous water supplies in high-density settlements.",30.1,31.3,74.9,2.9,658.0,38.2,Critical Heat,#e53935,31.3 °C (ΔT: +1.2 °C),38.2 °C (Critical Heat),Activate municipal misting fans,"🔥 CRITICAL: Activate municipal misting fans, set up ORS hydration booths, advise elderly/children to remain indoors, halt non-essential outdoor work.",32.6,33.8,69.4,7.2,732.0,40.7,Critical Heat,#e53935,33.8 °C (ΔT: +1.2 °C),40.7 °C (Critical Heat),Activate municipal misting fans,"🔥 CRITICAL: Activate municipal misting fans, set up ORS hydration booths, advise elderly/children to remain indoors, halt non-essential outdoor work.",34.1,35.3,63.2,9.1,734.0,41.9,Critical Heat,#e53935,35.3 °C (ΔT: +1.2 °C),41.9 °C (Critical Heat),Activate municipal misting fans,"🔥 CRITICAL: Activate municipal misting fans, set up ORS hydration booths, advise elderly/children to remain indoors, halt non-essential outdoor work.",35.2,36.4,55.8,9.2,786.0,42.7,Critical Heat,#e53935,36.4 °C (ΔT: +1.2 °C),42.7 °C (Critical Heat),Activate municipal misting fans,"🔥 CRITICAL: Activate municipal misting fans, set up ORS hydration booths, advise elderly/children to remain indoors, halt non-essential outdoor work.",35.2,36.4,67.3,6.8,786.0,44.3,Extreme Danger,#8b0000,36.4 °C (ΔT: +1.2 °C),44.3 °C (Extreme Danger),Open 24/7 cooling centers,"🚨 EMERGENCY: Open 24/7 cooling centers, halt outdoor labor (11am-4pm), dispatch emergency water tankers to slum clusters, activate hospital heat-stroke protocols.",35.2,36.4,67.3,6.8,786.0,44.3,Extreme Danger,#8b0000,36.4 °C (ΔT: +1.2 °C),44.3 °C (Extreme Danger),Open 24/7 cooling centers,"🚨 EMERGENCY: Open 24/7 cooling centers, halt outdoor labor (11am-4pm), dispatch emergency water tankers to slum clusters, activate hospital heat-stroke protocols."
018S,Ward 018S (West Delhi),South Delhi MCD,West Delhi,28.6212,77.069,1.44,0.84,0.182,0.73,13.4,20472,29.7,30.5,73.5,5.9,768.0,36.9,Moderate Risk,#fb8c00,30.5 °C (ΔT: +0.8 °C),36.9 °C (Moderate Risk),Enforce hydration breaks for outdoor workers,"⚠️ ADVISORY: Enforce hydration breaks for outdoor workers, distribute ORS at transit hubs, maintain continuous water supplies in high-density settlements.",30.1,30.9,74.9,2.9,658.0,37.7,Moderate Risk,#fb8c00,30.9 °C (ΔT: +0.8 °C),37.7 °C (Moderate Risk),Enforce hydration breaks for outdoor workers,"⚠️ ADVISORY: Enforce hydration breaks for outdoor workers, distribute ORS at transit hubs, maintain continuous water supplies in high-density settlements.",32.6,33.4,69.4,7.2,732.0,40.1,Critical Heat,#e53935,33.4 °C (ΔT: +0.8 °C),40.1 °C (Critical Heat),Activate municipal misting fans,"🔥 CRITICAL: Activate municipal misting fans, set up ORS hydration booths, advise elderly/children to remain indoors, halt non-essential outdoor work.",34.1,34.9,63.2,9.1,734.0,41.3,Critical Heat,#e53935,34.9 °C (ΔT: +0.8 °C),41.3 °C (Critical Heat),Activate municipal misting fans,"🔥 CRITICAL: Activate municipal misting fans, set up ORS hydration booths, advise elderly/children to remain indoors, halt non-essential outdoor work.",35.2,36.0,55.8,9.2,786.0,42.2,Critical Heat,#e53935,36.0 °C (ΔT: +0.8 °C),42.2 °C (Critical Heat),Activate municipal misting fans,"🔥 CRITICAL: Activate municipal misting fans, set up ORS hydration booths, advise elderly/children to remain indoors, halt non-essential outdoor work.",35.2,36.0,67.3,6.8,786.0,43.7,Extreme Danger,#8b0000,36.0 °C (ΔT: +0.8 °C),43.7 °C (Extreme Danger),Open 24/7 cooling centers,"🚨 EMERGENCY: Open 24/7 cooling centers, halt outdoor labor (11am-4pm), dispatch emergency water tankers to slum clusters, activate hospital heat-stroke protocols.",35.2,36.0,67.3,6.8,786.0,43.7,Extreme Danger,#8b0000,36.0 °C (ΔT: +0.8 °C),43.7 °C (Extreme Danger),Open 24/7 cooling centers,"🚨 EMERGENCY: Open 24/7 cooling centers, halt outdoor labor (11am-4pm), dispatch emergency water tankers to slum clusters, activate hospital heat-stroke protocols."
025S,Ward 025S (West Delhi),South Delhi MCD,West Delhi,28.627,77.0311,2.14,1.0,0.169,0.78,13.1,21599,29.7,30.7,73.5,5.9,768.0,37.1,Moderate Risk,#fb8c00,30.7 °C (ΔT: +1.0 °C),37.1 °C (Moderate Risk),Enforce hydration breaks for outdoor workers,"⚠️ ADVISORY: Enforce hydration breaks for outdoor workers, distribute ORS at transit hubs, maintain continuous water supplies in high-density settlements.",30.1,31.1,74.9,2.9,658.0,38.0,Critical Heat,#e53935,31.1 °C (ΔT: +1.0 °C),38.0 °C (Critical Heat),Activate municipal misting fans,"🔥 CRITICAL: Activate municipal misting fans, set up ORS hydration booths, advise elderly/children to remain indoors, halt non-essential outdoor work.",32.6,33.6,69.4,7.2,732.0,40.4,Critical Heat,#e53935,33.6 °C (ΔT: +1.0 °C),40.4 °C (Critical Heat),Activate municipal misting fans,"🔥 CRITICAL: Activate municipal misting fans, set up ORS hydration booths, advise elderly/children to remain indoors, halt non-essential outdoor work.",34.1,35.1,63.2,9.1,734.0,41.6,Critical Heat,#e53935,35.1 °C (ΔT: +1.0 °C),41.6 °C (Critical Heat),Activate municipal misting fans,"🔥 CRITICAL: Activate municipal misting fans, set up ORS hydration booths, advise elderly/children to remain indoors, halt non-essential outdoor work.",35.2,36.2,55.8,9.2,786.0,42.4,Critical Heat,#e53935,36.2 °C (ΔT: +1.0 °C),42.4 °C (Critical Heat),Activate municipal misting fans,"🔥 CRITICAL: Activate municipal misting fans, set up ORS hydration booths, advise elderly/children to remain indoors, halt non-essential outdoor work.",35.2,36.2,67.3,6.8,786.0,44.0,Extreme Danger,#8b0000,36.2 °C (ΔT: +1.0 °C),44.0 °C (Extreme Danger),Open 24/7 cooling centers,"🚨 EMERGENCY: Open 24/7 cooling centers, halt outdoor labor (11am-4pm), dispatch emergency water tankers to slum clusters, activate hospital heat-stroke protocols.",35.2,36.2,67.3,6.8,786.0,44.0,Extreme Danger,#8b0000,36.2 °C (ΔT: +1.0 °C),44.0 °C (Extreme Danger),Open 24/7 cooling centers,"🚨 EMERGENCY: Open 24/7 cooling centers, halt outdoor labor (11am-4pm), dispatch emergency water tankers to slum clusters, activate hospital heat-stroke protocols."
027S,Ward 027S (West Delhi),South Delhi MCD,West Delhi,28.6253,77.0489,1.04,1.08,0.16,0.75,15.5,20832,29.7,30.8,73.5,5.9,768.0,37.3,Moderate Risk,#fb8c00,30.8 °C (ΔT: +1.1 °C),37.3 °C (Moderate Risk),Enforce hydration breaks for outdoor workers,"⚠️ ADVISORY: Enforce hydration breaks for outdoor workers, distribute ORS at transit hubs, maintain continuous water supplies in high-density settlements.",30.1,31.2,74.9,2.9,658.0,38.1,Critical Heat,#e53935,31.2 °C (ΔT: +1.1 °C),38.1 °C (Critical Heat),Activate municipal misting fans,"🔥 CRITICAL: Activate municipal misting fans, set up ORS hydration booths, advise elderly/children to remain indoors, halt non-essential outdoor work.",32.6,33.7,69.4,7.2,732.0,40.5,Critical Heat,#e53935,33.7 °C (ΔT: +1.1 °C),40.5 °C (Critical Heat),Activate municipal misting fans,"🔥 CRITICAL: Activate municipal misting fans, set up ORS hydration booths, advise elderly/children to remain indoors, halt non-essential outdoor work.",34.1,35.2,63.2,9.1,734.0,41.7,Critical Heat,#e53935,35.2 °C (ΔT: +1.1 °C),41.7 °C (Critical Heat),Activate municipal misting fans,"🔥 CRITICAL: Activate municipal misting fans, set up ORS hydration booths, advise elderly/children to remain indoors, halt non-essential outdoor work.",35.2,36.3,55.8,9.2,786.0,42.6,Critical Heat,#e53935,36.3 °C (ΔT: +1.1 °C),42.6 °C (Critical Heat),Activate municipal misting fans,"🔥 CRITICAL: Activate municipal misting fans, set up ORS hydration booths, advise elderly/children to remain indoors, halt non-essential outdoor work.",35.2,36.3,67.3,6.8,786.0,44.1,Extreme Danger,#8b0000,36.3 °C (ΔT: +1.1 °C),44.1 °C (Extreme Danger),Open 24/7 cooling centers,"🚨 EMERGENCY: Open 24/7 cooling centers, halt outdoor labor (11am-4pm), dispatch emergency water tankers to slum clusters, activate hospital heat-stroke protocols.",35.2,36.3,67.3,6.8,786.0,44.1,Extreme Danger,#8b0000,36.3 °C (ΔT: +1.1 °C),44.1 °C (Extreme Danger),Open 24/7 cooling centers,"🚨 EMERGENCY: Open 24/7 cooling centers, halt outdoor labor (11am-4pm), dispatch emergency water tankers to slum clusters, activate hospital heat-stroke protocols."
026S,Ward 026S (West Delhi),South Delhi MCD,West Delhi,28.6331,77.0422,1.0,0.93,0.18,0.74,14.6,20158,29.7,30.6,73.5,5.9,768.0,37.0,Moderate Risk,#fb8c00,30.6 °C (ΔT: +0.9 °C),37.0 °C (Moderate Risk),Enforce hydration breaks for outdoor workers,"⚠️ ADVISORY: Enforce hydration breaks for outdoor workers, distribute ORS at transit hubs, maintain continuous water supplies in high-density settlements.",30.1,31.0,74.9,2.9,658.0,37.8,Moderate Risk,#fb8c00,31.0 °C (ΔT: +0.9 °C),37.8 °C (Moderate Risk),Enforce hydration breaks for outdoor workers,"⚠️ ADVISORY: Enforce hydration breaks for outdoor workers, distribute ORS at transit hubs, maintain continuous water supplies in high-density settlements.",32.6,33.5,69.4,7.2,732.0,40.3,Critical Heat,#e53935,33.5 °C (ΔT: +0.9 °C),40.3 °C (Critical Heat),Activate municipal misting fans,"🔥 CRITICAL: Activate municipal misting fans, set up ORS hydration booths, advise elderly/children to remain indoors, halt non-essential outdoor work.",34.1,35.0,63.2,9.1,734.0,41.5,Critical Heat,#e53935,35.0 °C (ΔT: +0.9 °C),41.5 °C (Critical Heat),Activate municipal misting fans,"🔥 CRITICAL: Activate municipal misting fans, set up ORS hydration booths, advise elderly/children to remain indoors, halt non-essential outdoor work.",35.2,36.1,55.8,9.2,786.0,42.3,Critical Heat,#e53935,36.1 °C (ΔT: +0.9 °C),42.3 °C (Critical Heat),Activate municipal misting fans,"🔥 CRITICAL: Activate municipal misting fans, set up ORS hydration booths, advise elderly/children to remain indoors, halt non-essential outdoor work.",35.2,36.1,67.3,6.8,786.0,43.8,Extreme Danger,#8b0000,36.1 °C (ΔT: +0.9 °C),43.8 °C (Extreme Danger),Open 24/7 cooling centers,"🚨 EMERGENCY: Open 24/7 cooling centers, halt outdoor labor (11am-4pm), dispatch emergency water tankers to slum clusters, activate hospital heat-stroke protocols.",35.2,36.1,67.3,6.8,786.0,43.8,Extreme Danger,#8b0000,36.1 °C (ΔT: +0.9 °C),43.8 °C (Extreme Danger),Open 24/7 cooling centers,"🚨 EMERGENCY: Open 24/7 cooling centers, halt outdoor labor (11am-4pm), dispatch emergency water tankers to slum clusters, activate hospital heat-stroke protocols."
037S,Ward 037S (West Delhi),South Delhi MCD,West Delhi,28.6149,77.0487,1.5,0.87,0.147,0.72,11.9,22294,29.7,30.6,73.5,5.9,768.0,37.0,Moderate Risk,#fb8c00,30.6 °C (ΔT: +0.9 °C),37.0 °C (Moderate Risk),Enforce hydration breaks for outdoor workers,"⚠️ ADVISORY: Enforce hydration breaks for outdoor workers, distribute ORS at transit hubs, maintain continuous water supplies in high-density settlements.",30.1,31.0,74.9,2.9,658.0,37.8,Moderate Risk,#fb8c00,31.0 °C (ΔT: +0.9 °C),37.8 °C (Moderate Risk),Enforce hydration breaks for outdoor workers,"⚠️ ADVISORY: Enforce hydration breaks for outdoor workers, distribute ORS at transit hubs, maintain continuous water supplies in high-density settlements.",32.6,33.5,69.4,7.2,732.0,40.3,Critical Heat,#e53935,33.5 °C (ΔT: +0.9 °C),40.3 °C (Critical Heat),Activate municipal misting fans,"🔥 CRITICAL: Activate municipal misting fans, set up ORS hydration booths, advise elderly/children to remain indoors, halt non-essential outdoor work.",34.1,35.0,63.2,9.1,734.0,41.5,Critical Heat,#e53935,35.0 °C (ΔT: +0.9 °C),41.5 °C (Critical Heat),Activate municipal misting fans,"🔥 CRITICAL: Activate municipal misting fans, set up ORS hydration booths, advise elderly/children to remain indoors, halt non-essential outdoor work.",35.2,36.1,55.8,9.2,786.0,42.3,Critical Heat,#e53935,36.1 °C (ΔT: +0.9 °C),42.3 °C (Critical Heat),Activate municipal misting fans,"🔥 CRITICAL: Activate municipal misting fans, set up ORS hydration booths, advise elderly/children to remain indoors, halt non-essential outdoor work.",35.2,36.1,67.3,6.8,786.0,43.8,Extreme Danger,#8b0000,36.1 °C (ΔT: +0.9 °C),43.8 °C (Extreme Danger),Open 24/7 cooling centers,"🚨 EMERGENCY: Open 24/7 cooling centers, halt outdoor labor (11am-4pm), dispatch emergency water tankers to slum clusters, activate hospital heat-stroke protocols.",35.2,36.1,67.3,6.8,786.0,43.8,Extreme Danger,#8b0000,36.1 °C (ΔT: +0.9 °C),43.8 °C (Extreme Danger),Open 24/7 cooling centers,"🚨 EMERGENCY: Open 24/7 cooling centers, halt outdoor labor (11am-4pm), dispatch emergency water tankers to slum clusters, activate hospital heat-stroke protocols."
029S,Ward 029S (West Delhi),South Delhi MCD,West Delhi,28.6136,77.0703,1.14,0.98,0.163,0.73,14.9,22541,29.7,30.7,73.5,5.9,768.0,37.1,Moderate Risk,#fb8c00,30.7 °C (ΔT: +1.0 °C),37.1 °C (Moderate Risk),Enforce hydration breaks for outdoor workers,"⚠️ ADVISORY: Enforce hydration breaks for outdoor workers, distribute ORS at transit hubs, maintain continuous water supplies in high-density settlements.",30.1,31.1,74.9,2.9,658.0,38.0,Critical Heat,#e53935,31.1 °C (ΔT: +1.0 °C),38.0 °C (Critical Heat),Activate municipal misting fans,"🔥 CRITICAL: Activate municipal misting fans, set up ORS hydration booths, advise elderly/children to remain indoors, halt non-essential outdoor work.",32.6,33.6,69.4,7.2,732.0,40.4,Critical Heat,#e53935,33.6 °C (ΔT: +1.0 °C),40.4 °C (Critical Heat),Activate municipal misting fans,"🔥 CRITICAL: Activate municipal misting fans, set up ORS hydration booths, advise elderly/children to remain indoors, halt non-essential outdoor work.",34.1,35.1,63.2,9.1,734.0,41.6,Critical Heat,#e53935,35.1 °C (ΔT: +1.0 °C),41.6 °C (Critical Heat),Activate municipal misting fans,"🔥 CRITICAL: Activate municipal misting fans, set up ORS hydration booths, advise elderly/children to remain indoors, halt non-essential outdoor work.",35.2,36.2,55.8,9.2,786.0,42.4,Critical Heat,#e53935,36.2 °C (ΔT: +1.0 °C),42.4 °C (Critical Heat),Activate municipal misting fans,"🔥 CRITICAL: Activate municipal misting fans, set up ORS hydration booths, advise elderly/children to remain indoors, halt non-essential outdoor work.",35.2,36.2,67.3,6.8,786.0,44.0,Extreme Danger,#8b0000,36.2 °C (ΔT: +1.0 °C),44.0 °C (Extreme Danger),Open 24/7 cooling centers,"🚨 EMERGENCY: Open 24/7 cooling centers, halt outdoor labor (11am-4pm), dispatch emergency water tankers to slum clusters, activate hospital heat-stroke protocols.",35.2,36.2,67.3,6.8,786.0,44.0,Extreme Danger,#8b0000,36.2 °C (ΔT: +1.0 °C),44.0 °C (Extreme Danger),Open 24/7 cooling centers,"🚨 EMERGENCY: Open 24/7 cooling centers, halt outdoor labor (11am-4pm), dispatch emergency water tankers to slum clusters, activate hospital heat-stroke protocols."
054S,Ward 054S (South West Delhi),South Delhi MCD,South West Delhi,28.5899,77.0782,2.01,-0.47,0.291,0.53,6.0,8384,30.1,29.6,73.5,5.7,769.0,35.7,Moderate Risk,#fb8c00,29.6 °C (ΔT: -0.5 °C),35.7 °C (Moderate Risk),Enforce hydration breaks for outdoor workers,"⚠️ ADVISORY: Enforce hydration breaks for outdoor workers, distribute ORS at transit hubs, maintain continuous water supplies in high-density settlements.",29.9,29.4,78.5,2.8,676.0,36.0,Moderate Risk,#fb8c00,29.4 °C (ΔT: -0.5 °C),36.0 °C (Moderate Risk),Enforce hydration breaks for outdoor workers,"⚠️ ADVISORY: Enforce hydration breaks for outdoor workers, distribute ORS at transit hubs, maintain continuous water supplies in high-density settlements.",32.1,31.6,74.3,6.7,741.0,38.2,Critical Heat,#e53935,31.6 °C (ΔT: -0.5 °C),38.2 °C (Critical Heat),Activate municipal misting fans,"🔥 CRITICAL: Activate municipal misting fans, set up ORS hydration booths, advise elderly/children to remain indoors, halt non-essential outdoor work.",33.5,33.0,69.9,8.0,736.0,39.5,Critical Heat,#e53935,33.0 °C (ΔT: -0.5 °C),39.5 °C (Critical Heat),Activate municipal misting fans,"🔥 CRITICAL: Activate municipal misting fans, set up ORS hydration booths, advise elderly/children to remain indoors, halt non-essential outdoor work.",34.2,33.7,64.2,8.0,793.0,40.1,Critical Heat,#e53935,33.7 °C (ΔT: -0.5 °C),40.1 °C (Critical Heat),Activate municipal misting fans,"🔥 CRITICAL: Activate municipal misting fans, set up ORS hydration booths, advise elderly/children to remain indoors, halt non-essential outdoor work.",34.2,33.7,72.1,6.2,793.0,41.1,Critical Heat,#e53935,33.7 °C (ΔT: -0.5 °C),41.1 °C (Critical Heat),Activate municipal misting fans,"🔥 CRITICAL: Activate municipal misting fans, set up ORS hydration booths, advise elderly/children to remain indoors, halt non-essential outdoor work.",34.2,33.7,72.1,6.2,793.0,41.1,Critical Heat,#e53935,33.7 °C (ΔT: -0.5 °C),41.1 °C (Critical Heat),Activate municipal misting fans,"🔥 CRITICAL: Activate municipal misting fans, set up ORS hydration booths, advise elderly/children to remain indoors, halt non-essential outdoor work."
046S,Ward 046S (South West Delhi),South Delhi MCD,South West Delhi,28.5847,77.0851,0.93,-0.54,0.298,0.52,5.7,6997,30.1,29.6,73.5,5.7,769.0,35.7,Moderate Risk,#fb8c00,29.6 °C (ΔT: -0.5 °C),35.7 °C (Moderate Risk),Enforce hydration breaks for outdoor workers,"⚠️ ADVISORY: Enforce hydration breaks for outdoor workers, distribute ORS at transit hubs, maintain continuous water supplies in high-density settlements.",29.9,29.4,78.5,2.8,676.0,36.0,Moderate Risk,#fb8c00,29.4 °C (ΔT: -0.5 °C),36.0 °C (Moderate Risk),Enforce hydration breaks for outdoor workers,"⚠️ ADVISORY: Enforce hydration breaks for outdoor workers, distribute ORS at transit hubs, maintain continuous water supplies in high-density settlements.",32.1,31.6,74.3,6.7,741.0,38.2,Critical Heat,#e53935,31.6 °C (ΔT: -0.5 °C),38.2 °C (Critical Heat),Activate municipal misting fans,"🔥 CRITICAL: Activate municipal misting fans, set up ORS hydration booths, advise elderly/children to remain indoors, halt non-essential outdoor work.",33.5,33.0,69.9,8.0,736.0,39.5,Critical Heat,#e53935,33.0 °C (ΔT: -0.5 °C),39.5 °C (Critical Heat),Activate municipal misting fans,"🔥 CRITICAL: Activate municipal misting fans, set up ORS hydration booths, advise elderly/children to remain indoors, halt non-essential outdoor work.",34.2,33.7,64.2,8.0,793.0,40.1,Critical Heat,#e53935,33.7 °C (ΔT: -0.5 °C),40.1 °C (Critical Heat),Activate municipal misting fans,"🔥 CRITICAL: Activate municipal misting fans, set up ORS hydration booths, advise elderly/children to remain indoors, halt non-essential outdoor work.",34.2,33.7,72.1,6.2,793.0,41.1,Critical Heat,#e53935,33.7 °C (ΔT: -0.5 °C),41.1 °C (Critical Heat),Activate municipal misting fans,"🔥 CRITICAL: Activate municipal misting fans, set up ORS hydration booths, advise elderly/children to remain indoors, halt non-essential outdoor work.",34.2,33.7,72.1,6.2,793.0,41.1,Critical Heat,#e53935,33.7 °C (ΔT: -0.5 °C),41.1 °C (Critical Heat),Activate municipal misting fans,"🔥 CRITICAL: Activate municipal misting fans, set up ORS hydration booths, advise elderly/children to remain indoors, halt non-essential outdoor work."
060S,Ward 060S (South East Delhi),South Delhi MCD,South East Delhi,28.5777,77.2251,1.69,0.68,0.229,0.66,17.4,19803,28.1,28.8,81.2,5.3,716.0,35.1,Moderate Risk,#fb8c00,28.8 °C (ΔT: +0.7 °C),35.1 °C (Moderate Risk),Enforce hydration breaks for outdoor workers,"⚠️ ADVISORY: Enforce hydration breaks for outdoor workers, distribute ORS at transit hubs, maintain continuous water supplies in high-density settlements.",29.5,30.2,81.6,2.7,675.0,37.4,Moderate Risk,#fb8c00,30.2 °C (ΔT: +0.7 °C),37.4 °C (Moderate Risk),Enforce hydration breaks for outdoor workers,"⚠️ ADVISORY: Enforce hydration breaks for outdoor workers, distribute ORS at transit hubs, maintain continuous water supplies in high-density settlements.",31.8,32.5,74.0,6.0,727.0,39.5,Critical Heat,#e53935,32.5 °C (ΔT: +0.7 °C),39.5 °C (Critical Heat),Activate municipal misting fans,"🔥 CRITICAL: Activate municipal misting fans, set up ORS hydration booths, advise elderly/children to remain indoors, halt non-essential outdoor work.",33.6,34.3,65.8,7.9,762.0,41.0,Critical Heat,#e53935,34.3 °C (ΔT: +0.7 °C),41.0 °C (Critical Heat),Activate municipal misting fans,"🔥 CRITICAL: Activate municipal misting fans, set up ORS hydration booths, advise elderly/children to remain indoors, halt non-essential outdoor work.",35.4,36.1,55.7,8.3,786.0,42.4,Critical Heat,#e53935,36.1 °C (ΔT: +0.7 °C),42.4 °C (Critical Heat),Activate municipal misting fans,"🔥 CRITICAL: Activate municipal misting fans, set up ORS hydration booths, advise elderly/children to remain indoors, halt non-essential outdoor work.",35.4,36.1,71.7,6.0,786.0,44.4,Extreme Danger,#8b0000,36.1 °C (ΔT: +0.7 °C),44.4 °C (Extreme Danger),Open 24/7 cooling centers,"🚨 EMERGENCY: Open 24/7 cooling centers, halt outdoor labor (11am-4pm), dispatch emergency water tankers to slum clusters, activate hospital heat-stroke protocols.",35.4,36.1,71.7,6.0,786.0,44.4,Extreme Danger,#8b0000,36.1 °C (ΔT: +0.7 °C),44.4 °C (Extreme Danger),Open 24/7 cooling centers,"🚨 EMERGENCY: Open 24/7 cooling centers, halt outdoor labor (11am-4pm), dispatch emergency water tankers to slum clusters, activate hospital heat-stroke protocols."
066S,Ward 066S (South Delhi),South Delhi MCD,South Delhi,28.5649,77.1872,1.87,-0.29,0.288,0.59,6.2,12032,28.0,27.7,80.0,6.1,727.0,33.5,Moderate Risk,#fb8c00,27.7 °C (ΔT: -0.3 °C),33.5 °C (Moderate Risk),Enforce hydration breaks for outdoor workers,"⚠️ ADVISORY: Enforce hydration breaks for outdoor workers, distribute ORS at transit hubs, maintain continuous water supplies in high-density settlements.",29.5,29.2,80.9,3.3,690.0,35.9,Moderate Risk,#fb8c00,29.2 °C (ΔT: -0.3 °C),35.9 °C (Moderate Risk),Enforce hydration breaks for outdoor workers,"⚠️ ADVISORY: Enforce hydration breaks for outdoor workers, distribute ORS at transit hubs, maintain continuous water supplies in high-density settlements.",31.5,31.2,74.1,7.3,730.0,37.5,Moderate Risk,#fb8c00,31.2 °C (ΔT: -0.3 °C),37.5 °C (Moderate Risk),Enforce hydration breaks for outdoor workers,"⚠️ ADVISORY: Enforce hydration breaks for outdoor workers, distribute ORS at transit hubs, maintain continuous water supplies in high-density settlements.",33.2,32.9,67.5,9.2,756.0,39.1,Critical Heat,#e53935,32.9 °C (ΔT: -0.3 °C),39.1 °C (Critical Heat),Activate municipal misting fans,"🔥 CRITICAL: Activate municipal misting fans, set up ORS hydration booths, advise elderly/children to remain indoors, halt non-essential outdoor work.",34.5,34.2,58.6,9.5,795.0,40.1,Critical Heat,#e53935,34.2 °C (ΔT: -0.3 °C),40.1 °C (Critical Heat),Activate municipal misting fans,"🔥 CRITICAL: Activate municipal misting fans, set up ORS hydration booths, advise elderly/children to remain indoors, halt non-essential outdoor work.",34.5,34.2,72.2,7.1,795.0,41.7,Critical Heat,#e53935,34.2 °C (ΔT: -0.3 °C),41.7 °C (Critical Heat),Activate municipal misting fans,"🔥 CRITICAL: Activate municipal misting fans, set up ORS hydration booths, advise elderly/children to remain indoors, halt non-essential outdoor work.",34.5,34.2,72.2,7.1,795.0,41.7,Critical Heat,#e53935,34.2 °C (ΔT: -0.3 °C),41.7 °C (Critical Heat),Activate municipal misting fans,"🔥 CRITICAL: Activate municipal misting fans, set up ORS hydration booths, advise elderly/children to remain indoors, halt non-essential outdoor work."
065S,Ward 065S (South Delhi),South Delhi MCD,South Delhi,28.5732,77.1776,2.6,-0.32,0.287,0.55,7.7,11721,28.0,27.7,80.0,6.1,727.0,33.5,Moderate Risk,#fb8c00,27.7 °C (ΔT: -0.3 °C),33.5 °C (Moderate Risk),Enforce hydration breaks for outdoor workers,"⚠️ ADVISORY: Enforce hydration breaks for outdoor workers, distribute ORS at transit hubs, maintain continuous water supplies in high-density settlements.",29.5,29.2,80.9,3.3,690.0,35.9,Moderate Risk,#fb8c00,29.2 °C (ΔT: -0.3 °C),35.9 °C (Moderate Risk),Enforce hydration breaks for outdoor workers,"⚠️ ADVISORY: Enforce hydration breaks for outdoor workers, distribute ORS at transit hubs, maintain continuous water supplies in high-density settlements.",31.5,31.2,74.1,7.3,730.0,37.5,Moderate Risk,#fb8c00,31.2 °C (ΔT: -0.3 °C),37.5 °C (Moderate Risk),Enforce hydration breaks for outdoor workers,"⚠️ ADVISORY: Enforce hydration breaks for outdoor workers, distribute ORS at transit hubs, maintain continuous water supplies in high-density settlements.",33.2,32.9,67.5,9.2,756.0,39.1,Critical Heat,#e53935,32.9 °C (ΔT: -0.3 °C),39.1 °C (Critical Heat),Activate municipal misting fans,"🔥 CRITICAL: Activate municipal misting fans, set up ORS hydration booths, advise elderly/children to remain indoors, halt non-essential outdoor work.",34.5,34.2,58.6,9.5,795.0,40.1,Critical Heat,#e53935,34.2 °C (ΔT: -0.3 °C),40.1 °C (Critical Heat),Activate municipal misting fans,"🔥 CRITICAL: Activate municipal misting fans, set up ORS hydration booths, advise elderly/children to remain indoors, halt non-essential outdoor work.",34.5,34.2,72.2,7.1,795.0,41.7,Critical Heat,#e53935,34.2 °C (ΔT: -0.3 °C),41.7 °C (Critical Heat),Activate municipal misting fans,"🔥 CRITICAL: Activate municipal misting fans, set up ORS hydration booths, advise elderly/children to remain indoors, halt non-essential outdoor work.",34.5,34.2,72.2,7.1,795.0,41.7,Critical Heat,#e53935,34.2 °C (ΔT: -0.3 °C),41.7 °C (Critical Heat),Activate municipal misting fans,"🔥 CRITICAL: Activate municipal misting fans, set up ORS hydration booths, advise elderly/children to remain indoors, halt non-essential outdoor work."
064S,Ward 064S (South Delhi),South Delhi MCD,South Delhi,28.568,77.1649,8.14,-0.51,0.332,0.54,7.7,11261,28.0,27.5,80.0,6.1,727.0,33.2,Moderate Risk,#fb8c00,27.5 °C (ΔT: -0.5 °C),33.2 °C (Moderate Risk),Enforce hydration breaks for outdoor workers,"⚠️ ADVISORY: Enforce hydration breaks for outdoor workers, distribute ORS at transit hubs, maintain continuous water supplies in high-density settlements.",29.5,29.0,80.9,3.3,690.0,35.6,Moderate Risk,#fb8c00,29.0 °C (ΔT: -0.5 °C),35.6 °C (Moderate Risk),Enforce hydration breaks for outdoor workers,"⚠️ ADVISORY: Enforce hydration breaks for outdoor workers, distribute ORS at transit hubs, maintain continuous water supplies in high-density settlements.",31.5,31.0,74.1,7.3,730.0,37.3,Moderate Risk,#fb8c00,31.0 °C (ΔT: -0.5 °C),37.3 °C (Moderate Risk),Enforce hydration breaks for outdoor workers,"⚠️ ADVISORY: Enforce hydration breaks for outdoor workers, distribute ORS at transit hubs, maintain continuous water supplies in high-density settlements.",33.2,32.7,67.5,9.2,756.0,38.8,Critical Heat,#e53935,32.7 °C (ΔT: -0.5 °C),38.8 °C (Critical Heat),Activate municipal misting fans,"🔥 CRITICAL: Activate municipal misting fans, set up ORS hydration booths, advise elderly/children to remain indoors, halt non-essential outdoor work.",34.5,34.0,58.6,9.5,795.0,39.8,Critical Heat,#e53935,34.0 °C (ΔT: -0.5 °C),39.8 °C (Critical Heat),Activate municipal misting fans,"🔥 CRITICAL: Activate municipal misting fans, set up ORS hydration booths, advise elderly/children to remain indoors, halt non-essential outdoor work.",34.5,34.0,72.2,7.1,795.0,41.4,Critical Heat,#e53935,34.0 °C (ΔT: -0.5 °C),41.4 °C (Critical Heat),Activate municipal misting fans,"🔥 CRITICAL: Activate municipal misting fans, set up ORS hydration booths, advise elderly/children to remain indoors, halt non-essential outdoor work.",34.5,34.0,72.2,7.1,795.0,41.4,Critical Heat,#e53935,34.0 °C (ΔT: -0.5 °C),41.4 °C (Critical Heat),Activate municipal misting fans,"🔥 CRITICAL: Activate municipal misting fans, set up ORS hydration booths, advise elderly/children to remain indoors, halt non-essential outdoor work."
051S,Ward 051S (South West Delhi),South Delhi MCD,South West Delhi,28.606,77.0644,1.52,-0.3,0.298,0.52,10.4,3253,30.1,29.8,73.5,5.7,769.0,36.0,Moderate Risk,#fb8c00,29.8 °C (ΔT: -0.3 °C),36.0 °C (Moderate Risk),Enforce hydration breaks for outdoor workers,"⚠️ ADVISORY: Enforce hydration breaks for outdoor workers, distribute ORS at transit hubs, maintain continuous water supplies in high-density settlements.",29.9,29.6,78.5,2.8,676.0,36.3,Moderate Risk,#fb8c00,29.6 °C (ΔT: -0.3 °C),36.3 °C (Moderate Risk),Enforce hydration breaks for outdoor workers,"⚠️ ADVISORY: Enforce hydration breaks for outdoor workers, distribute ORS at transit hubs, maintain continuous water supplies in high-density settlements.",32.1,31.8,74.3,6.7,741.0,38.5,Critical Heat,#e53935,31.8 °C (ΔT: -0.3 °C),38.5 °C (Critical Heat),Activate municipal misting fans,"🔥 CRITICAL: Activate municipal misting fans, set up ORS hydration booths, advise elderly/children to remain indoors, halt non-essential outdoor work.",33.5,33.2,69.9,8.0,736.0,39.8,Critical Heat,#e53935,33.2 °C (ΔT: -0.3 °C),39.8 °C (Critical Heat),Activate municipal misting fans,"🔥 CRITICAL: Activate municipal misting fans, set up ORS hydration booths, advise elderly/children to remain indoors, halt non-essential outdoor work.",34.2,33.9,64.2,8.0,793.0,40.4,Critical Heat,#e53935,33.9 °C (ΔT: -0.3 °C),40.4 °C (Critical Heat),Activate municipal misting fans,"🔥 CRITICAL: Activate municipal misting fans, set up ORS hydration booths, advise elderly/children to remain indoors, halt non-essential outdoor work.",34.2,33.9,72.1,6.2,793.0,41.4,Critical Heat,#e53935,33.9 °C (ΔT: -0.3 °C),41.4 °C (Critical Heat),Activate municipal misting fans,"🔥 CRITICAL: Activate municipal misting fans, set up ORS hydration booths, advise elderly/children to remain indoors, halt non-essential outdoor work.",34.2,33.9,72.1,6.2,793.0,41.4,Critical Heat,#e53935,33.9 °C (ΔT: -0.3 °C),41.4 °C (Critical Heat),Activate municipal misting fans,"🔥 CRITICAL: Activate municipal misting fans, set up ORS hydration booths, advise elderly/children to remain indoors, halt non-essential outdoor work."
017S,Ward 017S (West Delhi),South Delhi MCD,West Delhi,28.6108,77.0769,1.08,1.03,0.173,0.7,18.1,19937,29.7,30.7,73.5,5.9,768.0,37.1,Moderate Risk,#fb8c00,30.7 °C (ΔT: +1.0 °C),37.1 °C (Moderate Risk),Enforce hydration breaks for outdoor workers,"⚠️ ADVISORY: Enforce hydration breaks for outdoor workers, distribute ORS at transit hubs, maintain continuous water supplies in high-density settlements.",30.1,31.1,74.9,2.9,658.0,38.0,Critical Heat,#e53935,31.1 °C (ΔT: +1.0 °C),38.0 °C (Critical Heat),Activate municipal misting fans,"🔥 CRITICAL: Activate municipal misting fans, set up ORS hydration booths, advise elderly/children to remain indoors, halt non-essential outdoor work.",32.6,33.6,69.4,7.2,732.0,40.4,Critical Heat,#e53935,33.6 °C (ΔT: +1.0 °C),40.4 °C (Critical Heat),Activate municipal misting fans,"🔥 CRITICAL: Activate municipal misting fans, set up ORS hydration booths, advise elderly/children to remain indoors, halt non-essential outdoor work.",34.1,35.1,63.2,9.1,734.0,41.6,Critical Heat,#e53935,35.1 °C (ΔT: +1.0 °C),41.6 °C (Critical Heat),Activate municipal misting fans,"🔥 CRITICAL: Activate municipal misting fans, set up ORS hydration booths, advise elderly/children to remain indoors, halt non-essential outdoor work.",35.2,36.2,55.8,9.2,786.0,42.4,Critical Heat,#e53935,36.2 °C (ΔT: +1.0 °C),42.4 °C (Critical Heat),Activate municipal misting fans,"🔥 CRITICAL: Activate municipal misting fans, set up ORS hydration booths, advise elderly/children to remain indoors, halt non-essential outdoor work.",35.2,36.2,67.3,6.8,786.0,44.0,Extreme Danger,#8b0000,36.2 °C (ΔT: +1.0 °C),44.0 °C (Extreme Danger),Open 24/7 cooling centers,"🚨 EMERGENCY: Open 24/7 cooling centers, halt outdoor labor (11am-4pm), dispatch emergency water tankers to slum clusters, activate hospital heat-stroke protocols.",35.2,36.2,67.3,6.8,786.0,44.0,Extreme Danger,#8b0000,36.2 °C (ΔT: +1.0 °C),44.0 °C (Extreme Danger),Open 24/7 cooling centers,"🚨 EMERGENCY: Open 24/7 cooling centers, halt outdoor labor (11am-4pm), dispatch emergency water tankers to slum clusters, activate hospital heat-stroke protocols."
053S,Ward 053S (South West Delhi),South Delhi MCD,South West Delhi,28.5947,77.0964,1.0,-0.33,0.262,0.5,8.2,4450,30.1,29.8,73.5,5.7,769.0,36.0,Moderate Risk,#fb8c00,29.8 °C (ΔT: -0.3 °C),36.0 °C (Moderate Risk),Enforce hydration breaks for outdoor workers,"⚠️ ADVISORY: Enforce hydration breaks for outdoor workers, distribute ORS at transit hubs, maintain continuous water supplies in high-density settlements.",29.9,29.6,78.5,2.8,676.0,36.3,Moderate Risk,#fb8c00,29.6 °C (ΔT: -0.3 °C),36.3 °C (Moderate Risk),Enforce hydration breaks for outdoor workers,"⚠️ ADVISORY: Enforce hydration breaks for outdoor workers, distribute ORS at transit hubs, maintain continuous water supplies in high-density settlements.",32.1,31.8,74.3,6.7,741.0,38.5,Critical Heat,#e53935,31.8 °C (ΔT: -0.3 °C),38.5 °C (Critical Heat),Activate municipal misting fans,"🔥 CRITICAL: Activate municipal misting fans, set up ORS hydration booths, advise elderly/children to remain indoors, halt non-essential outdoor work.",33.5,33.2,69.9,8.0,736.0,39.8,Critical Heat,#e53935,33.2 °C (ΔT: -0.3 °C),39.8 °C (Critical Heat),Activate municipal misting fans,"🔥 CRITICAL: Activate municipal misting fans, set up ORS hydration booths, advise elderly/children to remain indoors, halt non-essential outdoor work.",34.2,33.9,64.2,8.0,793.0,40.4,Critical Heat,#e53935,33.9 °C (ΔT: -0.3 °C),40.4 °C (Critical Heat),Activate municipal misting fans,"🔥 CRITICAL: Activate municipal misting fans, set up ORS hydration booths, advise elderly/children to remain indoors, halt non-essential outdoor work.",34.2,33.9,72.1,6.2,793.0,41.4,Critical Heat,#e53935,33.9 °C (ΔT: -0.3 °C),41.4 °C (Critical Heat),Activate municipal misting fans,"🔥 CRITICAL: Activate municipal misting fans, set up ORS hydration booths, advise elderly/children to remain indoors, halt non-essential outdoor work.",34.2,33.9,72.1,6.2,793.0,41.4,Critical Heat,#e53935,33.9 °C (ΔT: -0.3 °C),41.4 °C (Critical Heat),Activate municipal misting fans,"🔥 CRITICAL: Activate municipal misting fans, set up ORS hydration booths, advise elderly/children to remain indoors, halt non-essential outdoor work."
052S,Ward 052S (South West Delhi),South Delhi MCD,South West Delhi,28.6035,77.0797,1.5,-0.39,0.281,0.5,8.3,7886,30.1,29.7,73.5,5.7,769.0,35.8,Moderate Risk,#fb8c00,29.7 °C (ΔT: -0.4 °C),35.8 °C (Moderate Risk),Enforce hydration breaks for outdoor workers,"⚠️ ADVISORY: Enforce hydration breaks for outdoor workers, distribute ORS at transit hubs, maintain continuous water supplies in high-density settlements.",29.9,29.5,78.5,2.8,676.0,36.2,Moderate Risk,#fb8c00,29.5 °C (ΔT: -0.4 °C),36.2 °C (Moderate Risk),Enforce hydration breaks for outdoor workers,"⚠️ ADVISORY: Enforce hydration breaks for outdoor workers, distribute ORS at transit hubs, maintain continuous water supplies in high-density settlements.",32.1,31.7,74.3,6.7,741.0,38.3,Critical Heat,#e53935,31.7 °C (ΔT: -0.4 °C),38.3 °C (Critical Heat),Activate municipal misting fans,"🔥 CRITICAL: Activate municipal misting fans, set up ORS hydration booths, advise elderly/children to remain indoors, halt non-essential outdoor work.",33.5,33.1,69.9,8.0,736.0,39.7,Critical Heat,#e53935,33.1 °C (ΔT: -0.4 °C),39.7 °C (Critical Heat),Activate municipal misting fans,"🔥 CRITICAL: Activate municipal misting fans, set up ORS hydration booths, advise elderly/children to remain indoors, halt non-essential outdoor work.",34.2,33.8,64.2,8.0,793.0,40.3,Critical Heat,#e53935,33.8 °C (ΔT: -0.4 °C),40.3 °C (Critical Heat),Activate municipal misting fans,"🔥 CRITICAL: Activate municipal misting fans, set up ORS hydration booths, advise elderly/children to remain indoors, halt non-essential outdoor work.",34.2,33.8,72.1,6.2,793.0,41.2,Critical Heat,#e53935,33.8 °C (ΔT: -0.4 °C),41.2 °C (Critical Heat),Activate municipal misting fans,"🔥 CRITICAL: Activate municipal misting fans, set up ORS hydration booths, advise elderly/children to remain indoors, halt non-essential outdoor work.",34.2,33.8,72.1,6.2,793.0,41.2,Critical Heat,#e53935,33.8 °C (ΔT: -0.4 °C),41.2 °C (Critical Heat),Activate municipal misting fans,"🔥 CRITICAL: Activate municipal misting fans, set up ORS hydration booths, advise elderly/children to remain indoors, halt non-essential outdoor work."
069S,Ward 069S (South Delhi),South Delhi MCD,South Delhi,28.5187,77.1396,22.87,-0.45,0.305,0.55,6.3,10259,28.0,27.6,80.0,6.1,727.0,33.4,Moderate Risk,#fb8c00,27.6 °C (ΔT: -0.5 °C),33.4 °C (Moderate Risk),Enforce hydration breaks for outdoor workers,"⚠️ ADVISORY: Enforce hydration breaks for outdoor workers, distribute ORS at transit hubs, maintain continuous water supplies in high-density settlements.",29.5,29.1,80.9,3.3,690.0,35.7,Moderate Risk,#fb8c00,29.1 °C (ΔT: -0.5 °C),35.7 °C (Moderate Risk),Enforce hydration breaks for outdoor workers,"⚠️ ADVISORY: Enforce hydration breaks for outdoor workers, distribute ORS at transit hubs, maintain continuous water supplies in high-density settlements.",31.5,31.1,74.1,7.3,730.0,37.4,Moderate Risk,#fb8c00,31.1 °C (ΔT: -0.5 °C),37.4 °C (Moderate Risk),Enforce hydration breaks for outdoor workers,"⚠️ ADVISORY: Enforce hydration breaks for outdoor workers, distribute ORS at transit hubs, maintain continuous water supplies in high-density settlements.",33.2,32.8,67.5,9.2,756.0,39.0,Critical Heat,#e53935,32.8 °C (ΔT: -0.5 °C),39.0 °C (Critical Heat),Activate municipal misting fans,"🔥 CRITICAL: Activate municipal misting fans, set up ORS hydration booths, advise elderly/children to remain indoors, halt non-essential outdoor work.",34.5,34.0,58.6,9.5,795.0,39.8,Critical Heat,#e53935,34.0 °C (ΔT: -0.5 °C),39.8 °C (Critical Heat),Activate municipal misting fans,"🔥 CRITICAL: Activate municipal misting fans, set up ORS hydration booths, advise elderly/children to remain indoors, halt non-essential outdoor work.",34.5,34.0,72.2,7.1,795.0,41.4,Critical Heat,#e53935,34.0 °C (ΔT: -0.5 °C),41.4 °C (Critical Heat),Activate municipal misting fans,"🔥 CRITICAL: Activate municipal misting fans, set up ORS hydration booths, advise elderly/children to remain indoors, halt non-essential outdoor work.",34.5,34.0,72.2,7.1,795.0,41.4,Critical Heat,#e53935,34.0 °C (ΔT: -0.5 °C),41.4 °C (Critical Heat),Activate municipal misting fans,"🔥 CRITICAL: Activate municipal misting fans, set up ORS hydration booths, advise elderly/children to remain indoors, halt non-essential outdoor work."
061S,Ward 061S (South Delhi),South Delhi MCD,South Delhi,28.5536,77.1974,7.58,-0.56,0.347,0.52,8.9,11604,28.0,27.4,80.0,6.1,727.0,33.1,Moderate Risk,#fb8c00,27.4 °C (ΔT: -0.6 °C),33.1 °C (Moderate Risk),Enforce hydration breaks for outdoor workers,"⚠️ ADVISORY: Enforce hydration breaks for outdoor workers, distribute ORS at transit hubs, maintain continuous water supplies in high-density settlements.",29.5,28.9,80.9,3.3,690.0,35.5,Moderate Risk,#fb8c00,28.9 °C (ΔT: -0.6 °C),35.5 °C (Moderate Risk),Enforce hydration breaks for outdoor workers,"⚠️ ADVISORY: Enforce hydration breaks for outdoor workers, distribute ORS at transit hubs, maintain continuous water supplies in high-density settlements.",31.5,30.9,74.1,7.3,730.0,37.1,Moderate Risk,#fb8c00,30.9 °C (ΔT: -0.6 °C),37.1 °C (Moderate Risk),Enforce hydration breaks for outdoor workers,"⚠️ ADVISORY: Enforce hydration breaks for outdoor workers, distribute ORS at transit hubs, maintain continuous water supplies in high-density settlements.",33.2,32.6,67.5,9.2,756.0,38.7,Critical Heat,#e53935,32.6 °C (ΔT: -0.6 °C),38.7 °C (Critical Heat),Activate municipal misting fans,"🔥 CRITICAL: Activate municipal misting fans, set up ORS hydration booths, advise elderly/children to remain indoors, halt non-essential outdoor work.",34.5,33.9,58.6,9.5,795.0,39.7,Critical Heat,#e53935,33.9 °C (ΔT: -0.6 °C),39.7 °C (Critical Heat),Activate municipal misting fans,"🔥 CRITICAL: Activate municipal misting fans, set up ORS hydration booths, advise elderly/children to remain indoors, halt non-essential outdoor work.",34.5,33.9,72.2,7.1,795.0,41.3,Critical Heat,#e53935,33.9 °C (ΔT: -0.6 °C),41.3 °C (Critical Heat),Activate municipal misting fans,"🔥 CRITICAL: Activate municipal misting fans, set up ORS hydration booths, advise elderly/children to remain indoors, halt non-essential outdoor work.",34.5,33.9,72.2,7.1,795.0,41.3,Critical Heat,#e53935,33.9 °C (ΔT: -0.6 °C),41.3 °C (Critical Heat),Activate municipal misting fans,"🔥 CRITICAL: Activate municipal misting fans, set up ORS hydration booths, advise elderly/children to remain indoors, halt non-essential outdoor work."
063S,Ward 063S (South Delhi),South Delhi MCD,South Delhi,28.5384,77.2136,1.67,-0.61,0.327,0.5,7.4,9721,28.0,27.4,80.0,6.1,727.0,33.1,Moderate Risk,#fb8c00,27.4 °C (ΔT: -0.6 °C),33.1 °C (Moderate Risk),Enforce hydration breaks for outdoor workers,"⚠️ ADVISORY: Enforce hydration breaks for outdoor workers, distribute ORS at transit hubs, maintain continuous water supplies in high-density settlements.",29.5,28.9,80.9,3.3,690.0,35.5,Moderate Risk,#fb8c00,28.9 °C (ΔT: -0.6 °C),35.5 °C (Moderate Risk),Enforce hydration breaks for outdoor workers,"⚠️ ADVISORY: Enforce hydration breaks for outdoor workers, distribute ORS at transit hubs, maintain continuous water supplies in high-density settlements.",31.5,30.9,74.1,7.3,730.0,37.1,Moderate Risk,#fb8c00,30.9 °C (ΔT: -0.6 °C),37.1 °C (Moderate Risk),Enforce hydration breaks for outdoor workers,"⚠️ ADVISORY: Enforce hydration breaks for outdoor workers, distribute ORS at transit hubs, maintain continuous water supplies in high-density settlements.",33.2,32.6,67.5,9.2,756.0,38.7,Critical Heat,#e53935,32.6 °C (ΔT: -0.6 °C),38.7 °C (Critical Heat),Activate municipal misting fans,"🔥 CRITICAL: Activate municipal misting fans, set up ORS hydration booths, advise elderly/children to remain indoors, halt non-essential outdoor work.",34.5,33.9,58.6,9.5,795.0,39.7,Critical Heat,#e53935,33.9 °C (ΔT: -0.6 °C),39.7 °C (Critical Heat),Activate municipal misting fans,"🔥 CRITICAL: Activate municipal misting fans, set up ORS hydration booths, advise elderly/children to remain indoors, halt non-essential outdoor work.",34.5,33.9,72.2,7.1,795.0,41.3,Critical Heat,#e53935,33.9 °C (ΔT: -0.6 °C),41.3 °C (Critical Heat),Activate municipal misting fans,"🔥 CRITICAL: Activate municipal misting fans, set up ORS hydration booths, advise elderly/children to remain indoors, halt non-essential outdoor work.",34.5,33.9,72.2,7.1,795.0,41.3,Critical Heat,#e53935,33.9 °C (ΔT: -0.6 °C),41.3 °C (Critical Heat),Activate municipal misting fans,"🔥 CRITICAL: Activate municipal misting fans, set up ORS hydration booths, advise elderly/children to remain indoors, halt non-essential outdoor work."
062S,Ward 062S (South East Delhi),South Delhi MCD,South East Delhi,28.5552,77.2144,3.25,0.99,0.222,0.68,22.2,19057,28.1,29.1,81.2,5.3,716.0,35.5,Moderate Risk,#fb8c00,29.1 °C (ΔT: +1.0 °C),35.5 °C (Moderate Risk),Enforce hydration breaks for outdoor workers,"⚠️ ADVISORY: Enforce hydration breaks for outdoor workers, distribute ORS at transit hubs, maintain continuous water supplies in high-density settlements.",29.5,30.5,81.6,2.7,675.0,37.8,Moderate Risk,#fb8c00,30.5 °C (ΔT: +1.0 °C),37.8 °C (Moderate Risk),Enforce hydration breaks for outdoor workers,"⚠️ ADVISORY: Enforce hydration breaks for outdoor workers, distribute ORS at transit hubs, maintain continuous water supplies in high-density settlements.",31.8,32.8,74.0,6.0,727.0,39.9,Critical Heat,#e53935,32.8 °C (ΔT: +1.0 °C),39.9 °C (Critical Heat),Activate municipal misting fans,"🔥 CRITICAL: Activate municipal misting fans, set up ORS hydration booths, advise elderly/children to remain indoors, halt non-essential outdoor work.",33.6,34.6,65.8,7.9,762.0,41.4,Critical Heat,#e53935,34.6 °C (ΔT: +1.0 °C),41.4 °C (Critical Heat),Activate municipal misting fans,"🔥 CRITICAL: Activate municipal misting fans, set up ORS hydration booths, advise elderly/children to remain indoors, halt non-essential outdoor work.",35.4,36.4,55.7,8.3,786.0,42.8,Critical Heat,#e53935,36.4 °C (ΔT: +1.0 °C),42.8 °C (Critical Heat),Activate municipal misting fans,"🔥 CRITICAL: Activate municipal misting fans, set up ORS hydration booths, advise elderly/children to remain indoors, halt non-essential outdoor work.",35.4,36.4,71.7,6.0,786.0,44.9,Extreme Danger,#8b0000,36.4 °C (ΔT: +1.0 °C),44.9 °C (Extreme Danger),Open 24/7 cooling centers,"🚨 EMERGENCY: Open 24/7 cooling centers, halt outdoor labor (11am-4pm), dispatch emergency water tankers to slum clusters, activate hospital heat-stroke protocols.",35.4,36.4,71.7,6.0,786.0,44.9,Extreme Danger,#8b0000,36.4 °C (ΔT: +1.0 °C),44.9 °C (Extreme Danger),Open 24/7 cooling centers,"🚨 EMERGENCY: Open 24/7 cooling centers, halt outdoor labor (11am-4pm), dispatch emergency water tankers to slum clusters, activate hospital heat-stroke protocols."
090S,Ward 090S (South East Delhi),South Delhi MCD,South East Delhi,28.5514,77.2663,3.73,0.99,0.229,0.68,22.7,17771,28.1,29.1,81.2,5.3,716.0,35.5,Moderate Risk,#fb8c00,29.1 °C (ΔT: +1.0 °C),35.5 °C (Moderate Risk),Enforce hydration breaks for outdoor workers,"⚠️ ADVISORY: Enforce hydration breaks for outdoor workers, distribute ORS at transit hubs, maintain continuous water supplies in high-density settlements.",29.5,30.5,81.6,2.7,675.0,37.8,Moderate Risk,#fb8c00,30.5 °C (ΔT: +1.0 °C),37.8 °C (Moderate Risk),Enforce hydration breaks for outdoor workers,"⚠️ ADVISORY: Enforce hydration breaks for outdoor workers, distribute ORS at transit hubs, maintain continuous water supplies in high-density settlements.",31.8,32.8,74.0,6.0,727.0,39.9,Critical Heat,#e53935,32.8 °C (ΔT: +1.0 °C),39.9 °C (Critical Heat),Activate municipal misting fans,"🔥 CRITICAL: Activate municipal misting fans, set up ORS hydration booths, advise elderly/children to remain indoors, halt non-essential outdoor work.",33.6,34.6,65.8,7.9,762.0,41.4,Critical Heat,#e53935,34.6 °C (ΔT: +1.0 °C),41.4 °C (Critical Heat),Activate municipal misting fans,"🔥 CRITICAL: Activate municipal misting fans, set up ORS hydration booths, advise elderly/children to remain indoors, halt non-essential outdoor work.",35.4,36.4,55.7,8.3,786.0,42.8,Critical Heat,#e53935,36.4 °C (ΔT: +1.0 °C),42.8 °C (Critical Heat),Activate municipal misting fans,"🔥 CRITICAL: Activate municipal misting fans, set up ORS hydration booths, advise elderly/children to remain indoors, halt non-essential outdoor work.",35.4,36.4,71.7,6.0,786.0,44.9,Extreme Danger,#8b0000,36.4 °C (ΔT: +1.0 °C),44.9 °C (Extreme Danger),Open 24/7 cooling centers,"🚨 EMERGENCY: Open 24/7 cooling centers, halt outdoor labor (11am-4pm), dispatch emergency water tankers to slum clusters, activate hospital heat-stroke protocols.",35.4,36.4,71.7,6.0,786.0,44.9,Extreme Danger,#8b0000,36.4 °C (ΔT: +1.0 °C),44.9 °C (Extreme Danger),Open 24/7 cooling centers,"🚨 EMERGENCY: Open 24/7 cooling centers, halt outdoor labor (11am-4pm), dispatch emergency water tankers to slum clusters, activate hospital heat-stroke protocols."
091S,Ward 091S (South East Delhi),South Delhi MCD,South East Delhi,28.5381,77.2705,0.62,1.32,0.181,0.74,22.4,20846,28.1,29.4,81.2,5.3,716.0,35.9,Moderate Risk,#fb8c00,29.4 °C (ΔT: +1.3 °C),35.9 °C (Moderate Risk),Enforce hydration breaks for outdoor workers,"⚠️ ADVISORY: Enforce hydration breaks for outdoor workers, distribute ORS at transit hubs, maintain continuous water supplies in high-density settlements.",29.5,30.8,81.6,2.7,675.0,38.2,Critical Heat,#e53935,30.8 °C (ΔT: +1.3 °C),38.2 °C (Critical Heat),Activate municipal misting fans,"🔥 CRITICAL: Activate municipal misting fans, set up ORS hydration booths, advise elderly/children to remain indoors, halt non-essential outdoor work.",31.8,33.1,74.0,6.0,727.0,40.3,Critical Heat,#e53935,33.1 °C (ΔT: +1.3 °C),40.3 °C (Critical Heat),Activate municipal misting fans,"🔥 CRITICAL: Activate municipal misting fans, set up ORS hydration booths, advise elderly/children to remain indoors, halt non-essential outdoor work.",33.6,34.9,65.8,7.9,762.0,41.8,Critical Heat,#e53935,34.9 °C (ΔT: +1.3 °C),41.8 °C (Critical Heat),Activate municipal misting fans,"🔥 CRITICAL: Activate municipal misting fans, set up ORS hydration booths, advise elderly/children to remain indoors, halt non-essential outdoor work.",35.4,36.7,55.7,8.3,786.0,43.2,Extreme Danger,#8b0000,36.7 °C (ΔT: +1.3 °C),43.2 °C (Extreme Danger),Open 24/7 cooling centers,"🚨 EMERGENCY: Open 24/7 cooling centers, halt outdoor labor (11am-4pm), dispatch emergency water tankers to slum clusters, activate hospital heat-stroke protocols.",35.4,36.7,71.7,6.0,786.0,45.3,Extreme Danger,#8b0000,36.7 °C (ΔT: +1.3 °C),45.3 °C (Extreme Danger),Open 24/7 cooling centers,"🚨 EMERGENCY: Open 24/7 cooling centers, halt outdoor labor (11am-4pm), dispatch emergency water tankers to slum clusters, activate hospital heat-stroke protocols.",35.4,36.7,71.7,6.0,786.0,45.3,Extreme Danger,#8b0000,36.7 °C (ΔT: +1.3 °C),45.3 °C (Extreme Danger),Open 24/7 cooling centers,"🚨 EMERGENCY: Open 24/7 cooling centers, halt outdoor labor (11am-4pm), dispatch emergency water tankers to slum clusters, activate hospital heat-stroke protocols."
089S,Ward 089S (South East Delhi),South Delhi MCD,South East Delhi,28.5668,77.2721,4.21,0.98,0.194,0.69,19.3,19241,28.1,29.1,81.2,5.3,716.0,35.5,Moderate Risk,#fb8c00,29.1 °C (ΔT: +1.0 °C),35.5 °C (Moderate Risk),Enforce hydration breaks for outdoor workers,"⚠️ ADVISORY: Enforce hydration breaks for outdoor workers, distribute ORS at transit hubs, maintain continuous water supplies in high-density settlements.",29.5,30.5,81.6,2.7,675.0,37.8,Moderate Risk,#fb8c00,30.5 °C (ΔT: +1.0 °C),37.8 °C (Moderate Risk),Enforce hydration breaks for outdoor workers,"⚠️ ADVISORY: Enforce hydration breaks for outdoor workers, distribute ORS at transit hubs, maintain continuous water supplies in high-density settlements.",31.8,32.8,74.0,6.0,727.0,39.9,Critical Heat,#e53935,32.8 °C (ΔT: +1.0 °C),39.9 °C (Critical Heat),Activate municipal misting fans,"🔥 CRITICAL: Activate municipal misting fans, set up ORS hydration booths, advise elderly/children to remain indoors, halt non-essential outdoor work.",33.6,34.6,65.8,7.9,762.0,41.4,Critical Heat,#e53935,34.6 °C (ΔT: +1.0 °C),41.4 °C (Critical Heat),Activate municipal misting fans,"🔥 CRITICAL: Activate municipal misting fans, set up ORS hydration booths, advise elderly/children to remain indoors, halt non-essential outdoor work.",35.4,36.4,55.7,8.3,786.0,42.8,Critical Heat,#e53935,36.4 °C (ΔT: +1.0 °C),42.8 °C (Critical Heat),Activate municipal misting fans,"🔥 CRITICAL: Activate municipal misting fans, set up ORS hydration booths, advise elderly/children to remain indoors, halt non-essential outdoor work.",35.4,36.4,71.7,6.0,786.0,44.9,Extreme Danger,#8b0000,36.4 °C (ΔT: +1.0 °C),44.9 °C (Extreme Danger),Open 24/7 cooling centers,"🚨 EMERGENCY: Open 24/7 cooling centers, halt outdoor labor (11am-4pm), dispatch emergency water tankers to slum clusters, activate hospital heat-stroke protocols.",35.4,36.4,71.7,6.0,786.0,44.9,Extreme Danger,#8b0000,36.4 °C (ΔT: +1.0 °C),44.9 °C (Extreme Danger),Open 24/7 cooling centers,"🚨 EMERGENCY: Open 24/7 cooling centers, halt outdoor labor (11am-4pm), dispatch emergency water tankers to slum clusters, activate hospital heat-stroke protocols."
030S,Ward 030S (South West Delhi),South Delhi MCD,South West Delhi,28.6094,77.0926,1.54,-0.62,0.308,0.51,5.3,4265,30.1,29.5,73.5,5.7,769.0,35.6,Moderate Risk,#fb8c00,29.5 °C (ΔT: -0.6 °C),35.6 °C (Moderate Risk),Enforce hydration breaks for outdoor workers,"⚠️ ADVISORY: Enforce hydration breaks for outdoor workers, distribute ORS at transit hubs, maintain continuous water supplies in high-density settlements.",29.9,29.3,78.5,2.8,676.0,35.9,Moderate Risk,#fb8c00,29.3 °C (ΔT: -0.6 °C),35.9 °C (Moderate Risk),Enforce hydration breaks for outdoor workers,"⚠️ ADVISORY: Enforce hydration breaks for outdoor workers, distribute ORS at transit hubs, maintain continuous water supplies in high-density settlements.",32.1,31.5,74.3,6.7,741.0,38.1,Critical Heat,#e53935,31.5 °C (ΔT: -0.6 °C),38.1 °C (Critical Heat),Activate municipal misting fans,"🔥 CRITICAL: Activate municipal misting fans, set up ORS hydration booths, advise elderly/children to remain indoors, halt non-essential outdoor work.",33.5,32.9,69.9,8.0,736.0,39.4,Critical Heat,#e53935,32.9 °C (ΔT: -0.6 °C),39.4 °C (Critical Heat),Activate municipal misting fans,"🔥 CRITICAL: Activate municipal misting fans, set up ORS hydration booths, advise elderly/children to remain indoors, halt non-essential outdoor work.",34.2,33.6,64.2,8.0,793.0,40.0,Critical Heat,#e53935,33.6 °C (ΔT: -0.6 °C),40.0 °C (Critical Heat),Activate municipal misting fans,"🔥 CRITICAL: Activate municipal misting fans, set up ORS hydration booths, advise elderly/children to remain indoors, halt non-essential outdoor work.",34.2,33.6,72.1,6.2,793.0,41.0,Critical Heat,#e53935,33.6 °C (ΔT: -0.6 °C),41.0 °C (Critical Heat),Activate municipal misting fans,"🔥 CRITICAL: Activate municipal misting fans, set up ORS hydration booths, advise elderly/children to remain indoors, halt non-essential outdoor work.",34.2,33.6,72.1,6.2,793.0,41.0,Critical Heat,#e53935,33.6 °C (ΔT: -0.6 °C),41.0 °C (Critical Heat),Activate municipal misting fans,"🔥 CRITICAL: Activate municipal misting fans, set up ORS hydration booths, advise elderly/children to remain indoors, halt non-essential outdoor work."
031S,Ward 031S (South West Delhi),South Delhi MCD,South West Delhi,28.6069,77.0996,0.53,-0.25,0.252,0.51,8.5,6308,30.1,29.9,73.5,5.7,769.0,36.1,Moderate Risk,#fb8c00,29.9 °C (ΔT: -0.2 °C),36.1 °C (Moderate Risk),Enforce hydration breaks for outdoor workers,"⚠️ ADVISORY: Enforce hydration breaks for outdoor workers, distribute ORS at transit hubs, maintain continuous water supplies in high-density settlements.",29.9,29.6,78.5,2.8,676.0,36.3,Moderate Risk,#fb8c00,29.6 °C (ΔT: -0.2 °C),36.3 °C (Moderate Risk),Enforce hydration breaks for outdoor workers,"⚠️ ADVISORY: Enforce hydration breaks for outdoor workers, distribute ORS at transit hubs, maintain continuous water supplies in high-density settlements.",32.1,31.9,74.3,6.7,741.0,38.6,Critical Heat,#e53935,31.9 °C (ΔT: -0.2 °C),38.6 °C (Critical Heat),Activate municipal misting fans,"🔥 CRITICAL: Activate municipal misting fans, set up ORS hydration booths, advise elderly/children to remain indoors, halt non-essential outdoor work.",33.5,33.2,69.9,8.0,736.0,39.8,Critical Heat,#e53935,33.2 °C (ΔT: -0.2 °C),39.8 °C (Critical Heat),Activate municipal misting fans,"🔥 CRITICAL: Activate municipal misting fans, set up ORS hydration booths, advise elderly/children to remain indoors, halt non-essential outdoor work.",34.2,34.0,64.2,8.0,793.0,40.5,Critical Heat,#e53935,34.0 °C (ΔT: -0.2 °C),40.5 °C (Critical Heat),Activate municipal misting fans,"🔥 CRITICAL: Activate municipal misting fans, set up ORS hydration booths, advise elderly/children to remain indoors, halt non-essential outdoor work.",34.2,34.0,72.1,6.2,793.0,41.5,Critical Heat,#e53935,34.0 °C (ΔT: -0.2 °C),41.5 °C (Critical Heat),Activate municipal misting fans,"🔥 CRITICAL: Activate municipal misting fans, set up ORS hydration booths, advise elderly/children to remain indoors, halt non-essential outdoor work.",34.2,34.0,72.1,6.2,793.0,41.5,Critical Heat,#e53935,34.0 °C (ΔT: -0.2 °C),41.5 °C (Critical Heat),Activate municipal misting fans,"🔥 CRITICAL: Activate municipal misting fans, set up ORS hydration booths, advise elderly/children to remain indoors, halt non-essential outdoor work."
032S,Ward 032S (South West Delhi),South Delhi MCD,South West Delhi,28.6044,77.1041,0.77,-0.38,0.292,0.55,6.7,7573,30.1,29.7,73.5,5.7,769.0,35.8,Moderate Risk,#fb8c00,29.7 °C (ΔT: -0.4 °C),35.8 °C (Moderate Risk),Enforce hydration breaks for outdoor workers,"⚠️ ADVISORY: Enforce hydration breaks for outdoor workers, distribute ORS at transit hubs, maintain continuous water supplies in high-density settlements.",29.9,29.5,78.5,2.8,676.0,36.2,Moderate Risk,#fb8c00,29.5 °C (ΔT: -0.4 °C),36.2 °C (Moderate Risk),Enforce hydration breaks for outdoor workers,"⚠️ ADVISORY: Enforce hydration breaks for outdoor workers, distribute ORS at transit hubs, maintain continuous water supplies in high-density settlements.",32.1,31.7,74.3,6.7,741.0,38.3,Critical Heat,#e53935,31.7 °C (ΔT: -0.4 °C),38.3 °C (Critical Heat),Activate municipal misting fans,"🔥 CRITICAL: Activate municipal misting fans, set up ORS hydration booths, advise elderly/children to remain indoors, halt non-essential outdoor work.",33.5,33.1,69.9,8.0,736.0,39.7,Critical Heat,#e53935,33.1 °C (ΔT: -0.4 °C),39.7 °C (Critical Heat),Activate municipal misting fans,"🔥 CRITICAL: Activate municipal misting fans, set up ORS hydration booths, advise elderly/children to remain indoors, halt non-essential outdoor work.",34.2,33.8,64.2,8.0,793.0,40.3,Critical Heat,#e53935,33.8 °C (ΔT: -0.4 °C),40.3 °C (Critical Heat),Activate municipal misting fans,"🔥 CRITICAL: Activate municipal misting fans, set up ORS hydration booths, advise elderly/children to remain indoors, halt non-essential outdoor work.",34.2,33.8,72.1,6.2,793.0,41.2,Critical Heat,#e53935,33.8 °C (ΔT: -0.4 °C),41.2 °C (Critical Heat),Activate municipal misting fans,"🔥 CRITICAL: Activate municipal misting fans, set up ORS hydration booths, advise elderly/children to remain indoors, halt non-essential outdoor work.",34.2,33.8,72.1,6.2,793.0,41.2,Critical Heat,#e53935,33.8 °C (ΔT: -0.4 °C),41.2 °C (Critical Heat),Activate municipal misting fans,"🔥 CRITICAL: Activate municipal misting fans, set up ORS hydration booths, advise elderly/children to remain indoors, halt non-essential outdoor work."
033S,Ward 033S (South West Delhi),South Delhi MCD,South West Delhi,28.5984,77.0892,1.38,-0.49,0.301,0.49,8.3,5024,30.1,29.6,73.5,5.7,769.0,35.7,Moderate Risk,#fb8c00,29.6 °C (ΔT: -0.5 °C),35.7 °C (Moderate Risk),Enforce hydration breaks for outdoor workers,"⚠️ ADVISORY: Enforce hydration breaks for outdoor workers, distribute ORS at transit hubs, maintain continuous water supplies in high-density settlements.",29.9,29.4,78.5,2.8,676.0,36.0,Moderate Risk,#fb8c00,29.4 °C (ΔT: -0.5 °C),36.0 °C (Moderate Risk),Enforce hydration breaks for outdoor workers,"⚠️ ADVISORY: Enforce hydration breaks for outdoor workers, distribute ORS at transit hubs, maintain continuous water supplies in high-density settlements.",32.1,31.6,74.3,6.7,741.0,38.2,Critical Heat,#e53935,31.6 °C (ΔT: -0.5 °C),38.2 °C (Critical Heat),Activate municipal misting fans,"🔥 CRITICAL: Activate municipal misting fans, set up ORS hydration booths, advise elderly/children to remain indoors, halt non-essential outdoor work.",33.5,33.0,69.9,8.0,736.0,39.5,Critical Heat,#e53935,33.0 °C (ΔT: -0.5 °C),39.5 °C (Critical Heat),Activate municipal misting fans,"🔥 CRITICAL: Activate municipal misting fans, set up ORS hydration booths, advise elderly/children to remain indoors, halt non-essential outdoor work.",34.2,33.7,64.2,8.0,793.0,40.1,Critical Heat,#e53935,33.7 °C (ΔT: -0.5 °C),40.1 °C (Critical Heat),Activate municipal misting fans,"🔥 CRITICAL: Activate municipal misting fans, set up ORS hydration booths, advise elderly/children to remain indoors, halt non-essential outdoor work.",34.2,33.7,72.1,6.2,793.0,41.1,Critical Heat,#e53935,33.7 °C (ΔT: -0.5 °C),41.1 °C (Critical Heat),Activate municipal misting fans,"🔥 CRITICAL: Activate municipal misting fans, set up ORS hydration booths, advise elderly/children to remain indoors, halt non-essential outdoor work.",34.2,33.7,72.1,6.2,793.0,41.1,Critical Heat,#e53935,33.7 °C (ΔT: -0.5 °C),41.1 °C (Critical Heat),Activate municipal misting fans,"🔥 CRITICAL: Activate municipal misting fans, set up ORS hydration booths, advise elderly/children to remain indoors, halt non-essential outdoor work."
028S,Ward 028S (West Delhi),South Delhi MCD,West Delhi,28.6189,77.0532,1.55,0.96,0.132,0.73,12.1,20258,29.7,30.7,73.5,5.9,768.0,37.1,Moderate Risk,#fb8c00,30.7 °C (ΔT: +1.0 °C),37.1 °C (Moderate Risk),Enforce hydration breaks for outdoor workers,"⚠️ ADVISORY: Enforce hydration breaks for outdoor workers, distribute ORS at transit hubs, maintain continuous water supplies in high-density settlements.",30.1,31.1,74.9,2.9,658.0,38.0,Critical Heat,#e53935,31.1 °C (ΔT: +1.0 °C),38.0 °C (Critical Heat),Activate municipal misting fans,"🔥 CRITICAL: Activate municipal misting fans, set up ORS hydration booths, advise elderly/children to remain indoors, halt non-essential outdoor work.",32.6,33.6,69.4,7.2,732.0,40.4,Critical Heat,#e53935,33.6 °C (ΔT: +1.0 °C),40.4 °C (Critical Heat),Activate municipal misting fans,"🔥 CRITICAL: Activate municipal misting fans, set up ORS hydration booths, advise elderly/children to remain indoors, halt non-essential outdoor work.",34.1,35.1,63.2,9.1,734.0,41.6,Critical Heat,#e53935,35.1 °C (ΔT: +1.0 °C),41.6 °C (Critical Heat),Activate municipal misting fans,"🔥 CRITICAL: Activate municipal misting fans, set up ORS hydration booths, advise elderly/children to remain indoors, halt non-essential outdoor work.",35.2,36.2,55.8,9.2,786.0,42.4,Critical Heat,#e53935,36.2 °C (ΔT: +1.0 °C),42.4 °C (Critical Heat),Activate municipal misting fans,"🔥 CRITICAL: Activate municipal misting fans, set up ORS hydration booths, advise elderly/children to remain indoors, halt non-essential outdoor work.",35.2,36.2,67.3,6.8,786.0,44.0,Extreme Danger,#8b0000,36.2 °C (ΔT: +1.0 °C),44.0 °C (Extreme Danger),Open 24/7 cooling centers,"🚨 EMERGENCY: Open 24/7 cooling centers, halt outdoor labor (11am-4pm), dispatch emergency water tankers to slum clusters, activate hospital heat-stroke protocols.",35.2,36.2,67.3,6.8,786.0,44.0,Extreme Danger,#8b0000,36.2 °C (ΔT: +1.0 °C),44.0 °C (Extreme Danger),Open 24/7 cooling centers,"🚨 EMERGENCY: Open 24/7 cooling centers, halt outdoor labor (11am-4pm), dispatch emergency water tankers to slum clusters, activate hospital heat-stroke protocols."
034S,Ward 034S (South West Delhi),South Delhi MCD,South West Delhi,28.6108,77.0081,6.0,-0.11,0.27,0.56,10.0,8344,30.1,30.0,73.5,5.7,769.0,36.2,Moderate Risk,#fb8c00,30.0 °C (ΔT: -0.1 °C),36.2 °C (Moderate Risk),Enforce hydration breaks for outdoor workers,"⚠️ ADVISORY: Enforce hydration breaks for outdoor workers, distribute ORS at transit hubs, maintain continuous water supplies in high-density settlements.",29.9,29.8,78.5,2.8,676.0,36.6,Moderate Risk,#fb8c00,29.8 °C (ΔT: -0.1 °C),36.6 °C (Moderate Risk),Enforce hydration breaks for outdoor workers,"⚠️ ADVISORY: Enforce hydration breaks for outdoor workers, distribute ORS at transit hubs, maintain continuous water supplies in high-density settlements.",32.1,32.0,74.3,6.7,741.0,38.7,Critical Heat,#e53935,32.0 °C (ΔT: -0.1 °C),38.7 °C (Critical Heat),Activate municipal misting fans,"🔥 CRITICAL: Activate municipal misting fans, set up ORS hydration booths, advise elderly/children to remain indoors, halt non-essential outdoor work.",33.5,33.4,69.9,8.0,736.0,40.1,Critical Heat,#e53935,33.4 °C (ΔT: -0.1 °C),40.1 °C (Critical Heat),Activate municipal misting fans,"🔥 CRITICAL: Activate municipal misting fans, set up ORS hydration booths, advise elderly/children to remain indoors, halt non-essential outdoor work.",34.2,34.1,64.2,8.0,793.0,40.7,Critical Heat,#e53935,34.1 °C (ΔT: -0.1 °C),40.7 °C (Critical Heat),Activate municipal misting fans,"🔥 CRITICAL: Activate municipal misting fans, set up ORS hydration booths, advise elderly/children to remain indoors, halt non-essential outdoor work.",34.2,34.1,72.1,6.2,793.0,41.7,Critical Heat,#e53935,34.1 °C (ΔT: -0.1 °C),41.7 °C (Critical Heat),Activate municipal misting fans,"🔥 CRITICAL: Activate municipal misting fans, set up ORS hydration booths, advise elderly/children to remain indoors, halt non-essential outdoor work.",34.2,34.1,72.1,6.2,793.0,41.7,Critical Heat,#e53935,34.1 °C (ΔT: -0.1 °C),41.7 °C (Critical Heat),Activate municipal misting fans,"🔥 CRITICAL: Activate municipal misting fans, set up ORS hydration booths, advise elderly/children to remain indoors, halt non-essential outdoor work."
038S,Ward 038S (South West Delhi),South Delhi MCD,South West Delhi,28.5783,77.0547,10.73,-0.31,0.249,0.54,5.4,3872,30.1,29.8,73.5,5.7,769.0,36.0,Moderate Risk,#fb8c00,29.8 °C (ΔT: -0.3 °C),36.0 °C (Moderate Risk),Enforce hydration breaks for outdoor workers,"⚠️ ADVISORY: Enforce hydration breaks for outdoor workers, distribute ORS at transit hubs, maintain continuous water supplies in high-density settlements.",29.9,29.6,78.5,2.8,676.0,36.3,Moderate Risk,#fb8c00,29.6 °C (ΔT: -0.3 °C),36.3 °C (Moderate Risk),Enforce hydration breaks for outdoor workers,"⚠️ ADVISORY: Enforce hydration breaks for outdoor workers, distribute ORS at transit hubs, maintain continuous water supplies in high-density settlements.",32.1,31.8,74.3,6.7,741.0,38.5,Critical Heat,#e53935,31.8 °C (ΔT: -0.3 °C),38.5 °C (Critical Heat),Activate municipal misting fans,"🔥 CRITICAL: Activate municipal misting fans, set up ORS hydration booths, advise elderly/children to remain indoors, halt non-essential outdoor work.",33.5,33.2,69.9,8.0,736.0,39.8,Critical Heat,#e53935,33.2 °C (ΔT: -0.3 °C),39.8 °C (Critical Heat),Activate municipal misting fans,"🔥 CRITICAL: Activate municipal misting fans, set up ORS hydration booths, advise elderly/children to remain indoors, halt non-essential outdoor work.",34.2,33.9,64.2,8.0,793.0,40.4,Critical Heat,#e53935,33.9 °C (ΔT: -0.3 °C),40.4 °C (Critical Heat),Activate municipal misting fans,"🔥 CRITICAL: Activate municipal misting fans, set up ORS hydration booths, advise elderly/children to remain indoors, halt non-essential outdoor work.",34.2,33.9,72.1,6.2,793.0,41.4,Critical Heat,#e53935,33.9 °C (ΔT: -0.3 °C),41.4 °C (Critical Heat),Activate municipal misting fans,"🔥 CRITICAL: Activate municipal misting fans, set up ORS hydration booths, advise elderly/children to remain indoors, halt non-essential outdoor work.",34.2,33.9,72.1,6.2,793.0,41.4,Critical Heat,#e53935,33.9 °C (ΔT: -0.3 °C),41.4 °C (Critical Heat),Activate municipal misting fans,"🔥 CRITICAL: Activate municipal misting fans, set up ORS hydration booths, advise elderly/children to remain indoors, halt non-essential outdoor work."
067S,Ward 067S (South Delhi),South Delhi MCD,South Delhi,28.5385,77.1857,9.26,-0.46,0.315,0.55,7.0,12080,28.0,27.5,80.0,6.1,727.0,33.2,Moderate Risk,#fb8c00,27.5 °C (ΔT: -0.5 °C),33.2 °C (Moderate Risk),Enforce hydration breaks for outdoor workers,"⚠️ ADVISORY: Enforce hydration breaks for outdoor workers, distribute ORS at transit hubs, maintain continuous water supplies in high-density settlements.",29.5,29.0,80.9,3.3,690.0,35.6,Moderate Risk,#fb8c00,29.0 °C (ΔT: -0.5 °C),35.6 °C (Moderate Risk),Enforce hydration breaks for outdoor workers,"⚠️ ADVISORY: Enforce hydration breaks for outdoor workers, distribute ORS at transit hubs, maintain continuous water supplies in high-density settlements.",31.5,31.0,74.1,7.3,730.0,37.3,Moderate Risk,#fb8c00,31.0 °C (ΔT: -0.5 °C),37.3 °C (Moderate Risk),Enforce hydration breaks for outdoor workers,"⚠️ ADVISORY: Enforce hydration breaks for outdoor workers, distribute ORS at transit hubs, maintain continuous water supplies in high-density settlements.",33.2,32.7,67.5,9.2,756.0,38.8,Critical Heat,#e53935,32.7 °C (ΔT: -0.5 °C),38.8 °C (Critical Heat),Activate municipal misting fans,"🔥 CRITICAL: Activate municipal misting fans, set up ORS hydration booths, advise elderly/children to remain indoors, halt non-essential outdoor work.",34.5,34.0,58.6,9.5,795.0,39.8,Critical Heat,#e53935,34.0 °C (ΔT: -0.5 °C),39.8 °C (Critical Heat),Activate municipal misting fans,"🔥 CRITICAL: Activate municipal misting fans, set up ORS hydration booths, advise elderly/children to remain indoors, halt non-essential outdoor work.",34.5,34.0,72.2,7.1,795.0,41.4,Critical Heat,#e53935,34.0 °C (ΔT: -0.5 °C),41.4 °C (Critical Heat),Activate municipal misting fans,"🔥 CRITICAL: Activate municipal misting fans, set up ORS hydration booths, advise elderly/children to remain indoors, halt non-essential outdoor work.",34.5,34.0,72.2,7.1,795.0,41.4,Critical Heat,#e53935,34.0 °C (ΔT: -0.5 °C),41.4 °C (Critical Heat),Activate municipal misting fans,"🔥 CRITICAL: Activate municipal misting fans, set up ORS hydration booths, advise elderly/children to remain indoors, halt non-essential outdoor work."
075S,Ward 075S (South East Delhi),South Delhi MCD,South East Delhi,28.5178,77.2459,0.94,0.9,0.18,0.64,19.1,21069,28.1,29.0,81.2,5.3,716.0,35.4,Moderate Risk,#fb8c00,29.0 °C (ΔT: +0.9 °C),35.4 °C (Moderate Risk),Enforce hydration breaks for outdoor workers,"⚠️ ADVISORY: Enforce hydration breaks for outdoor workers, distribute ORS at transit hubs, maintain continuous water supplies in high-density settlements.",29.5,30.4,81.6,2.7,675.0,37.6,Moderate Risk,#fb8c00,30.4 °C (ΔT: +0.9 °C),37.6 °C (Moderate Risk),Enforce hydration breaks for outdoor workers,"⚠️ ADVISORY: Enforce hydration breaks for outdoor workers, distribute ORS at transit hubs, maintain continuous water supplies in high-density settlements.",31.8,32.7,74.0,6.0,727.0,39.7,Critical Heat,#e53935,32.7 °C (ΔT: +0.9 °C),39.7 °C (Critical Heat),Activate municipal misting fans,"🔥 CRITICAL: Activate municipal misting fans, set up ORS hydration booths, advise elderly/children to remain indoors, halt non-essential outdoor work.",33.6,34.5,65.8,7.9,762.0,41.3,Critical Heat,#e53935,34.5 °C (ΔT: +0.9 °C),41.3 °C (Critical Heat),Activate municipal misting fans,"🔥 CRITICAL: Activate municipal misting fans, set up ORS hydration booths, advise elderly/children to remain indoors, halt non-essential outdoor work.",35.4,36.3,55.7,8.3,786.0,42.7,Critical Heat,#e53935,36.3 °C (ΔT: +0.9 °C),42.7 °C (Critical Heat),Activate municipal misting fans,"🔥 CRITICAL: Activate municipal misting fans, set up ORS hydration booths, advise elderly/children to remain indoors, halt non-essential outdoor work.",35.4,36.3,71.7,6.0,786.0,44.7,Extreme Danger,#8b0000,36.3 °C (ΔT: +0.9 °C),44.7 °C (Extreme Danger),Open 24/7 cooling centers,"🚨 EMERGENCY: Open 24/7 cooling centers, halt outdoor labor (11am-4pm), dispatch emergency water tankers to slum clusters, activate hospital heat-stroke protocols.",35.4,36.3,71.7,6.0,786.0,44.7,Extreme Danger,#8b0000,36.3 °C (ΔT: +0.9 °C),44.7 °C (Extreme Danger),Open 24/7 cooling centers,"🚨 EMERGENCY: Open 24/7 cooling centers, halt outdoor labor (11am-4pm), dispatch emergency water tankers to slum clusters, activate hospital heat-stroke protocols."
076S,Ward 076S (South East Delhi),South Delhi MCD,South East Delhi,28.5089,77.2374,1.59,0.76,0.187,0.66,15.9,19321,28.1,28.9,81.2,5.3,716.0,35.2,Moderate Risk,#fb8c00,28.9 °C (ΔT: +0.8 °C),35.2 °C (Moderate Risk),Enforce hydration breaks for outdoor workers,"⚠️ ADVISORY: Enforce hydration breaks for outdoor workers, distribute ORS at transit hubs, maintain continuous water supplies in high-density settlements.",29.5,30.3,81.6,2.7,675.0,37.5,Moderate Risk,#fb8c00,30.3 °C (ΔT: +0.8 °C),37.5 °C (Moderate Risk),Enforce hydration breaks for outdoor workers,"⚠️ ADVISORY: Enforce hydration breaks for outdoor workers, distribute ORS at transit hubs, maintain continuous water supplies in high-density settlements.",31.8,32.6,74.0,6.0,727.0,39.6,Critical Heat,#e53935,32.6 °C (ΔT: +0.8 °C),39.6 °C (Critical Heat),Activate municipal misting fans,"🔥 CRITICAL: Activate municipal misting fans, set up ORS hydration booths, advise elderly/children to remain indoors, halt non-essential outdoor work.",33.6,34.4,65.8,7.9,762.0,41.1,Critical Heat,#e53935,34.4 °C (ΔT: +0.8 °C),41.1 °C (Critical Heat),Activate municipal misting fans,"🔥 CRITICAL: Activate municipal misting fans, set up ORS hydration booths, advise elderly/children to remain indoors, halt non-essential outdoor work.",35.4,36.2,55.7,8.3,786.0,42.5,Critical Heat,#e53935,36.2 °C (ΔT: +0.8 °C),42.5 °C (Critical Heat),Activate municipal misting fans,"🔥 CRITICAL: Activate municipal misting fans, set up ORS hydration booths, advise elderly/children to remain indoors, halt non-essential outdoor work.",35.4,36.2,71.7,6.0,786.0,44.6,Extreme Danger,#8b0000,36.2 °C (ΔT: +0.8 °C),44.6 °C (Extreme Danger),Open 24/7 cooling centers,"🚨 EMERGENCY: Open 24/7 cooling centers, halt outdoor labor (11am-4pm), dispatch emergency water tankers to slum clusters, activate hospital heat-stroke protocols.",35.4,36.2,71.7,6.0,786.0,44.6,Extreme Danger,#8b0000,36.2 °C (ΔT: +0.8 °C),44.6 °C (Extreme Danger),Open 24/7 cooling centers,"🚨 EMERGENCY: Open 24/7 cooling centers, halt outdoor labor (11am-4pm), dispatch emergency water tankers to slum clusters, activate hospital heat-stroke protocols."
057S,Ward 057S (South East Delhi),South Delhi MCD,South East Delhi,28.5786,77.2534,2.04,1.26,0.157,0.72,20.4,18145,28.1,29.4,81.2,5.3,716.0,35.9,Moderate Risk,#fb8c00,29.4 °C (ΔT: +1.3 °C),35.9 °C (Moderate Risk),Enforce hydration breaks for outdoor workers,"⚠️ ADVISORY: Enforce hydration breaks for outdoor workers, distribute ORS at transit hubs, maintain continuous water supplies in high-density settlements.",29.5,30.8,81.6,2.7,675.0,38.2,Critical Heat,#e53935,30.8 °C (ΔT: +1.3 °C),38.2 °C (Critical Heat),Activate municipal misting fans,"🔥 CRITICAL: Activate municipal misting fans, set up ORS hydration booths, advise elderly/children to remain indoors, halt non-essential outdoor work.",31.8,33.1,74.0,6.0,727.0,40.3,Critical Heat,#e53935,33.1 °C (ΔT: +1.3 °C),40.3 °C (Critical Heat),Activate municipal misting fans,"🔥 CRITICAL: Activate municipal misting fans, set up ORS hydration booths, advise elderly/children to remain indoors, halt non-essential outdoor work.",33.6,34.9,65.8,7.9,762.0,41.8,Critical Heat,#e53935,34.9 °C (ΔT: +1.3 °C),41.8 °C (Critical Heat),Activate municipal misting fans,"🔥 CRITICAL: Activate municipal misting fans, set up ORS hydration booths, advise elderly/children to remain indoors, halt non-essential outdoor work.",35.4,36.7,55.7,8.3,786.0,43.2,Extreme Danger,#8b0000,36.7 °C (ΔT: +1.3 °C),43.2 °C (Extreme Danger),Open 24/7 cooling centers,"🚨 EMERGENCY: Open 24/7 cooling centers, halt outdoor labor (11am-4pm), dispatch emergency water tankers to slum clusters, activate hospital heat-stroke protocols.",35.4,36.7,71.7,6.0,786.0,45.3,Extreme Danger,#8b0000,36.7 °C (ΔT: +1.3 °C),45.3 °C (Extreme Danger),Open 24/7 cooling centers,"🚨 EMERGENCY: Open 24/7 cooling centers, halt outdoor labor (11am-4pm), dispatch emergency water tankers to slum clusters, activate hospital heat-stroke protocols.",35.4,36.7,71.7,6.0,786.0,45.3,Extreme Danger,#8b0000,36.7 °C (ΔT: +1.3 °C),45.3 °C (Extreme Danger),Open 24/7 cooling centers,"🚨 EMERGENCY: Open 24/7 cooling centers, halt outdoor labor (11am-4pm), dispatch emergency water tankers to slum clusters, activate hospital heat-stroke protocols."
056S,Ward 056S (East Delhi),South Delhi MCD,East Delhi,28.6161,77.2623,9.91,1.63,0.107,0.81,19.4,29768,28.2,29.8,80.3,5.3,727.0,36.4,Moderate Risk,#fb8c00,29.8 °C (ΔT: +1.6 °C),36.4 °C (Moderate Risk),Enforce hydration breaks for outdoor workers,"⚠️ ADVISORY: Enforce hydration breaks for outdoor workers, distribute ORS at transit hubs, maintain continuous water supplies in high-density settlements.",29.7,31.3,80.5,2.4,662.0,38.8,Critical Heat,#e53935,31.3 °C (ΔT: +1.6 °C),38.8 °C (Critical Heat),Activate municipal misting fans,"🔥 CRITICAL: Activate municipal misting fans, set up ORS hydration booths, advise elderly/children to remain indoors, halt non-essential outdoor work.",32.0,33.6,71.8,5.9,730.0,40.8,Critical Heat,#e53935,33.6 °C (ΔT: +1.6 °C),40.8 °C (Critical Heat),Activate municipal misting fans,"🔥 CRITICAL: Activate municipal misting fans, set up ORS hydration booths, advise elderly/children to remain indoors, halt non-essential outdoor work.",33.9,35.5,62.9,7.9,763.0,42.3,Critical Heat,#e53935,35.5 °C (ΔT: +1.6 °C),42.3 °C (Critical Heat),Activate municipal misting fans,"🔥 CRITICAL: Activate municipal misting fans, set up ORS hydration booths, advise elderly/children to remain indoors, halt non-essential outdoor work.",35.7,37.3,53.0,8.5,782.0,43.7,Extreme Danger,#8b0000,37.3 °C (ΔT: +1.6 °C),43.7 °C (Extreme Danger),Open 24/7 cooling centers,"🚨 EMERGENCY: Open 24/7 cooling centers, halt outdoor labor (11am-4pm), dispatch emergency water tankers to slum clusters, activate hospital heat-stroke protocols.",35.7,37.3,69.7,6.0,782.0,45.9,Extreme Danger,#8b0000,37.3 °C (ΔT: +1.6 °C),45.9 °C (Extreme Danger),Open 24/7 cooling centers,"🚨 EMERGENCY: Open 24/7 cooling centers, halt outdoor labor (11am-4pm), dispatch emergency water tankers to slum clusters, activate hospital heat-stroke protocols.",35.7,37.3,69.7,6.0,782.0,45.9,Extreme Danger,#8b0000,37.3 °C (ΔT: +1.6 °C),45.9 °C (Extreme Danger),Open 24/7 cooling centers,"🚨 EMERGENCY: Open 24/7 cooling centers, halt outdoor labor (11am-4pm), dispatch emergency water tankers to slum clusters, activate hospital heat-stroke protocols."
022S,Ward 022S (West Delhi),South Delhi MCD,West Delhi,28.6374,77.0402,2.87,1.23,0.137,0.76,16.3,17471,29.7,30.9,73.5,5.9,768.0,37.4,Moderate Risk,#fb8c00,30.9 °C (ΔT: +1.2 °C),37.4 °C (Moderate Risk),Enforce hydration breaks for outdoor workers,"⚠️ ADVISORY: Enforce hydration breaks for outdoor workers, distribute ORS at transit hubs, maintain continuous water supplies in high-density settlements.",30.1,31.3,74.9,2.9,658.0,38.2,Critical Heat,#e53935,31.3 °C (ΔT: +1.2 °C),38.2 °C (Critical Heat),Activate municipal misting fans,"🔥 CRITICAL: Activate municipal misting fans, set up ORS hydration booths, advise elderly/children to remain indoors, halt non-essential outdoor work.",32.6,33.8,69.4,7.2,732.0,40.7,Critical Heat,#e53935,33.8 °C (ΔT: +1.2 °C),40.7 °C (Critical Heat),Activate municipal misting fans,"🔥 CRITICAL: Activate municipal misting fans, set up ORS hydration booths, advise elderly/children to remain indoors, halt non-essential outdoor work.",34.1,35.3,63.2,9.1,734.0,41.9,Critical Heat,#e53935,35.3 °C (ΔT: +1.2 °C),41.9 °C (Critical Heat),Activate municipal misting fans,"🔥 CRITICAL: Activate municipal misting fans, set up ORS hydration booths, advise elderly/children to remain indoors, halt non-essential outdoor work.",35.2,36.4,55.8,9.2,786.0,42.7,Critical Heat,#e53935,36.4 °C (ΔT: +1.2 °C),42.7 °C (Critical Heat),Activate municipal misting fans,"🔥 CRITICAL: Activate municipal misting fans, set up ORS hydration booths, advise elderly/children to remain indoors, halt non-essential outdoor work.",35.2,36.4,67.3,6.8,786.0,44.3,Extreme Danger,#8b0000,36.4 °C (ΔT: +1.2 °C),44.3 °C (Extreme Danger),Open 24/7 cooling centers,"🚨 EMERGENCY: Open 24/7 cooling centers, halt outdoor labor (11am-4pm), dispatch emergency water tankers to slum clusters, activate hospital heat-stroke protocols.",35.2,36.4,67.3,6.8,786.0,44.3,Extreme Danger,#8b0000,36.4 °C (ΔT: +1.2 °C),44.3 °C (Extreme Danger),Open 24/7 cooling centers,"🚨 EMERGENCY: Open 24/7 cooling centers, halt outdoor labor (11am-4pm), dispatch emergency water tankers to slum clusters, activate hospital heat-stroke protocols."
002N,Ward 002N (North Delhi),North Delhi MCD,North Delhi,28.8253,77.1743,55.78,0.69,0.216,0.73,13.0,14677,28.5,29.2,78.3,5.6,758.0,35.5,Moderate Risk,#fb8c00,29.2 °C (ΔT: +0.7 °C),35.5 °C (Moderate Risk),Enforce hydration breaks for outdoor workers,"⚠️ ADVISORY: Enforce hydration breaks for outdoor workers, distribute ORS at transit hubs, maintain continuous water supplies in high-density settlements.",29.5,30.2,79.5,2.3,636.0,37.2,Moderate Risk,#fb8c00,30.2 °C (ΔT: +0.7 °C),37.2 °C (Moderate Risk),Enforce hydration breaks for outdoor workers,"⚠️ ADVISORY: Enforce hydration breaks for outdoor workers, distribute ORS at transit hubs, maintain continuous water supplies in high-density settlements.",31.9,32.6,72.1,6.4,730.0,39.4,Critical Heat,#e53935,32.6 °C (ΔT: +0.7 °C),39.4 °C (Critical Heat),Activate municipal misting fans,"🔥 CRITICAL: Activate municipal misting fans, set up ORS hydration booths, advise elderly/children to remain indoors, halt non-essential outdoor work.",33.5,34.2,64.8,8.6,749.0,40.6,Critical Heat,#e53935,34.2 °C (ΔT: +0.7 °C),40.6 °C (Critical Heat),Activate municipal misting fans,"🔥 CRITICAL: Activate municipal misting fans, set up ORS hydration booths, advise elderly/children to remain indoors, halt non-essential outdoor work.",34.9,35.6,56.9,8.7,781.0,41.8,Critical Heat,#e53935,35.6 °C (ΔT: +0.7 °C),41.8 °C (Critical Heat),Activate municipal misting fans,"🔥 CRITICAL: Activate municipal misting fans, set up ORS hydration booths, advise elderly/children to remain indoors, halt non-essential outdoor work.",34.9,35.6,70.3,6.3,781.0,43.5,Extreme Danger,#8b0000,35.6 °C (ΔT: +0.7 °C),43.5 °C (Extreme Danger),Open 24/7 cooling centers,"🚨 EMERGENCY: Open 24/7 cooling centers, halt outdoor labor (11am-4pm), dispatch emergency water tankers to slum clusters, activate hospital heat-stroke protocols.",34.9,35.6,70.3,6.3,781.0,43.5,Extreme Danger,#8b0000,35.6 °C (ΔT: +0.7 °C),43.5 °C (Extreme Danger),Open 24/7 cooling centers,"🚨 EMERGENCY: Open 24/7 cooling centers, halt outdoor labor (11am-4pm), dispatch emergency water tankers to slum clusters, activate hospital heat-stroke protocols."
001N,Ward 001N (North Delhi),North Delhi MCD,North Delhi,28.859,77.0882,8.29,1.05,0.156,0.73,15.6,12967,28.5,29.6,78.3,5.6,758.0,36.0,Moderate Risk,#fb8c00,29.6 °C (ΔT: +1.1 °C),36.0 °C (Moderate Risk),Enforce hydration breaks for outdoor workers,"⚠️ ADVISORY: Enforce hydration breaks for outdoor workers, distribute ORS at transit hubs, maintain continuous water supplies in high-density settlements.",29.5,30.6,79.5,2.3,636.0,37.7,Moderate Risk,#fb8c00,30.6 °C (ΔT: +1.1 °C),37.7 °C (Moderate Risk),Enforce hydration breaks for outdoor workers,"⚠️ ADVISORY: Enforce hydration breaks for outdoor workers, distribute ORS at transit hubs, maintain continuous water supplies in high-density settlements.",31.9,32.9,72.1,6.4,730.0,39.8,Critical Heat,#e53935,32.9 °C (ΔT: +1.1 °C),39.8 °C (Critical Heat),Activate municipal misting fans,"🔥 CRITICAL: Activate municipal misting fans, set up ORS hydration booths, advise elderly/children to remain indoors, halt non-essential outdoor work.",33.5,34.5,64.8,8.6,749.0,41.0,Critical Heat,#e53935,34.5 °C (ΔT: +1.1 °C),41.0 °C (Critical Heat),Activate municipal misting fans,"🔥 CRITICAL: Activate municipal misting fans, set up ORS hydration booths, advise elderly/children to remain indoors, halt non-essential outdoor work.",34.9,35.9,56.9,8.7,781.0,42.2,Critical Heat,#e53935,35.9 °C (ΔT: +1.1 °C),42.2 °C (Critical Heat),Activate municipal misting fans,"🔥 CRITICAL: Activate municipal misting fans, set up ORS hydration booths, advise elderly/children to remain indoors, halt non-essential outdoor work.",34.9,35.9,70.3,6.3,781.0,43.9,Extreme Danger,#8b0000,35.9 °C (ΔT: +1.1 °C),43.9 °C (Extreme Danger),Open 24/7 cooling centers,"🚨 EMERGENCY: Open 24/7 cooling centers, halt outdoor labor (11am-4pm), dispatch emergency water tankers to slum clusters, activate hospital heat-stroke protocols.",34.9,35.9,70.3,6.3,781.0,43.9,Extreme Danger,#8b0000,35.9 °C (ΔT: +1.1 °C),43.9 °C (Extreme Danger),Open 24/7 cooling centers,"🚨 EMERGENCY: Open 24/7 cooling centers, halt outdoor labor (11am-4pm), dispatch emergency water tankers to slum clusters, activate hospital heat-stroke protocols."
003N,Ward 003N (North Delhi),North Delhi MCD,North Delhi,28.8153,77.1166,34.45,1.05,0.174,0.7,18.7,16384,28.5,29.6,78.3,5.6,758.0,36.0,Moderate Risk,#fb8c00,29.6 °C (ΔT: +1.1 °C),36.0 °C (Moderate Risk),Enforce hydration breaks for outdoor workers,"⚠️ ADVISORY: Enforce hydration breaks for outdoor workers, distribute ORS at transit hubs, maintain continuous water supplies in high-density settlements.",29.5,30.6,79.5,2.3,636.0,37.7,Moderate Risk,#fb8c00,30.6 °C (ΔT: +1.1 °C),37.7 °C (Moderate Risk),Enforce hydration breaks for outdoor workers,"⚠️ ADVISORY: Enforce hydration breaks for outdoor workers, distribute ORS at transit hubs, maintain continuous water supplies in high-density settlements.",31.9,32.9,72.1,6.4,730.0,39.8,Critical Heat,#e53935,32.9 °C (ΔT: +1.1 °C),39.8 °C (Critical Heat),Activate municipal misting fans,"🔥 CRITICAL: Activate municipal misting fans, set up ORS hydration booths, advise elderly/children to remain indoors, halt non-essential outdoor work.",33.5,34.5,64.8,8.6,749.0,41.0,Critical Heat,#e53935,34.5 °C (ΔT: +1.1 °C),41.0 °C (Critical Heat),Activate municipal misting fans,"🔥 CRITICAL: Activate municipal misting fans, set up ORS hydration booths, advise elderly/children to remain indoors, halt non-essential outdoor work.",34.9,35.9,56.9,8.7,781.0,42.2,Critical Heat,#e53935,35.9 °C (ΔT: +1.1 °C),42.2 °C (Critical Heat),Activate municipal misting fans,"🔥 CRITICAL: Activate municipal misting fans, set up ORS hydration booths, advise elderly/children to remain indoors, halt non-essential outdoor work.",34.9,35.9,70.3,6.3,781.0,43.9,Extreme Danger,#8b0000,35.9 °C (ΔT: +1.1 °C),43.9 °C (Extreme Danger),Open 24/7 cooling centers,"🚨 EMERGENCY: Open 24/7 cooling centers, halt outdoor labor (11am-4pm), dispatch emergency water tankers to slum clusters, activate hospital heat-stroke protocols.",34.9,35.9,70.3,6.3,781.0,43.9,Extreme Danger,#8b0000,35.9 °C (ΔT: +1.1 °C),43.9 °C (Extreme Danger),Open 24/7 cooling centers,"🚨 EMERGENCY: Open 24/7 cooling centers, halt outdoor labor (11am-4pm), dispatch emergency water tankers to slum clusters, activate hospital heat-stroke protocols."
005N,Ward 005N (North Delhi),North Delhi MCD,North Delhi,28.8436,77.0618,16.84,1.01,0.186,0.74,16.7,16476,28.5,29.5,78.3,5.6,758.0,35.9,Moderate Risk,#fb8c00,29.5 °C (ΔT: +1.0 °C),35.9 °C (Moderate Risk),Enforce hydration breaks for outdoor workers,"⚠️ ADVISORY: Enforce hydration breaks for outdoor workers, distribute ORS at transit hubs, maintain continuous water supplies in high-density settlements.",29.5,30.5,79.5,2.3,636.0,37.6,Moderate Risk,#fb8c00,30.5 °C (ΔT: +1.0 °C),37.6 °C (Moderate Risk),Enforce hydration breaks for outdoor workers,"⚠️ ADVISORY: Enforce hydration breaks for outdoor workers, distribute ORS at transit hubs, maintain continuous water supplies in high-density settlements.",31.9,32.9,72.1,6.4,730.0,39.8,Critical Heat,#e53935,32.9 °C (ΔT: +1.0 °C),39.8 °C (Critical Heat),Activate municipal misting fans,"🔥 CRITICAL: Activate municipal misting fans, set up ORS hydration booths, advise elderly/children to remain indoors, halt non-essential outdoor work.",33.5,34.5,64.8,8.6,749.0,41.0,Critical Heat,#e53935,34.5 °C (ΔT: +1.0 °C),41.0 °C (Critical Heat),Activate municipal misting fans,"🔥 CRITICAL: Activate municipal misting fans, set up ORS hydration booths, advise elderly/children to remain indoors, halt non-essential outdoor work.",34.9,35.9,56.9,8.7,781.0,42.2,Critical Heat,#e53935,35.9 °C (ΔT: +1.0 °C),42.2 °C (Critical Heat),Activate municipal misting fans,"🔥 CRITICAL: Activate municipal misting fans, set up ORS hydration booths, advise elderly/children to remain indoors, halt non-essential outdoor work.",34.9,35.9,70.3,6.3,781.0,43.9,Extreme Danger,#8b0000,35.9 °C (ΔT: +1.0 °C),43.9 °C (Extreme Danger),Open 24/7 cooling centers,"🚨 EMERGENCY: Open 24/7 cooling centers, halt outdoor labor (11am-4pm), dispatch emergency water tankers to slum clusters, activate hospital heat-stroke protocols.",34.9,35.9,70.3,6.3,781.0,43.9,Extreme Danger,#8b0000,35.9 °C (ΔT: +1.0 °C),43.9 °C (Extreme Danger),Open 24/7 cooling centers,"🚨 EMERGENCY: Open 24/7 cooling centers, halt outdoor labor (11am-4pm), dispatch emergency water tankers to slum clusters, activate hospital heat-stroke protocols."
004N,Ward 004N (North Delhi),North Delhi MCD,North Delhi,28.7942,77.0868,27.31,0.82,0.212,0.69,17.5,16357,28.5,29.3,78.3,5.6,758.0,35.6,Moderate Risk,#fb8c00,29.3 °C (ΔT: +0.8 °C),35.6 °C (Moderate Risk),Enforce hydration breaks for outdoor workers,"⚠️ ADVISORY: Enforce hydration breaks for outdoor workers, distribute ORS at transit hubs, maintain continuous water supplies in high-density settlements.",29.5,30.3,79.5,2.3,636.0,37.3,Moderate Risk,#fb8c00,30.3 °C (ΔT: +0.8 °C),37.3 °C (Moderate Risk),Enforce hydration breaks for outdoor workers,"⚠️ ADVISORY: Enforce hydration breaks for outdoor workers, distribute ORS at transit hubs, maintain continuous water supplies in high-density settlements.",31.9,32.7,72.1,6.4,730.0,39.5,Critical Heat,#e53935,32.7 °C (ΔT: +0.8 °C),39.5 °C (Critical Heat),Activate municipal misting fans,"🔥 CRITICAL: Activate municipal misting fans, set up ORS hydration booths, advise elderly/children to remain indoors, halt non-essential outdoor work.",33.5,34.3,64.8,8.6,749.0,40.8,Critical Heat,#e53935,34.3 °C (ΔT: +0.8 °C),40.8 °C (Critical Heat),Activate municipal misting fans,"🔥 CRITICAL: Activate municipal misting fans, set up ORS hydration booths, advise elderly/children to remain indoors, halt non-essential outdoor work.",34.9,35.7,56.9,8.7,781.0,41.9,Critical Heat,#e53935,35.7 °C (ΔT: +0.8 °C),41.9 °C (Critical Heat),Activate municipal misting fans,"🔥 CRITICAL: Activate municipal misting fans, set up ORS hydration booths, advise elderly/children to remain indoors, halt non-essential outdoor work.",34.9,35.7,70.3,6.3,781.0,43.7,Extreme Danger,#8b0000,35.7 °C (ΔT: +0.8 °C),43.7 °C (Extreme Danger),Open 24/7 cooling centers,"🚨 EMERGENCY: Open 24/7 cooling centers, halt outdoor labor (11am-4pm), dispatch emergency water tankers to slum clusters, activate hospital heat-stroke protocols.",34.9,35.7,70.3,6.3,781.0,43.7,Extreme Danger,#8b0000,35.7 °C (ΔT: +0.8 °C),43.7 °C (Extreme Danger),Open 24/7 cooling centers,"🚨 EMERGENCY: Open 24/7 cooling centers, halt outdoor labor (11am-4pm), dispatch emergency water tankers to slum clusters, activate hospital heat-stroke protocols."
030N,Ward 030N (North West Delhi),North Delhi MCD,North West Delhi,28.803,77.0446,17.78,0.96,0.195,0.66,20.4,8709,29.3,30.3,77.3,6.0,770.0,36.9,Moderate Risk,#fb8c00,30.3 °C (ΔT: +1.0 °C),36.9 °C (Moderate Risk),Enforce hydration breaks for outdoor workers,"⚠️ ADVISORY: Enforce hydration breaks for outdoor workers, distribute ORS at transit hubs, maintain continuous water supplies in high-density settlements.",29.4,30.4,80.0,2.8,632.0,37.4,Moderate Risk,#fb8c00,30.4 °C (ΔT: +1.0 °C),37.4 °C (Moderate Risk),Enforce hydration breaks for outdoor workers,"⚠️ ADVISORY: Enforce hydration breaks for outdoor workers, distribute ORS at transit hubs, maintain continuous water supplies in high-density settlements.",31.8,32.8,75.1,6.5,731.0,39.9,Critical Heat,#e53935,32.8 °C (ΔT: +1.0 °C),39.9 °C (Critical Heat),Activate municipal misting fans,"🔥 CRITICAL: Activate municipal misting fans, set up ORS hydration booths, advise elderly/children to remain indoors, halt non-essential outdoor work.",33.1,34.1,69.8,8.0,736.0,41.0,Critical Heat,#e53935,34.1 °C (ΔT: +1.0 °C),41.0 °C (Critical Heat),Activate municipal misting fans,"🔥 CRITICAL: Activate municipal misting fans, set up ORS hydration booths, advise elderly/children to remain indoors, halt non-essential outdoor work.",34.1,35.1,63.0,8.0,782.0,41.9,Critical Heat,#e53935,35.1 °C (ΔT: +1.0 °C),41.9 °C (Critical Heat),Activate municipal misting fans,"🔥 CRITICAL: Activate municipal misting fans, set up ORS hydration booths, advise elderly/children to remain indoors, halt non-essential outdoor work.",34.1,35.1,73.1,6.2,782.0,43.1,Extreme Danger,#8b0000,35.1 °C (ΔT: +1.0 °C),43.1 °C (Extreme Danger),Open 24/7 cooling centers,"🚨 EMERGENCY: Open 24/7 cooling centers, halt outdoor labor (11am-4pm), dispatch emergency water tankers to slum clusters, activate hospital heat-stroke protocols.",34.1,35.1,73.1,6.2,782.0,43.1,Extreme Danger,#8b0000,35.1 °C (ΔT: +1.0 °C),43.1 °C (Extreme Danger),Open 24/7 cooling centers,"🚨 EMERGENCY: Open 24/7 cooling centers, halt outdoor labor (11am-4pm), dispatch emergency water tankers to slum clusters, activate hospital heat-stroke protocols."
029N,Ward 029N (North West Delhi),North Delhi MCD,North West Delhi,28.7953,76.99,61.88,0.69,0.233,0.64,19.1,6943,29.3,30.0,77.3,6.0,770.0,36.5,Moderate Risk,#fb8c00,30.0 °C (ΔT: +0.7 °C),36.5 °C (Moderate Risk),Enforce hydration breaks for outdoor workers,"⚠️ ADVISORY: Enforce hydration breaks for outdoor workers, distribute ORS at transit hubs, maintain continuous water supplies in high-density settlements.",29.4,30.1,80.0,2.8,632.0,36.9,Moderate Risk,#fb8c00,30.1 °C (ΔT: +0.7 °C),36.9 °C (Moderate Risk),Enforce hydration breaks for outdoor workers,"⚠️ ADVISORY: Enforce hydration breaks for outdoor workers, distribute ORS at transit hubs, maintain continuous water supplies in high-density settlements.",31.8,32.5,75.1,6.5,731.0,39.5,Critical Heat,#e53935,32.5 °C (ΔT: +0.7 °C),39.5 °C (Critical Heat),Activate municipal misting fans,"🔥 CRITICAL: Activate municipal misting fans, set up ORS hydration booths, advise elderly/children to remain indoors, halt non-essential outdoor work.",33.1,33.8,69.8,8.0,736.0,40.6,Critical Heat,#e53935,33.8 °C (ΔT: +0.7 °C),40.6 °C (Critical Heat),Activate municipal misting fans,"🔥 CRITICAL: Activate municipal misting fans, set up ORS hydration booths, advise elderly/children to remain indoors, halt non-essential outdoor work.",34.1,34.8,63.0,8.0,782.0,41.4,Critical Heat,#e53935,34.8 °C (ΔT: +0.7 °C),41.4 °C (Critical Heat),Activate municipal misting fans,"🔥 CRITICAL: Activate municipal misting fans, set up ORS hydration booths, advise elderly/children to remain indoors, halt non-essential outdoor work.",34.1,34.8,73.1,6.2,782.0,42.7,Critical Heat,#e53935,34.8 °C (ΔT: +0.7 °C),42.7 °C (Critical Heat),Activate municipal misting fans,"🔥 CRITICAL: Activate municipal misting fans, set up ORS hydration booths, advise elderly/children to remain indoors, halt non-essential outdoor work.",34.1,34.8,73.1,6.2,782.0,42.7,Critical Heat,#e53935,34.8 °C (ΔT: +0.7 °C),42.7 °C (Critical Heat),Activate municipal misting fans,"🔥 CRITICAL: Activate municipal misting fans, set up ORS hydration booths, advise elderly/children to remain indoors, halt non-essential outdoor work."
035N,Ward 035N (North West Delhi),North Delhi MCD,North West Delhi,28.7308,76.9856,42.36,1.01,0.186,0.67,20.3,7618,29.3,30.3,77.3,6.0,770.0,36.9,Moderate Risk,#fb8c00,30.3 °C (ΔT: +1.0 °C),36.9 °C (Moderate Risk),Enforce hydration breaks for outdoor workers,"⚠️ ADVISORY: Enforce hydration breaks for outdoor workers, distribute ORS at transit hubs, maintain continuous water supplies in high-density settlements.",29.4,30.4,80.0,2.8,632.0,37.4,Moderate Risk,#fb8c00,30.4 °C (ΔT: +1.0 °C),37.4 °C (Moderate Risk),Enforce hydration breaks for outdoor workers,"⚠️ ADVISORY: Enforce hydration breaks for outdoor workers, distribute ORS at transit hubs, maintain continuous water supplies in high-density settlements.",31.8,32.8,75.1,6.5,731.0,39.9,Critical Heat,#e53935,32.8 °C (ΔT: +1.0 °C),39.9 °C (Critical Heat),Activate municipal misting fans,"🔥 CRITICAL: Activate municipal misting fans, set up ORS hydration booths, advise elderly/children to remain indoors, halt non-essential outdoor work.",33.1,34.1,69.8,8.0,736.0,41.0,Critical Heat,#e53935,34.1 °C (ΔT: +1.0 °C),41.0 °C (Critical Heat),Activate municipal misting fans,"🔥 CRITICAL: Activate municipal misting fans, set up ORS hydration booths, advise elderly/children to remain indoors, halt non-essential outdoor work.",34.1,35.1,63.0,8.0,782.0,41.9,Critical Heat,#e53935,35.1 °C (ΔT: +1.0 °C),41.9 °C (Critical Heat),Activate municipal misting fans,"🔥 CRITICAL: Activate municipal misting fans, set up ORS hydration booths, advise elderly/children to remain indoors, halt non-essential outdoor work.",34.1,35.1,73.1,6.2,782.0,43.1,Extreme Danger,#8b0000,35.1 °C (ΔT: +1.0 °C),43.1 °C (Extreme Danger),Open 24/7 cooling centers,"🚨 EMERGENCY: Open 24/7 cooling centers, halt outdoor labor (11am-4pm), dispatch emergency water tankers to slum clusters, activate hospital heat-stroke protocols.",34.1,35.1,73.1,6.2,782.0,43.1,Extreme Danger,#8b0000,35.1 °C (ΔT: +1.0 °C),43.1 °C (Extreme Danger),Open 24/7 cooling centers,"🚨 EMERGENCY: Open 24/7 cooling centers, halt outdoor labor (11am-4pm), dispatch emergency water tankers to slum clusters, activate hospital heat-stroke protocols."
036N,Ward 036N (North West Delhi),North Delhi MCD,North West Delhi,28.7101,77.0218,22.59,0.7,0.236,0.66,18.4,10511,29.3,30.0,77.3,6.0,770.0,36.5,Moderate Risk,#fb8c00,30.0 °C (ΔT: +0.7 °C),36.5 °C (Moderate Risk),Enforce hydration breaks for outdoor workers,"⚠️ ADVISORY: Enforce hydration breaks for outdoor workers, distribute ORS at transit hubs, maintain continuous water supplies in high-density settlements.",29.4,30.1,80.0,2.8,632.0,36.9,Moderate Risk,#fb8c00,30.1 °C (ΔT: +0.7 °C),36.9 °C (Moderate Risk),Enforce hydration breaks for outdoor workers,"⚠️ ADVISORY: Enforce hydration breaks for outdoor workers, distribute ORS at transit hubs, maintain continuous water supplies in high-density settlements.",31.8,32.5,75.1,6.5,731.0,39.5,Critical Heat,#e53935,32.5 °C (ΔT: +0.7 °C),39.5 °C (Critical Heat),Activate municipal misting fans,"🔥 CRITICAL: Activate municipal misting fans, set up ORS hydration booths, advise elderly/children to remain indoors, halt non-essential outdoor work.",33.1,33.8,69.8,8.0,736.0,40.6,Critical Heat,#e53935,33.8 °C (ΔT: +0.7 °C),40.6 °C (Critical Heat),Activate municipal misting fans,"🔥 CRITICAL: Activate municipal misting fans, set up ORS hydration booths, advise elderly/children to remain indoors, halt non-essential outdoor work.",34.1,34.8,63.0,8.0,782.0,41.4,Critical Heat,#e53935,34.8 °C (ΔT: +0.7 °C),41.4 °C (Critical Heat),Activate municipal misting fans,"🔥 CRITICAL: Activate municipal misting fans, set up ORS hydration booths, advise elderly/children to remain indoors, halt non-essential outdoor work.",34.1,34.8,73.1,6.2,782.0,42.7,Critical Heat,#e53935,34.8 °C (ΔT: +0.7 °C),42.7 °C (Critical Heat),Activate municipal misting fans,"🔥 CRITICAL: Activate municipal misting fans, set up ORS hydration booths, advise elderly/children to remain indoors, halt non-essential outdoor work.",34.1,34.8,73.1,6.2,782.0,42.7,Critical Heat,#e53935,34.8 °C (ΔT: +0.7 °C),42.7 °C (Critical Heat),Activate municipal misting fans,"🔥 CRITICAL: Activate municipal misting fans, set up ORS hydration booths, advise elderly/children to remain indoors, halt non-essential outdoor work."
039N,Ward 039N (West Delhi),North Delhi MCD,West Delhi,28.6745,76.9933,24.68,1.04,0.158,0.72,16.1,17492,29.7,30.7,73.5,5.9,768.0,37.1,Moderate Risk,#fb8c00,30.7 °C (ΔT: +1.0 °C),37.1 °C (Moderate Risk),Enforce hydration breaks for outdoor workers,"⚠️ ADVISORY: Enforce hydration breaks for outdoor workers, distribute ORS at transit hubs, maintain continuous water supplies in high-density settlements.",30.1,31.1,74.9,2.9,658.0,38.0,Critical Heat,#e53935,31.1 °C (ΔT: +1.0 °C),38.0 °C (Critical Heat),Activate municipal misting fans,"🔥 CRITICAL: Activate municipal misting fans, set up ORS hydration booths, advise elderly/children to remain indoors, halt non-essential outdoor work.",32.6,33.6,69.4,7.2,732.0,40.4,Critical Heat,#e53935,33.6 °C (ΔT: +1.0 °C),40.4 °C (Critical Heat),Activate municipal misting fans,"🔥 CRITICAL: Activate municipal misting fans, set up ORS hydration booths, advise elderly/children to remain indoors, halt non-essential outdoor work.",34.1,35.1,63.2,9.1,734.0,41.6,Critical Heat,#e53935,35.1 °C (ΔT: +1.0 °C),41.6 °C (Critical Heat),Activate municipal misting fans,"🔥 CRITICAL: Activate municipal misting fans, set up ORS hydration booths, advise elderly/children to remain indoors, halt non-essential outdoor work.",35.2,36.2,55.8,9.2,786.0,42.4,Critical Heat,#e53935,36.2 °C (ΔT: +1.0 °C),42.4 °C (Critical Heat),Activate municipal misting fans,"🔥 CRITICAL: Activate municipal misting fans, set up ORS hydration booths, advise elderly/children to remain indoors, halt non-essential outdoor work.",35.2,36.2,67.3,6.8,786.0,44.0,Extreme Danger,#8b0000,36.2 °C (ΔT: +1.0 °C),44.0 °C (Extreme Danger),Open 24/7 cooling centers,"🚨 EMERGENCY: Open 24/7 cooling centers, halt outdoor labor (11am-4pm), dispatch emergency water tankers to slum clusters, activate hospital heat-stroke protocols.",35.2,36.2,67.3,6.8,786.0,44.0,Extreme Danger,#8b0000,36.2 °C (ΔT: +1.0 °C),44.0 °C (Extreme Danger),Open 24/7 cooling centers,"🚨 EMERGENCY: Open 24/7 cooling centers, halt outdoor labor (11am-4pm), dispatch emergency water tankers to slum clusters, activate hospital heat-stroke protocols."
007N,Ward 007N (North Delhi),North Delhi MCD,North Delhi,28.769,77.2053,15.42,0.79,0.204,0.68,16.7,12666,28.5,29.3,78.3,5.6,758.0,35.6,Moderate Risk,#fb8c00,29.3 °C (ΔT: +0.8 °C),35.6 °C (Moderate Risk),Enforce hydration breaks for outdoor workers,"⚠️ ADVISORY: Enforce hydration breaks for outdoor workers, distribute ORS at transit hubs, maintain continuous water supplies in high-density settlements.",29.5,30.3,79.5,2.3,636.0,37.3,Moderate Risk,#fb8c00,30.3 °C (ΔT: +0.8 °C),37.3 °C (Moderate Risk),Enforce hydration breaks for outdoor workers,"⚠️ ADVISORY: Enforce hydration breaks for outdoor workers, distribute ORS at transit hubs, maintain continuous water supplies in high-density settlements.",31.9,32.7,72.1,6.4,730.0,39.5,Critical Heat,#e53935,32.7 °C (ΔT: +0.8 °C),39.5 °C (Critical Heat),Activate municipal misting fans,"🔥 CRITICAL: Activate municipal misting fans, set up ORS hydration booths, advise elderly/children to remain indoors, halt non-essential outdoor work.",33.5,34.3,64.8,8.6,749.0,40.8,Critical Heat,#e53935,34.3 °C (ΔT: +0.8 °C),40.8 °C (Critical Heat),Activate municipal misting fans,"🔥 CRITICAL: Activate municipal misting fans, set up ORS hydration booths, advise elderly/children to remain indoors, halt non-essential outdoor work.",34.9,35.7,56.9,8.7,781.0,41.9,Critical Heat,#e53935,35.7 °C (ΔT: +0.8 °C),41.9 °C (Critical Heat),Activate municipal misting fans,"🔥 CRITICAL: Activate municipal misting fans, set up ORS hydration booths, advise elderly/children to remain indoors, halt non-essential outdoor work.",34.9,35.7,70.3,6.3,781.0,43.7,Extreme Danger,#8b0000,35.7 °C (ΔT: +0.8 °C),43.7 °C (Extreme Danger),Open 24/7 cooling centers,"🚨 EMERGENCY: Open 24/7 cooling centers, halt outdoor labor (11am-4pm), dispatch emergency water tankers to slum clusters, activate hospital heat-stroke protocols.",34.9,35.7,70.3,6.3,781.0,43.7,Extreme Danger,#8b0000,35.7 °C (ΔT: +0.8 °C),43.7 °C (Extreme Danger),Open 24/7 cooling centers,"🚨 EMERGENCY: Open 24/7 cooling centers, halt outdoor labor (11am-4pm), dispatch emergency water tankers to slum clusters, activate hospital heat-stroke protocols."
006N,Ward 006N (North Delhi),North Delhi MCD,North Delhi,28.7766,77.1617,12.72,0.82,0.176,0.68,15.3,13806,28.5,29.3,78.3,5.6,758.0,35.6,Moderate Risk,#fb8c00,29.3 °C (ΔT: +0.8 °C),35.6 °C (Moderate Risk),Enforce hydration breaks for outdoor workers,"⚠️ ADVISORY: Enforce hydration breaks for outdoor workers, distribute ORS at transit hubs, maintain continuous water supplies in high-density settlements.",29.5,30.3,79.5,2.3,636.0,37.3,Moderate Risk,#fb8c00,30.3 °C (ΔT: +0.8 °C),37.3 °C (Moderate Risk),Enforce hydration breaks for outdoor workers,"⚠️ ADVISORY: Enforce hydration breaks for outdoor workers, distribute ORS at transit hubs, maintain continuous water supplies in high-density settlements.",31.9,32.7,72.1,6.4,730.0,39.5,Critical Heat,#e53935,32.7 °C (ΔT: +0.8 °C),39.5 °C (Critical Heat),Activate municipal misting fans,"🔥 CRITICAL: Activate municipal misting fans, set up ORS hydration booths, advise elderly/children to remain indoors, halt non-essential outdoor work.",33.5,34.3,64.8,8.6,749.0,40.8,Critical Heat,#e53935,34.3 °C (ΔT: +0.8 °C),40.8 °C (Critical Heat),Activate municipal misting fans,"🔥 CRITICAL: Activate municipal misting fans, set up ORS hydration booths, advise elderly/children to remain indoors, halt non-essential outdoor work.",34.9,35.7,56.9,8.7,781.0,41.9,Critical Heat,#e53935,35.7 °C (ΔT: +0.8 °C),41.9 °C (Critical Heat),Activate municipal misting fans,"🔥 CRITICAL: Activate municipal misting fans, set up ORS hydration booths, advise elderly/children to remain indoors, halt non-essential outdoor work.",34.9,35.7,70.3,6.3,781.0,43.7,Extreme Danger,#8b0000,35.7 °C (ΔT: +0.8 °C),43.7 °C (Extreme Danger),Open 24/7 cooling centers,"🚨 EMERGENCY: Open 24/7 cooling centers, halt outdoor labor (11am-4pm), dispatch emergency water tankers to slum clusters, activate hospital heat-stroke protocols.",34.9,35.7,70.3,6.3,781.0,43.7,Extreme Danger,#8b0000,35.7 °C (ΔT: +0.8 °C),43.7 °C (Extreme Danger),Open 24/7 cooling centers,"🚨 EMERGENCY: Open 24/7 cooling centers, halt outdoor labor (11am-4pm), dispatch emergency water tankers to slum clusters, activate hospital heat-stroke protocols."
009N,Ward 009N (North Delhi),North Delhi MCD,North Delhi,28.7508,77.2004,1.98,0.77,0.208,0.72,14.6,12325,28.5,29.3,78.3,5.6,758.0,35.6,Moderate Risk,#fb8c00,29.3 °C (ΔT: +0.8 °C),35.6 °C (Moderate Risk),Enforce hydration breaks for outdoor workers,"⚠️ ADVISORY: Enforce hydration breaks for outdoor workers, distribute ORS at transit hubs, maintain continuous water supplies in high-density settlements.",29.5,30.3,79.5,2.3,636.0,37.3,Moderate Risk,#fb8c00,30.3 °C (ΔT: +0.8 °C),37.3 °C (Moderate Risk),Enforce hydration breaks for outdoor workers,"⚠️ ADVISORY: Enforce hydration breaks for outdoor workers, distribute ORS at transit hubs, maintain continuous water supplies in high-density settlements.",31.9,32.7,72.1,6.4,730.0,39.5,Critical Heat,#e53935,32.7 °C (ΔT: +0.8 °C),39.5 °C (Critical Heat),Activate municipal misting fans,"🔥 CRITICAL: Activate municipal misting fans, set up ORS hydration booths, advise elderly/children to remain indoors, halt non-essential outdoor work.",33.5,34.3,64.8,8.6,749.0,40.8,Critical Heat,#e53935,34.3 °C (ΔT: +0.8 °C),40.8 °C (Critical Heat),Activate municipal misting fans,"🔥 CRITICAL: Activate municipal misting fans, set up ORS hydration booths, advise elderly/children to remain indoors, halt non-essential outdoor work.",34.9,35.7,56.9,8.7,781.0,41.9,Critical Heat,#e53935,35.7 °C (ΔT: +0.8 °C),41.9 °C (Critical Heat),Activate municipal misting fans,"🔥 CRITICAL: Activate municipal misting fans, set up ORS hydration booths, advise elderly/children to remain indoors, halt non-essential outdoor work.",34.9,35.7,70.3,6.3,781.0,43.7,Extreme Danger,#8b0000,35.7 °C (ΔT: +0.8 °C),43.7 °C (Extreme Danger),Open 24/7 cooling centers,"🚨 EMERGENCY: Open 24/7 cooling centers, halt outdoor labor (11am-4pm), dispatch emergency water tankers to slum clusters, activate hospital heat-stroke protocols.",34.9,35.7,70.3,6.3,781.0,43.7,Extreme Danger,#8b0000,35.7 °C (ΔT: +0.8 °C),43.7 °C (Extreme Danger),Open 24/7 cooling centers,"🚨 EMERGENCY: Open 24/7 cooling centers, halt outdoor labor (11am-4pm), dispatch emergency water tankers to slum clusters, activate hospital heat-stroke protocols."
008N,Ward 008N (North Delhi),North Delhi MCD,North Delhi,28.7384,77.2179,7.07,0.92,0.151,0.71,13.8,16960,28.5,29.4,78.3,5.6,758.0,35.8,Moderate Risk,#fb8c00,29.4 °C (ΔT: +0.9 °C),35.8 °C (Moderate Risk),Enforce hydration breaks for outdoor workers,"⚠️ ADVISORY: Enforce hydration breaks for outdoor workers, distribute ORS at transit hubs, maintain continuous water supplies in high-density settlements.",29.5,30.4,79.5,2.3,636.0,37.4,Moderate Risk,#fb8c00,30.4 °C (ΔT: +0.9 °C),37.4 °C (Moderate Risk),Enforce hydration breaks for outdoor workers,"⚠️ ADVISORY: Enforce hydration breaks for outdoor workers, distribute ORS at transit hubs, maintain continuous water supplies in high-density settlements.",31.9,32.8,72.1,6.4,730.0,39.7,Critical Heat,#e53935,32.8 °C (ΔT: +0.9 °C),39.7 °C (Critical Heat),Activate municipal misting fans,"🔥 CRITICAL: Activate municipal misting fans, set up ORS hydration booths, advise elderly/children to remain indoors, halt non-essential outdoor work.",33.5,34.4,64.8,8.6,749.0,40.9,Critical Heat,#e53935,34.4 °C (ΔT: +0.9 °C),40.9 °C (Critical Heat),Activate municipal misting fans,"🔥 CRITICAL: Activate municipal misting fans, set up ORS hydration booths, advise elderly/children to remain indoors, halt non-essential outdoor work.",34.9,35.8,56.9,8.7,781.0,42.1,Critical Heat,#e53935,35.8 °C (ΔT: +0.9 °C),42.1 °C (Critical Heat),Activate municipal misting fans,"🔥 CRITICAL: Activate municipal misting fans, set up ORS hydration booths, advise elderly/children to remain indoors, halt non-essential outdoor work.",34.9,35.8,70.3,6.3,781.0,43.8,Extreme Danger,#8b0000,35.8 °C (ΔT: +0.9 °C),43.8 °C (Extreme Danger),Open 24/7 cooling centers,"🚨 EMERGENCY: Open 24/7 cooling centers, halt outdoor labor (11am-4pm), dispatch emergency water tankers to slum clusters, activate hospital heat-stroke protocols.",34.9,35.8,70.3,6.3,781.0,43.8,Extreme Danger,#8b0000,35.8 °C (ΔT: +0.9 °C),43.8 °C (Extreme Danger),Open 24/7 cooling centers,"🚨 EMERGENCY: Open 24/7 cooling centers, halt outdoor labor (11am-4pm), dispatch emergency water tankers to slum clusters, activate hospital heat-stroke protocols."
010N,Ward 010N (North Delhi),North Delhi MCD,North Delhi,28.7476,77.1851,4.79,1.14,0.186,0.74,19.2,13642,28.5,29.6,78.3,5.6,758.0,36.0,Moderate Risk,#fb8c00,29.6 °C (ΔT: +1.1 °C),36.0 °C (Moderate Risk),Enforce hydration breaks for outdoor workers,"⚠️ ADVISORY: Enforce hydration breaks for outdoor workers, distribute ORS at transit hubs, maintain continuous water supplies in high-density settlements.",29.5,30.6,79.5,2.3,636.0,37.7,Moderate Risk,#fb8c00,30.6 °C (ΔT: +1.1 °C),37.7 °C (Moderate Risk),Enforce hydration breaks for outdoor workers,"⚠️ ADVISORY: Enforce hydration breaks for outdoor workers, distribute ORS at transit hubs, maintain continuous water supplies in high-density settlements.",31.9,33.0,72.1,6.4,730.0,39.9,Critical Heat,#e53935,33.0 °C (ΔT: +1.1 °C),39.9 °C (Critical Heat),Activate municipal misting fans,"🔥 CRITICAL: Activate municipal misting fans, set up ORS hydration booths, advise elderly/children to remain indoors, halt non-essential outdoor work.",33.5,34.6,64.8,8.6,749.0,41.2,Critical Heat,#e53935,34.6 °C (ΔT: +1.1 °C),41.2 °C (Critical Heat),Activate municipal misting fans,"🔥 CRITICAL: Activate municipal misting fans, set up ORS hydration booths, advise elderly/children to remain indoors, halt non-essential outdoor work.",34.9,36.0,56.9,8.7,781.0,42.3,Critical Heat,#e53935,36.0 °C (ΔT: +1.1 °C),42.3 °C (Critical Heat),Activate municipal misting fans,"🔥 CRITICAL: Activate municipal misting fans, set up ORS hydration booths, advise elderly/children to remain indoors, halt non-essential outdoor work.",34.9,36.0,70.3,6.3,781.0,44.1,Extreme Danger,#8b0000,36.0 °C (ΔT: +1.1 °C),44.1 °C (Extreme Danger),Open 24/7 cooling centers,"🚨 EMERGENCY: Open 24/7 cooling centers, halt outdoor labor (11am-4pm), dispatch emergency water tankers to slum clusters, activate hospital heat-stroke protocols.",34.9,36.0,70.3,6.3,781.0,44.1,Extreme Danger,#8b0000,36.0 °C (ΔT: +1.1 °C),44.1 °C (Extreme Danger),Open 24/7 cooling centers,"🚨 EMERGENCY: Open 24/7 cooling centers, halt outdoor labor (11am-4pm), dispatch emergency water tankers to slum clusters, activate hospital heat-stroke protocols."
020N,Ward 020N (North Delhi),North Delhi MCD,North Delhi,28.7483,77.1624,3.53,1.05,0.209,0.76,18.2,12272,28.5,29.6,78.3,5.6,758.0,36.0,Moderate Risk,#fb8c00,29.6 °C (ΔT: +1.1 °C),36.0 °C (Moderate Risk),Enforce hydration breaks for outdoor workers,"⚠️ ADVISORY: Enforce hydration breaks for outdoor workers, distribute ORS at transit hubs, maintain continuous water supplies in high-density settlements.",29.5,30.6,79.5,2.3,636.0,37.7,Moderate Risk,#fb8c00,30.6 °C (ΔT: +1.1 °C),37.7 °C (Moderate Risk),Enforce hydration breaks for outdoor workers,"⚠️ ADVISORY: Enforce hydration breaks for outdoor workers, distribute ORS at transit hubs, maintain continuous water supplies in high-density settlements.",31.9,32.9,72.1,6.4,730.0,39.8,Critical Heat,#e53935,32.9 °C (ΔT: +1.1 °C),39.8 °C (Critical Heat),Activate municipal misting fans,"🔥 CRITICAL: Activate municipal misting fans, set up ORS hydration booths, advise elderly/children to remain indoors, halt non-essential outdoor work.",33.5,34.5,64.8,8.6,749.0,41.0,Critical Heat,#e53935,34.5 °C (ΔT: +1.1 °C),41.0 °C (Critical Heat),Activate municipal misting fans,"🔥 CRITICAL: Activate municipal misting fans, set up ORS hydration booths, advise elderly/children to remain indoors, halt non-essential outdoor work.",34.9,35.9,56.9,8.7,781.0,42.2,Critical Heat,#e53935,35.9 °C (ΔT: +1.1 °C),42.2 °C (Critical Heat),Activate municipal misting fans,"🔥 CRITICAL: Activate municipal misting fans, set up ORS hydration booths, advise elderly/children to remain indoors, halt non-essential outdoor work.",34.9,35.9,70.3,6.3,781.0,43.9,Extreme Danger,#8b0000,35.9 °C (ΔT: +1.1 °C),43.9 °C (Extreme Danger),Open 24/7 cooling centers,"🚨 EMERGENCY: Open 24/7 cooling centers, halt outdoor labor (11am-4pm), dispatch emergency water tankers to slum clusters, activate hospital heat-stroke protocols.",34.9,35.9,70.3,6.3,781.0,43.9,Extreme Danger,#8b0000,35.9 °C (ΔT: +1.1 °C),43.9 °C (Extreme Danger),Open 24/7 cooling centers,"🚨 EMERGENCY: Open 24/7 cooling centers, halt outdoor labor (11am-4pm), dispatch emergency water tankers to slum clusters, activate hospital heat-stroke protocols."
019N,Ward 019N (North Delhi),North Delhi MCD,North Delhi,28.7613,77.1459,4.76,0.98,0.196,0.74,16.8,13162,28.5,29.5,78.3,5.6,758.0,35.9,Moderate Risk,#fb8c00,29.5 °C (ΔT: +1.0 °C),35.9 °C (Moderate Risk),Enforce hydration breaks for outdoor workers,"⚠️ ADVISORY: Enforce hydration breaks for outdoor workers, distribute ORS at transit hubs, maintain continuous water supplies in high-density settlements.",29.5,30.5,79.5,2.3,636.0,37.6,Moderate Risk,#fb8c00,30.5 °C (ΔT: +1.0 °C),37.6 °C (Moderate Risk),Enforce hydration breaks for outdoor workers,"⚠️ ADVISORY: Enforce hydration breaks for outdoor workers, distribute ORS at transit hubs, maintain continuous water supplies in high-density settlements.",31.9,32.9,72.1,6.4,730.0,39.8,Critical Heat,#e53935,32.9 °C (ΔT: +1.0 °C),39.8 °C (Critical Heat),Activate municipal misting fans,"🔥 CRITICAL: Activate municipal misting fans, set up ORS hydration booths, advise elderly/children to remain indoors, halt non-essential outdoor work.",33.5,34.5,64.8,8.6,749.0,41.0,Critical Heat,#e53935,34.5 °C (ΔT: +1.0 °C),41.0 °C (Critical Heat),Activate municipal misting fans,"🔥 CRITICAL: Activate municipal misting fans, set up ORS hydration booths, advise elderly/children to remain indoors, halt non-essential outdoor work.",34.9,35.9,56.9,8.7,781.0,42.2,Critical Heat,#e53935,35.9 °C (ΔT: +1.0 °C),42.2 °C (Critical Heat),Activate municipal misting fans,"🔥 CRITICAL: Activate municipal misting fans, set up ORS hydration booths, advise elderly/children to remain indoors, halt non-essential outdoor work.",34.9,35.9,70.3,6.3,781.0,43.9,Extreme Danger,#8b0000,35.9 °C (ΔT: +1.0 °C),43.9 °C (Extreme Danger),Open 24/7 cooling centers,"🚨 EMERGENCY: Open 24/7 cooling centers, halt outdoor labor (11am-4pm), dispatch emergency water tankers to slum clusters, activate hospital heat-stroke protocols.",34.9,35.9,70.3,6.3,781.0,43.9,Extreme Danger,#8b0000,35.9 °C (ΔT: +1.0 °C),43.9 °C (Extreme Danger),Open 24/7 cooling centers,"🚨 EMERGENCY: Open 24/7 cooling centers, halt outdoor labor (11am-4pm), dispatch emergency water tankers to slum clusters, activate hospital heat-stroke protocols."
023N,Ward 023N (North Delhi),North Delhi MCD,North Delhi,28.7449,77.1453,3.78,0.98,0.184,0.67,19.6,12116,28.5,29.5,78.3,5.6,758.0,35.9,Moderate Risk,#fb8c00,29.5 °C (ΔT: +1.0 °C),35.9 °C (Moderate Risk),Enforce hydration breaks for outdoor workers,"⚠️ ADVISORY: Enforce hydration breaks for outdoor workers, distribute ORS at transit hubs, maintain continuous water supplies in high-density settlements.",29.5,30.5,79.5,2.3,636.0,37.6,Moderate Risk,#fb8c00,30.5 °C (ΔT: +1.0 °C),37.6 °C (Moderate Risk),Enforce hydration breaks for outdoor workers,"⚠️ ADVISORY: Enforce hydration breaks for outdoor workers, distribute ORS at transit hubs, maintain continuous water supplies in high-density settlements.",31.9,32.9,72.1,6.4,730.0,39.8,Critical Heat,#e53935,32.9 °C (ΔT: +1.0 °C),39.8 °C (Critical Heat),Activate municipal misting fans,"🔥 CRITICAL: Activate municipal misting fans, set up ORS hydration booths, advise elderly/children to remain indoors, halt non-essential outdoor work.",33.5,34.5,64.8,8.6,749.0,41.0,Critical Heat,#e53935,34.5 °C (ΔT: +1.0 °C),41.0 °C (Critical Heat),Activate municipal misting fans,"🔥 CRITICAL: Activate municipal misting fans, set up ORS hydration booths, advise elderly/children to remain indoors, halt non-essential outdoor work.",34.9,35.9,56.9,8.7,781.0,42.2,Critical Heat,#e53935,35.9 °C (ΔT: +1.0 °C),42.2 °C (Critical Heat),Activate municipal misting fans,"🔥 CRITICAL: Activate municipal misting fans, set up ORS hydration booths, advise elderly/children to remain indoors, halt non-essential outdoor work.",34.9,35.9,70.3,6.3,781.0,43.9,Extreme Danger,#8b0000,35.9 °C (ΔT: +1.0 °C),43.9 °C (Extreme Danger),Open 24/7 cooling centers,"🚨 EMERGENCY: Open 24/7 cooling centers, halt outdoor labor (11am-4pm), dispatch emergency water tankers to slum clusters, activate hospital heat-stroke protocols.",34.9,35.9,70.3,6.3,781.0,43.9,Extreme Danger,#8b0000,35.9 °C (ΔT: +1.0 °C),43.9 °C (Extreme Danger),Open 24/7 cooling centers,"🚨 EMERGENCY: Open 24/7 cooling centers, halt outdoor labor (11am-4pm), dispatch emergency water tankers to slum clusters, activate hospital heat-stroke protocols."
057N,Ward 057N (North West Delhi),North Delhi MCD,North West Delhi,28.742,77.1335,3.74,0.62,0.241,0.67,16.6,7900,29.3,29.9,77.3,6.0,770.0,36.3,Moderate Risk,#fb8c00,29.9 °C (ΔT: +0.6 °C),36.3 °C (Moderate Risk),Enforce hydration breaks for outdoor workers,"⚠️ ADVISORY: Enforce hydration breaks for outdoor workers, distribute ORS at transit hubs, maintain continuous water supplies in high-density settlements.",29.4,30.0,80.0,2.8,632.0,36.8,Moderate Risk,#fb8c00,30.0 °C (ΔT: +0.6 °C),36.8 °C (Moderate Risk),Enforce hydration breaks for outdoor workers,"⚠️ ADVISORY: Enforce hydration breaks for outdoor workers, distribute ORS at transit hubs, maintain continuous water supplies in high-density settlements.",31.8,32.4,75.1,6.5,731.0,39.4,Critical Heat,#e53935,32.4 °C (ΔT: +0.6 °C),39.4 °C (Critical Heat),Activate municipal misting fans,"🔥 CRITICAL: Activate municipal misting fans, set up ORS hydration booths, advise elderly/children to remain indoors, halt non-essential outdoor work.",33.1,33.7,69.8,8.0,736.0,40.5,Critical Heat,#e53935,33.7 °C (ΔT: +0.6 °C),40.5 °C (Critical Heat),Activate municipal misting fans,"🔥 CRITICAL: Activate municipal misting fans, set up ORS hydration booths, advise elderly/children to remain indoors, halt non-essential outdoor work.",34.1,34.7,63.0,8.0,782.0,41.3,Critical Heat,#e53935,34.7 °C (ΔT: +0.6 °C),41.3 °C (Critical Heat),Activate municipal misting fans,"🔥 CRITICAL: Activate municipal misting fans, set up ORS hydration booths, advise elderly/children to remain indoors, halt non-essential outdoor work.",34.1,34.7,73.1,6.2,782.0,42.6,Critical Heat,#e53935,34.7 °C (ΔT: +0.6 °C),42.6 °C (Critical Heat),Activate municipal misting fans,"🔥 CRITICAL: Activate municipal misting fans, set up ORS hydration booths, advise elderly/children to remain indoors, halt non-essential outdoor work.",34.1,34.7,73.1,6.2,782.0,42.6,Critical Heat,#e53935,34.7 °C (ΔT: +0.6 °C),42.6 °C (Critical Heat),Activate municipal misting fans,"🔥 CRITICAL: Activate municipal misting fans, set up ORS hydration booths, advise elderly/children to remain indoors, halt non-essential outdoor work."
031N,Ward 031N (North West Delhi),North Delhi MCD,North West Delhi,28.7601,77.0627,30.65,0.61,0.228,0.65,16.5,6898,29.3,29.9,77.3,6.0,770.0,36.3,Moderate Risk,#fb8c00,29.9 °C (ΔT: +0.6 °C),36.3 °C (Moderate Risk),Enforce hydration breaks for outdoor workers,"⚠️ ADVISORY: Enforce hydration breaks for outdoor workers, distribute ORS at transit hubs, maintain continuous water supplies in high-density settlements.",29.4,30.0,80.0,2.8,632.0,36.8,Moderate Risk,#fb8c00,30.0 °C (ΔT: +0.6 °C),36.8 °C (Moderate Risk),Enforce hydration breaks for outdoor workers,"⚠️ ADVISORY: Enforce hydration breaks for outdoor workers, distribute ORS at transit hubs, maintain continuous water supplies in high-density settlements.",31.8,32.4,75.1,6.5,731.0,39.4,Critical Heat,#e53935,32.4 °C (ΔT: +0.6 °C),39.4 °C (Critical Heat),Activate municipal misting fans,"🔥 CRITICAL: Activate municipal misting fans, set up ORS hydration booths, advise elderly/children to remain indoors, halt non-essential outdoor work.",33.1,33.7,69.8,8.0,736.0,40.5,Critical Heat,#e53935,33.7 °C (ΔT: +0.6 °C),40.5 °C (Critical Heat),Activate municipal misting fans,"🔥 CRITICAL: Activate municipal misting fans, set up ORS hydration booths, advise elderly/children to remain indoors, halt non-essential outdoor work.",34.1,34.7,63.0,8.0,782.0,41.3,Critical Heat,#e53935,34.7 °C (ΔT: +0.6 °C),41.3 °C (Critical Heat),Activate municipal misting fans,"🔥 CRITICAL: Activate municipal misting fans, set up ORS hydration booths, advise elderly/children to remain indoors, halt non-essential outdoor work.",34.1,34.7,73.1,6.2,782.0,42.6,Critical Heat,#e53935,34.7 °C (ΔT: +0.6 °C),42.6 °C (Critical Heat),Activate municipal misting fans,"🔥 CRITICAL: Activate municipal misting fans, set up ORS hydration booths, advise elderly/children to remain indoors, halt non-essential outdoor work.",34.1,34.7,73.1,6.2,782.0,42.6,Critical Heat,#e53935,34.7 °C (ΔT: +0.6 °C),42.6 °C (Critical Heat),Activate municipal misting fans,"🔥 CRITICAL: Activate municipal misting fans, set up ORS hydration booths, advise elderly/children to remain indoors, halt non-essential outdoor work."
103N,Ward 103N (Central Delhi),North Delhi MCD,Central Delhi,28.6274,77.172,6.61,1.18,0.166,0.8,15.5,28976,28.5,29.7,77.5,5.2,754.0,36.2,Moderate Risk,#fb8c00,29.7 °C (ΔT: +1.2 °C),36.2 °C (Moderate Risk),Enforce hydration breaks for outdoor workers,"⚠️ ADVISORY: Enforce hydration breaks for outdoor workers, distribute ORS at transit hubs, maintain continuous water supplies in high-density settlements.",29.6,30.8,78.7,2.4,665.0,38.0,Critical Heat,#e53935,30.8 °C (ΔT: +1.2 °C),38.0 °C (Critical Heat),Activate municipal misting fans,"🔥 CRITICAL: Activate municipal misting fans, set up ORS hydration booths, advise elderly/children to remain indoors, halt non-essential outdoor work.",32.0,33.2,72.2,5.7,730.0,40.3,Critical Heat,#e53935,33.2 °C (ΔT: +1.2 °C),40.3 °C (Critical Heat),Activate municipal misting fans,"🔥 CRITICAL: Activate municipal misting fans, set up ORS hydration booths, advise elderly/children to remain indoors, halt non-essential outdoor work.",33.6,34.8,65.3,7.6,748.0,41.6,Critical Heat,#e53935,34.8 °C (ΔT: +1.2 °C),41.6 °C (Critical Heat),Activate municipal misting fans,"🔥 CRITICAL: Activate municipal misting fans, set up ORS hydration booths, advise elderly/children to remain indoors, halt non-essential outdoor work.",35.1,36.3,57.0,7.7,783.0,42.9,Critical Heat,#e53935,36.3 °C (ΔT: +1.2 °C),42.9 °C (Critical Heat),Activate municipal misting fans,"🔥 CRITICAL: Activate municipal misting fans, set up ORS hydration booths, advise elderly/children to remain indoors, halt non-essential outdoor work.",35.1,36.3,70.1,5.7,783.0,44.6,Extreme Danger,#8b0000,36.3 °C (ΔT: +1.2 °C),44.6 °C (Extreme Danger),Open 24/7 cooling centers,"🚨 EMERGENCY: Open 24/7 cooling centers, halt outdoor labor (11am-4pm), dispatch emergency water tankers to slum clusters, activate hospital heat-stroke protocols.",35.1,36.3,70.1,5.7,783.0,44.6,Extreme Danger,#8b0000,36.3 °C (ΔT: +1.2 °C),44.6 °C (Extreme Danger),Open 24/7 cooling centers,"🚨 EMERGENCY: Open 24/7 cooling centers, halt outdoor labor (11am-4pm), dispatch emergency water tankers to slum clusters, activate hospital heat-stroke protocols."
101N,Ward 101N (Central Delhi),North Delhi MCD,Central Delhi,28.647,77.136,2.35,1.24,0.162,0.74,19.5,24751,28.5,29.7,77.5,5.2,754.0,36.2,Moderate Risk,#fb8c00,29.7 °C (ΔT: +1.2 °C),36.2 °C (Moderate Risk),Enforce hydration breaks for outdoor workers,"⚠️ ADVISORY: Enforce hydration breaks for outdoor workers, distribute ORS at transit hubs, maintain continuous water supplies in high-density settlements.",29.6,30.8,78.7,2.4,665.0,38.0,Critical Heat,#e53935,30.8 °C (ΔT: +1.2 °C),38.0 °C (Critical Heat),Activate municipal misting fans,"🔥 CRITICAL: Activate municipal misting fans, set up ORS hydration booths, advise elderly/children to remain indoors, halt non-essential outdoor work.",32.0,33.2,72.2,5.7,730.0,40.3,Critical Heat,#e53935,33.2 °C (ΔT: +1.2 °C),40.3 °C (Critical Heat),Activate municipal misting fans,"🔥 CRITICAL: Activate municipal misting fans, set up ORS hydration booths, advise elderly/children to remain indoors, halt non-essential outdoor work.",33.6,34.8,65.3,7.6,748.0,41.6,Critical Heat,#e53935,34.8 °C (ΔT: +1.2 °C),41.6 °C (Critical Heat),Activate municipal misting fans,"🔥 CRITICAL: Activate municipal misting fans, set up ORS hydration booths, advise elderly/children to remain indoors, halt non-essential outdoor work.",35.1,36.3,57.0,7.7,783.0,42.9,Critical Heat,#e53935,36.3 °C (ΔT: +1.2 °C),42.9 °C (Critical Heat),Activate municipal misting fans,"🔥 CRITICAL: Activate municipal misting fans, set up ORS hydration booths, advise elderly/children to remain indoors, halt non-essential outdoor work.",35.1,36.3,70.1,5.7,783.0,44.6,Extreme Danger,#8b0000,36.3 °C (ΔT: +1.2 °C),44.6 °C (Extreme Danger),Open 24/7 cooling centers,"🚨 EMERGENCY: Open 24/7 cooling centers, halt outdoor labor (11am-4pm), dispatch emergency water tankers to slum clusters, activate hospital heat-stroke protocols.",35.1,36.3,70.1,5.7,783.0,44.6,Extreme Danger,#8b0000,36.3 °C (ΔT: +1.2 °C),44.6 °C (Extreme Danger),Open 24/7 cooling centers,"🚨 EMERGENCY: Open 24/7 cooling centers, halt outdoor labor (11am-4pm), dispatch emergency water tankers to slum clusters, activate hospital heat-stroke protocols."
100N,Ward 100N (Central Delhi),North Delhi MCD,Central Delhi,28.6584,77.1435,2.45,1.22,0.115,0.75,15.0,28918,28.5,29.7,77.5,5.2,754.0,36.2,Moderate Risk,#fb8c00,29.7 °C (ΔT: +1.2 °C),36.2 °C (Moderate Risk),Enforce hydration breaks for outdoor workers,"⚠️ ADVISORY: Enforce hydration breaks for outdoor workers, distribute ORS at transit hubs, maintain continuous water supplies in high-density settlements.",29.6,30.8,78.7,2.4,665.0,38.0,Critical Heat,#e53935,30.8 °C (ΔT: +1.2 °C),38.0 °C (Critical Heat),Activate municipal misting fans,"🔥 CRITICAL: Activate municipal misting fans, set up ORS hydration booths, advise elderly/children to remain indoors, halt non-essential outdoor work.",32.0,33.2,72.2,5.7,730.0,40.3,Critical Heat,#e53935,33.2 °C (ΔT: +1.2 °C),40.3 °C (Critical Heat),Activate municipal misting fans,"🔥 CRITICAL: Activate municipal misting fans, set up ORS hydration booths, advise elderly/children to remain indoors, halt non-essential outdoor work.",33.6,34.8,65.3,7.6,748.0,41.6,Critical Heat,#e53935,34.8 °C (ΔT: +1.2 °C),41.6 °C (Critical Heat),Activate municipal misting fans,"🔥 CRITICAL: Activate municipal misting fans, set up ORS hydration booths, advise elderly/children to remain indoors, halt non-essential outdoor work.",35.1,36.3,57.0,7.7,783.0,42.9,Critical Heat,#e53935,36.3 °C (ΔT: +1.2 °C),42.9 °C (Critical Heat),Activate municipal misting fans,"🔥 CRITICAL: Activate municipal misting fans, set up ORS hydration booths, advise elderly/children to remain indoors, halt non-essential outdoor work.",35.1,36.3,70.1,5.7,783.0,44.6,Extreme Danger,#8b0000,36.3 °C (ΔT: +1.2 °C),44.6 °C (Extreme Danger),Open 24/7 cooling centers,"🚨 EMERGENCY: Open 24/7 cooling centers, halt outdoor labor (11am-4pm), dispatch emergency water tankers to slum clusters, activate hospital heat-stroke protocols.",35.1,36.3,70.1,5.7,783.0,44.6,Extreme Danger,#8b0000,36.3 °C (ΔT: +1.2 °C),44.6 °C (Extreme Danger),Open 24/7 cooling centers,"🚨 EMERGENCY: Open 24/7 cooling centers, halt outdoor labor (11am-4pm), dispatch emergency water tankers to slum clusters, activate hospital heat-stroke protocols."
099N,Ward 099N (Central Delhi),North Delhi MCD,Central Delhi,28.6686,77.154,3.75,1.18,0.152,0.74,17.5,27538,28.5,29.7,77.5,5.2,754.0,36.2,Moderate Risk,#fb8c00,29.7 °C (ΔT: +1.2 °C),36.2 °C (Moderate Risk),Enforce hydration breaks for outdoor workers,"⚠️ ADVISORY: Enforce hydration breaks for outdoor workers, distribute ORS at transit hubs, maintain continuous water supplies in high-density settlements.",29.6,30.8,78.7,2.4,665.0,38.0,Critical Heat,#e53935,30.8 °C (ΔT: +1.2 °C),38.0 °C (Critical Heat),Activate municipal misting fans,"🔥 CRITICAL: Activate municipal misting fans, set up ORS hydration booths, advise elderly/children to remain indoors, halt non-essential outdoor work.",32.0,33.2,72.2,5.7,730.0,40.3,Critical Heat,#e53935,33.2 °C (ΔT: +1.2 °C),40.3 °C (Critical Heat),Activate municipal misting fans,"🔥 CRITICAL: Activate municipal misting fans, set up ORS hydration booths, advise elderly/children to remain indoors, halt non-essential outdoor work.",33.6,34.8,65.3,7.6,748.0,41.6,Critical Heat,#e53935,34.8 °C (ΔT: +1.2 °C),41.6 °C (Critical Heat),Activate municipal misting fans,"🔥 CRITICAL: Activate municipal misting fans, set up ORS hydration booths, advise elderly/children to remain indoors, halt non-essential outdoor work.",35.1,36.3,57.0,7.7,783.0,42.9,Critical Heat,#e53935,36.3 °C (ΔT: +1.2 °C),42.9 °C (Critical Heat),Activate municipal misting fans,"🔥 CRITICAL: Activate municipal misting fans, set up ORS hydration booths, advise elderly/children to remain indoors, halt non-essential outdoor work.",35.1,36.3,70.1,5.7,783.0,44.6,Extreme Danger,#8b0000,36.3 °C (ΔT: +1.2 °C),44.6 °C (Extreme Danger),Open 24/7 cooling centers,"🚨 EMERGENCY: Open 24/7 cooling centers, halt outdoor labor (11am-4pm), dispatch emergency water tankers to slum clusters, activate hospital heat-stroke protocols.",35.1,36.3,70.1,5.7,783.0,44.6,Extreme Danger,#8b0000,36.3 °C (ΔT: +1.2 °C),44.6 °C (Extreme Danger),Open 24/7 cooling centers,"🚨 EMERGENCY: Open 24/7 cooling centers, halt outdoor labor (11am-4pm), dispatch emergency water tankers to slum clusters, activate hospital heat-stroke protocols."
070N,Ward 070N (Central Delhi),North Delhi MCD,Central Delhi,28.6818,77.1489,2.42,1.44,0.117,0.79,17.5,27795,28.5,29.9,77.5,5.2,754.0,36.4,Moderate Risk,#fb8c00,29.9 °C (ΔT: +1.4 °C),36.4 °C (Moderate Risk),Enforce hydration breaks for outdoor workers,"⚠️ ADVISORY: Enforce hydration breaks for outdoor workers, distribute ORS at transit hubs, maintain continuous water supplies in high-density settlements.",29.6,31.0,78.7,2.4,665.0,38.3,Critical Heat,#e53935,31.0 °C (ΔT: +1.4 °C),38.3 °C (Critical Heat),Activate municipal misting fans,"🔥 CRITICAL: Activate municipal misting fans, set up ORS hydration booths, advise elderly/children to remain indoors, halt non-essential outdoor work.",32.0,33.4,72.2,5.7,730.0,40.6,Critical Heat,#e53935,33.4 °C (ΔT: +1.4 °C),40.6 °C (Critical Heat),Activate municipal misting fans,"🔥 CRITICAL: Activate municipal misting fans, set up ORS hydration booths, advise elderly/children to remain indoors, halt non-essential outdoor work.",33.6,35.0,65.3,7.6,748.0,41.9,Critical Heat,#e53935,35.0 °C (ΔT: +1.4 °C),41.9 °C (Critical Heat),Activate municipal misting fans,"🔥 CRITICAL: Activate municipal misting fans, set up ORS hydration booths, advise elderly/children to remain indoors, halt non-essential outdoor work.",35.1,36.5,57.0,7.7,783.0,43.1,Extreme Danger,#8b0000,36.5 °C (ΔT: +1.4 °C),43.1 °C (Extreme Danger),Open 24/7 cooling centers,"🚨 EMERGENCY: Open 24/7 cooling centers, halt outdoor labor (11am-4pm), dispatch emergency water tankers to slum clusters, activate hospital heat-stroke protocols.",35.1,36.5,70.1,5.7,783.0,44.9,Extreme Danger,#8b0000,36.5 °C (ΔT: +1.4 °C),44.9 °C (Extreme Danger),Open 24/7 cooling centers,"🚨 EMERGENCY: Open 24/7 cooling centers, halt outdoor labor (11am-4pm), dispatch emergency water tankers to slum clusters, activate hospital heat-stroke protocols.",35.1,36.5,70.1,5.7,783.0,44.9,Extreme Danger,#8b0000,36.5 °C (ΔT: +1.4 °C),44.9 °C (Extreme Danger),Open 24/7 cooling centers,"🚨 EMERGENCY: Open 24/7 cooling centers, halt outdoor labor (11am-4pm), dispatch emergency water tankers to slum clusters, activate hospital heat-stroke protocols."
071N,Ward 071N (Central Delhi),North Delhi MCD,Central Delhi,28.6799,77.1634,1.05,1.43,0.168,0.79,21.0,27683,28.5,29.9,77.5,5.2,754.0,36.4,Moderate Risk,#fb8c00,29.9 °C (ΔT: +1.4 °C),36.4 °C (Moderate Risk),Enforce hydration breaks for outdoor workers,"⚠️ ADVISORY: Enforce hydration breaks for outdoor workers, distribute ORS at transit hubs, maintain continuous water supplies in high-density settlements.",29.6,31.0,78.7,2.4,665.0,38.3,Critical Heat,#e53935,31.0 °C (ΔT: +1.4 °C),38.3 °C (Critical Heat),Activate municipal misting fans,"🔥 CRITICAL: Activate municipal misting fans, set up ORS hydration booths, advise elderly/children to remain indoors, halt non-essential outdoor work.",32.0,33.4,72.2,5.7,730.0,40.6,Critical Heat,#e53935,33.4 °C (ΔT: +1.4 °C),40.6 °C (Critical Heat),Activate municipal misting fans,"🔥 CRITICAL: Activate municipal misting fans, set up ORS hydration booths, advise elderly/children to remain indoors, halt non-essential outdoor work.",33.6,35.0,65.3,7.6,748.0,41.9,Critical Heat,#e53935,35.0 °C (ΔT: +1.4 °C),41.9 °C (Critical Heat),Activate municipal misting fans,"🔥 CRITICAL: Activate municipal misting fans, set up ORS hydration booths, advise elderly/children to remain indoors, halt non-essential outdoor work.",35.1,36.5,57.0,7.7,783.0,43.1,Extreme Danger,#8b0000,36.5 °C (ΔT: +1.4 °C),43.1 °C (Extreme Danger),Open 24/7 cooling centers,"🚨 EMERGENCY: Open 24/7 cooling centers, halt outdoor labor (11am-4pm), dispatch emergency water tankers to slum clusters, activate hospital heat-stroke protocols.",35.1,36.5,70.1,5.7,783.0,44.9,Extreme Danger,#8b0000,36.5 °C (ΔT: +1.4 °C),44.9 °C (Extreme Danger),Open 24/7 cooling centers,"🚨 EMERGENCY: Open 24/7 cooling centers, halt outdoor labor (11am-4pm), dispatch emergency water tankers to slum clusters, activate hospital heat-stroke protocols.",35.1,36.5,70.1,5.7,783.0,44.9,Extreme Danger,#8b0000,36.5 °C (ΔT: +1.4 °C),44.9 °C (Extreme Danger),Open 24/7 cooling centers,"🚨 EMERGENCY: Open 24/7 cooling centers, halt outdoor labor (11am-4pm), dispatch emergency water tankers to slum clusters, activate hospital heat-stroke protocols."
069N,Ward 069N (Central Delhi),North Delhi MCD,Central Delhi,28.6917,77.15,0.88,1.15,0.173,0.77,17.0,29274,28.5,29.6,77.5,5.2,754.0,36.0,Moderate Risk,#fb8c00,29.6 °C (ΔT: +1.1 °C),36.0 °C (Moderate Risk),Enforce hydration breaks for outdoor workers,"⚠️ ADVISORY: Enforce hydration breaks for outdoor workers, distribute ORS at transit hubs, maintain continuous water supplies in high-density settlements.",29.6,30.8,78.7,2.4,665.0,38.0,Critical Heat,#e53935,30.8 °C (ΔT: +1.1 °C),38.0 °C (Critical Heat),Activate municipal misting fans,"🔥 CRITICAL: Activate municipal misting fans, set up ORS hydration booths, advise elderly/children to remain indoors, halt non-essential outdoor work.",32.0,33.1,72.2,5.7,730.0,40.2,Critical Heat,#e53935,33.1 °C (ΔT: +1.1 °C),40.2 °C (Critical Heat),Activate municipal misting fans,"🔥 CRITICAL: Activate municipal misting fans, set up ORS hydration booths, advise elderly/children to remain indoors, halt non-essential outdoor work.",33.6,34.8,65.3,7.6,748.0,41.6,Critical Heat,#e53935,34.8 °C (ΔT: +1.1 °C),41.6 °C (Critical Heat),Activate municipal misting fans,"🔥 CRITICAL: Activate municipal misting fans, set up ORS hydration booths, advise elderly/children to remain indoors, halt non-essential outdoor work.",35.1,36.2,57.0,7.7,783.0,42.7,Critical Heat,#e53935,36.2 °C (ΔT: +1.1 °C),42.7 °C (Critical Heat),Activate municipal misting fans,"🔥 CRITICAL: Activate municipal misting fans, set up ORS hydration booths, advise elderly/children to remain indoors, halt non-essential outdoor work.",35.1,36.2,70.1,5.7,783.0,44.4,Extreme Danger,#8b0000,36.2 °C (ΔT: +1.1 °C),44.4 °C (Extreme Danger),Open 24/7 cooling centers,"🚨 EMERGENCY: Open 24/7 cooling centers, halt outdoor labor (11am-4pm), dispatch emergency water tankers to slum clusters, activate hospital heat-stroke protocols.",35.1,36.2,70.1,5.7,783.0,44.4,Extreme Danger,#8b0000,36.2 °C (ΔT: +1.1 °C),44.4 °C (Extreme Danger),Open 24/7 cooling centers,"🚨 EMERGENCY: Open 24/7 cooling centers, halt outdoor labor (11am-4pm), dispatch emergency water tankers to slum clusters, activate hospital heat-stroke protocols."
068N,Ward 068N (North West Delhi),North Delhi MCD,North West Delhi,28.6953,77.1383,2.26,0.97,0.205,0.68,20.5,9336,29.3,30.3,77.3,6.0,770.0,36.9,Moderate Risk,#fb8c00,30.3 °C (ΔT: +1.0 °C),36.9 °C (Moderate Risk),Enforce hydration breaks for outdoor workers,"⚠️ ADVISORY: Enforce hydration breaks for outdoor workers, distribute ORS at transit hubs, maintain continuous water supplies in high-density settlements.",29.4,30.4,80.0,2.8,632.0,37.4,Moderate Risk,#fb8c00,30.4 °C (ΔT: +1.0 °C),37.4 °C (Moderate Risk),Enforce hydration breaks for outdoor workers,"⚠️ ADVISORY: Enforce hydration breaks for outdoor workers, distribute ORS at transit hubs, maintain continuous water supplies in high-density settlements.",31.8,32.8,75.1,6.5,731.0,39.9,Critical Heat,#e53935,32.8 °C (ΔT: +1.0 °C),39.9 °C (Critical Heat),Activate municipal misting fans,"🔥 CRITICAL: Activate municipal misting fans, set up ORS hydration booths, advise elderly/children to remain indoors, halt non-essential outdoor work.",33.1,34.1,69.8,8.0,736.0,41.0,Critical Heat,#e53935,34.1 °C (ΔT: +1.0 °C),41.0 °C (Critical Heat),Activate municipal misting fans,"🔥 CRITICAL: Activate municipal misting fans, set up ORS hydration booths, advise elderly/children to remain indoors, halt non-essential outdoor work.",34.1,35.1,63.0,8.0,782.0,41.9,Critical Heat,#e53935,35.1 °C (ΔT: +1.0 °C),41.9 °C (Critical Heat),Activate municipal misting fans,"🔥 CRITICAL: Activate municipal misting fans, set up ORS hydration booths, advise elderly/children to remain indoors, halt non-essential outdoor work.",34.1,35.1,73.1,6.2,782.0,43.1,Extreme Danger,#8b0000,35.1 °C (ΔT: +1.0 °C),43.1 °C (Extreme Danger),Open 24/7 cooling centers,"🚨 EMERGENCY: Open 24/7 cooling centers, halt outdoor labor (11am-4pm), dispatch emergency water tankers to slum clusters, activate hospital heat-stroke protocols.",34.1,35.1,73.1,6.2,782.0,43.1,Extreme Danger,#8b0000,35.1 °C (ΔT: +1.0 °C),43.1 °C (Extreme Danger),Open 24/7 cooling centers,"🚨 EMERGENCY: Open 24/7 cooling centers, halt outdoor labor (11am-4pm), dispatch emergency water tankers to slum clusters, activate hospital heat-stroke protocols."
033N,Ward 033N (North West Delhi),North Delhi MCD,North West Delhi,28.735,77.066,4.9,0.84,0.215,0.65,20.1,9219,29.3,30.1,77.3,6.0,770.0,36.6,Moderate Risk,#fb8c00,30.1 °C (ΔT: +0.8 °C),36.6 °C (Moderate Risk),Enforce hydration breaks for outdoor workers,"⚠️ ADVISORY: Enforce hydration breaks for outdoor workers, distribute ORS at transit hubs, maintain continuous water supplies in high-density settlements.",29.4,30.2,80.0,2.8,632.0,37.1,Moderate Risk,#fb8c00,30.2 °C (ΔT: +0.8 °C),37.1 °C (Moderate Risk),Enforce hydration breaks for outdoor workers,"⚠️ ADVISORY: Enforce hydration breaks for outdoor workers, distribute ORS at transit hubs, maintain continuous water supplies in high-density settlements.",31.8,32.6,75.1,6.5,731.0,39.6,Critical Heat,#e53935,32.6 °C (ΔT: +0.8 °C),39.6 °C (Critical Heat),Activate municipal misting fans,"🔥 CRITICAL: Activate municipal misting fans, set up ORS hydration booths, advise elderly/children to remain indoors, halt non-essential outdoor work.",33.1,33.9,69.8,8.0,736.0,40.7,Critical Heat,#e53935,33.9 °C (ΔT: +0.8 °C),40.7 °C (Critical Heat),Activate municipal misting fans,"🔥 CRITICAL: Activate municipal misting fans, set up ORS hydration booths, advise elderly/children to remain indoors, halt non-essential outdoor work.",34.1,34.9,63.0,8.0,782.0,41.6,Critical Heat,#e53935,34.9 °C (ΔT: +0.8 °C),41.6 °C (Critical Heat),Activate municipal misting fans,"🔥 CRITICAL: Activate municipal misting fans, set up ORS hydration booths, advise elderly/children to remain indoors, halt non-essential outdoor work.",34.1,34.9,73.1,6.2,782.0,42.8,Critical Heat,#e53935,34.9 °C (ΔT: +0.8 °C),42.8 °C (Critical Heat),Activate municipal misting fans,"🔥 CRITICAL: Activate municipal misting fans, set up ORS hydration booths, advise elderly/children to remain indoors, halt non-essential outdoor work.",34.1,34.9,73.1,6.2,782.0,42.8,Critical Heat,#e53935,34.9 °C (ΔT: +0.8 °C),42.8 °C (Critical Heat),Activate municipal misting fans,"🔥 CRITICAL: Activate municipal misting fans, set up ORS hydration booths, advise elderly/children to remain indoors, halt non-essential outdoor work."
040N,Ward 040N (North West Delhi),North Delhi MCD,North West Delhi,28.7101,77.046,4.39,0.84,0.19,0.68,16.7,7143,29.3,30.1,77.3,6.0,770.0,36.6,Moderate Risk,#fb8c00,30.1 °C (ΔT: +0.8 °C),36.6 °C (Moderate Risk),Enforce hydration breaks for outdoor workers,"⚠️ ADVISORY: Enforce hydration breaks for outdoor workers, distribute ORS at transit hubs, maintain continuous water supplies in high-density settlements.",29.4,30.2,80.0,2.8,632.0,37.1,Moderate Risk,#fb8c00,30.2 °C (ΔT: +0.8 °C),37.1 °C (Moderate Risk),Enforce hydration breaks for outdoor workers,"⚠️ ADVISORY: Enforce hydration breaks for outdoor workers, distribute ORS at transit hubs, maintain continuous water supplies in high-density settlements.",31.8,32.6,75.1,6.5,731.0,39.6,Critical Heat,#e53935,32.6 °C (ΔT: +0.8 °C),39.6 °C (Critical Heat),Activate municipal misting fans,"🔥 CRITICAL: Activate municipal misting fans, set up ORS hydration booths, advise elderly/children to remain indoors, halt non-essential outdoor work.",33.1,33.9,69.8,8.0,736.0,40.7,Critical Heat,#e53935,33.9 °C (ΔT: +0.8 °C),40.7 °C (Critical Heat),Activate municipal misting fans,"🔥 CRITICAL: Activate municipal misting fans, set up ORS hydration booths, advise elderly/children to remain indoors, halt non-essential outdoor work.",34.1,34.9,63.0,8.0,782.0,41.6,Critical Heat,#e53935,34.9 °C (ΔT: +0.8 °C),41.6 °C (Critical Heat),Activate municipal misting fans,"🔥 CRITICAL: Activate municipal misting fans, set up ORS hydration booths, advise elderly/children to remain indoors, halt non-essential outdoor work.",34.1,34.9,73.1,6.2,782.0,42.8,Critical Heat,#e53935,34.9 °C (ΔT: +0.8 °C),42.8 °C (Critical Heat),Activate municipal misting fans,"🔥 CRITICAL: Activate municipal misting fans, set up ORS hydration booths, advise elderly/children to remain indoors, halt non-essential outdoor work.",34.1,34.9,73.1,6.2,782.0,42.8,Critical Heat,#e53935,34.9 °C (ΔT: +0.8 °C),42.8 °C (Critical Heat),Activate municipal misting fans,"🔥 CRITICAL: Activate municipal misting fans, set up ORS hydration booths, advise elderly/children to remain indoors, halt non-essential outdoor work."
044N,Ward 044N (North West Delhi),North Delhi MCD,North West Delhi,28.6989,77.0378,2.83,0.65,0.258,0.67,18.5,7746,29.3,29.9,77.3,6.0,770.0,36.3,Moderate Risk,#fb8c00,29.9 °C (ΔT: +0.7 °C),36.3 °C (Moderate Risk),Enforce hydration breaks for outdoor workers,"⚠️ ADVISORY: Enforce hydration breaks for outdoor workers, distribute ORS at transit hubs, maintain continuous water supplies in high-density settlements.",29.4,30.0,80.0,2.8,632.0,36.8,Moderate Risk,#fb8c00,30.0 °C (ΔT: +0.7 °C),36.8 °C (Moderate Risk),Enforce hydration breaks for outdoor workers,"⚠️ ADVISORY: Enforce hydration breaks for outdoor workers, distribute ORS at transit hubs, maintain continuous water supplies in high-density settlements.",31.8,32.5,75.1,6.5,731.0,39.5,Critical Heat,#e53935,32.5 °C (ΔT: +0.7 °C),39.5 °C (Critical Heat),Activate municipal misting fans,"🔥 CRITICAL: Activate municipal misting fans, set up ORS hydration booths, advise elderly/children to remain indoors, halt non-essential outdoor work.",33.1,33.8,69.8,8.0,736.0,40.6,Critical Heat,#e53935,33.8 °C (ΔT: +0.7 °C),40.6 °C (Critical Heat),Activate municipal misting fans,"🔥 CRITICAL: Activate municipal misting fans, set up ORS hydration booths, advise elderly/children to remain indoors, halt non-essential outdoor work.",34.1,34.8,63.0,8.0,782.0,41.4,Critical Heat,#e53935,34.8 °C (ΔT: +0.7 °C),41.4 °C (Critical Heat),Activate municipal misting fans,"🔥 CRITICAL: Activate municipal misting fans, set up ORS hydration booths, advise elderly/children to remain indoors, halt non-essential outdoor work.",34.1,34.8,73.1,6.2,782.0,42.7,Critical Heat,#e53935,34.8 °C (ΔT: +0.7 °C),42.7 °C (Critical Heat),Activate municipal misting fans,"🔥 CRITICAL: Activate municipal misting fans, set up ORS hydration booths, advise elderly/children to remain indoors, halt non-essential outdoor work.",34.1,34.8,73.1,6.2,782.0,42.7,Critical Heat,#e53935,34.8 °C (ΔT: +0.7 °C),42.7 °C (Critical Heat),Activate municipal misting fans,"🔥 CRITICAL: Activate municipal misting fans, set up ORS hydration booths, advise elderly/children to remain indoors, halt non-essential outdoor work."
034N,Ward 034N (North West Delhi),North Delhi MCD,North West Delhi,28.7188,77.0733,5.39,0.55,0.242,0.6,19.0,8665,29.3,29.9,77.3,6.0,770.0,36.3,Moderate Risk,#fb8c00,29.9 °C (ΔT: +0.6 °C),36.3 °C (Moderate Risk),Enforce hydration breaks for outdoor workers,"⚠️ ADVISORY: Enforce hydration breaks for outdoor workers, distribute ORS at transit hubs, maintain continuous water supplies in high-density settlements.",29.4,29.9,80.0,2.8,632.0,36.7,Moderate Risk,#fb8c00,29.9 °C (ΔT: +0.6 °C),36.7 °C (Moderate Risk),Enforce hydration breaks for outdoor workers,"⚠️ ADVISORY: Enforce hydration breaks for outdoor workers, distribute ORS at transit hubs, maintain continuous water supplies in high-density settlements.",31.8,32.4,75.1,6.5,731.0,39.4,Critical Heat,#e53935,32.4 °C (ΔT: +0.6 °C),39.4 °C (Critical Heat),Activate municipal misting fans,"🔥 CRITICAL: Activate municipal misting fans, set up ORS hydration booths, advise elderly/children to remain indoors, halt non-essential outdoor work.",33.1,33.6,69.8,8.0,736.0,40.3,Critical Heat,#e53935,33.6 °C (ΔT: +0.6 °C),40.3 °C (Critical Heat),Activate municipal misting fans,"🔥 CRITICAL: Activate municipal misting fans, set up ORS hydration booths, advise elderly/children to remain indoors, halt non-essential outdoor work.",34.1,34.6,63.0,8.0,782.0,41.2,Critical Heat,#e53935,34.6 °C (ΔT: +0.6 °C),41.2 °C (Critical Heat),Activate municipal misting fans,"🔥 CRITICAL: Activate municipal misting fans, set up ORS hydration booths, advise elderly/children to remain indoors, halt non-essential outdoor work.",34.1,34.6,73.1,6.2,782.0,42.4,Critical Heat,#e53935,34.6 °C (ΔT: +0.6 °C),42.4 °C (Critical Heat),Activate municipal misting fans,"🔥 CRITICAL: Activate municipal misting fans, set up ORS hydration booths, advise elderly/children to remain indoors, halt non-essential outdoor work.",34.1,34.6,73.1,6.2,782.0,42.4,Critical Heat,#e53935,34.6 °C (ΔT: +0.6 °C),42.4 °C (Critical Heat),Activate municipal misting fans,"🔥 CRITICAL: Activate municipal misting fans, set up ORS hydration booths, advise elderly/children to remain indoors, halt non-essential outdoor work."
032N,Ward 032N (North West Delhi),North Delhi MCD,North West Delhi,28.7364,77.0931,4.49,0.52,0.246,0.65,16.0,10523,29.3,29.8,77.3,6.0,770.0,36.2,Moderate Risk,#fb8c00,29.8 °C (ΔT: +0.5 °C),36.2 °C (Moderate Risk),Enforce hydration breaks for outdoor workers,"⚠️ ADVISORY: Enforce hydration breaks for outdoor workers, distribute ORS at transit hubs, maintain continuous water supplies in high-density settlements.",29.4,29.9,80.0,2.8,632.0,36.7,Moderate Risk,#fb8c00,29.9 °C (ΔT: +0.5 °C),36.7 °C (Moderate Risk),Enforce hydration breaks for outdoor workers,"⚠️ ADVISORY: Enforce hydration breaks for outdoor workers, distribute ORS at transit hubs, maintain continuous water supplies in high-density settlements.",31.8,32.3,75.1,6.5,731.0,39.2,Critical Heat,#e53935,32.3 °C (ΔT: +0.5 °C),39.2 °C (Critical Heat),Activate municipal misting fans,"🔥 CRITICAL: Activate municipal misting fans, set up ORS hydration booths, advise elderly/children to remain indoors, halt non-essential outdoor work.",33.1,33.6,69.8,8.0,736.0,40.3,Critical Heat,#e53935,33.6 °C (ΔT: +0.5 °C),40.3 °C (Critical Heat),Activate municipal misting fans,"🔥 CRITICAL: Activate municipal misting fans, set up ORS hydration booths, advise elderly/children to remain indoors, halt non-essential outdoor work.",34.1,34.6,63.0,8.0,782.0,41.2,Critical Heat,#e53935,34.6 °C (ΔT: +0.5 °C),41.2 °C (Critical Heat),Activate municipal misting fans,"🔥 CRITICAL: Activate municipal misting fans, set up ORS hydration booths, advise elderly/children to remain indoors, halt non-essential outdoor work.",34.1,34.6,73.1,6.2,782.0,42.4,Critical Heat,#e53935,34.6 °C (ΔT: +0.5 °C),42.4 °C (Critical Heat),Activate municipal misting fans,"🔥 CRITICAL: Activate municipal misting fans, set up ORS hydration booths, advise elderly/children to remain indoors, halt non-essential outdoor work.",34.1,34.6,73.1,6.2,782.0,42.4,Critical Heat,#e53935,34.6 °C (ΔT: +0.5 °C),42.4 °C (Critical Heat),Activate municipal misting fans,"🔥 CRITICAL: Activate municipal misting fans, set up ORS hydration booths, advise elderly/children to remain indoors, halt non-essential outdoor work."
028N,Ward 028N (North West Delhi),North Delhi MCD,North West Delhi,28.72,77.0937,2.09,0.77,0.192,0.6,19.5,8732,29.3,30.1,77.3,6.0,770.0,36.6,Moderate Risk,#fb8c00,30.1 °C (ΔT: +0.8 °C),36.6 °C (Moderate Risk),Enforce hydration breaks for outdoor workers,"⚠️ ADVISORY: Enforce hydration breaks for outdoor workers, distribute ORS at transit hubs, maintain continuous water supplies in high-density settlements.",29.4,30.2,80.0,2.8,632.0,37.1,Moderate Risk,#fb8c00,30.2 °C (ΔT: +0.8 °C),37.1 °C (Moderate Risk),Enforce hydration breaks for outdoor workers,"⚠️ ADVISORY: Enforce hydration breaks for outdoor workers, distribute ORS at transit hubs, maintain continuous water supplies in high-density settlements.",31.8,32.6,75.1,6.5,731.0,39.6,Critical Heat,#e53935,32.6 °C (ΔT: +0.8 °C),39.6 °C (Critical Heat),Activate municipal misting fans,"🔥 CRITICAL: Activate municipal misting fans, set up ORS hydration booths, advise elderly/children to remain indoors, halt non-essential outdoor work.",33.1,33.9,69.8,8.0,736.0,40.7,Critical Heat,#e53935,33.9 °C (ΔT: +0.8 °C),40.7 °C (Critical Heat),Activate municipal misting fans,"🔥 CRITICAL: Activate municipal misting fans, set up ORS hydration booths, advise elderly/children to remain indoors, halt non-essential outdoor work.",34.1,34.9,63.0,8.0,782.0,41.6,Critical Heat,#e53935,34.9 °C (ΔT: +0.8 °C),41.6 °C (Critical Heat),Activate municipal misting fans,"🔥 CRITICAL: Activate municipal misting fans, set up ORS hydration booths, advise elderly/children to remain indoors, halt non-essential outdoor work.",34.1,34.9,73.1,6.2,782.0,42.8,Critical Heat,#e53935,34.9 °C (ΔT: +0.8 °C),42.8 °C (Critical Heat),Activate municipal misting fans,"🔥 CRITICAL: Activate municipal misting fans, set up ORS hydration booths, advise elderly/children to remain indoors, halt non-essential outdoor work.",34.1,34.9,73.1,6.2,782.0,42.8,Critical Heat,#e53935,34.9 °C (ΔT: +0.8 °C),42.8 °C (Critical Heat),Activate municipal misting fans,"🔥 CRITICAL: Activate municipal misting fans, set up ORS hydration booths, advise elderly/children to remain indoors, halt non-essential outdoor work."
041N,Ward 041N (North West Delhi),North Delhi MCD,North West Delhi,28.7066,77.063,1.13,0.9,0.183,0.63,20.0,7858,29.3,30.2,77.3,6.0,770.0,36.7,Moderate Risk,#fb8c00,30.2 °C (ΔT: +0.9 °C),36.7 °C (Moderate Risk),Enforce hydration breaks for outdoor workers,"⚠️ ADVISORY: Enforce hydration breaks for outdoor workers, distribute ORS at transit hubs, maintain continuous water supplies in high-density settlements.",29.4,30.3,80.0,2.8,632.0,37.2,Moderate Risk,#fb8c00,30.3 °C (ΔT: +0.9 °C),37.2 °C (Moderate Risk),Enforce hydration breaks for outdoor workers,"⚠️ ADVISORY: Enforce hydration breaks for outdoor workers, distribute ORS at transit hubs, maintain continuous water supplies in high-density settlements.",31.8,32.7,75.1,6.5,731.0,39.8,Critical Heat,#e53935,32.7 °C (ΔT: +0.9 °C),39.8 °C (Critical Heat),Activate municipal misting fans,"🔥 CRITICAL: Activate municipal misting fans, set up ORS hydration booths, advise elderly/children to remain indoors, halt non-essential outdoor work.",33.1,34.0,69.8,8.0,736.0,40.9,Critical Heat,#e53935,34.0 °C (ΔT: +0.9 °C),40.9 °C (Critical Heat),Activate municipal misting fans,"🔥 CRITICAL: Activate municipal misting fans, set up ORS hydration booths, advise elderly/children to remain indoors, halt non-essential outdoor work.",34.1,35.0,63.0,8.0,782.0,41.7,Critical Heat,#e53935,35.0 °C (ΔT: +0.9 °C),41.7 °C (Critical Heat),Activate municipal misting fans,"🔥 CRITICAL: Activate municipal misting fans, set up ORS hydration booths, advise elderly/children to remain indoors, halt non-essential outdoor work.",34.1,35.0,73.1,6.2,782.0,43.0,Extreme Danger,#8b0000,35.0 °C (ΔT: +0.9 °C),43.0 °C (Extreme Danger),Open 24/7 cooling centers,"🚨 EMERGENCY: Open 24/7 cooling centers, halt outdoor labor (11am-4pm), dispatch emergency water tankers to slum clusters, activate hospital heat-stroke protocols.",34.1,35.0,73.1,6.2,782.0,43.0,Extreme Danger,#8b0000,35.0 °C (ΔT: +0.9 °C),43.0 °C (Extreme Danger),Open 24/7 cooling centers,"🚨 EMERGENCY: Open 24/7 cooling centers, halt outdoor labor (11am-4pm), dispatch emergency water tankers to slum clusters, activate hospital heat-stroke protocols."
043N,Ward 043N (North West Delhi),North Delhi MCD,North West Delhi,28.6935,77.0522,1.14,0.67,0.258,0.68,18.4,8115,29.3,30.0,77.3,6.0,770.0,36.5,Moderate Risk,#fb8c00,30.0 °C (ΔT: +0.7 °C),36.5 °C (Moderate Risk),Enforce hydration breaks for outdoor workers,"⚠️ ADVISORY: Enforce hydration breaks for outdoor workers, distribute ORS at transit hubs, maintain continuous water supplies in high-density settlements.",29.4,30.1,80.0,2.8,632.0,36.9,Moderate Risk,#fb8c00,30.1 °C (ΔT: +0.7 °C),36.9 °C (Moderate Risk),Enforce hydration breaks for outdoor workers,"⚠️ ADVISORY: Enforce hydration breaks for outdoor workers, distribute ORS at transit hubs, maintain continuous water supplies in high-density settlements.",31.8,32.5,75.1,6.5,731.0,39.5,Critical Heat,#e53935,32.5 °C (ΔT: +0.7 °C),39.5 °C (Critical Heat),Activate municipal misting fans,"🔥 CRITICAL: Activate municipal misting fans, set up ORS hydration booths, advise elderly/children to remain indoors, halt non-essential outdoor work.",33.1,33.8,69.8,8.0,736.0,40.6,Critical Heat,#e53935,33.8 °C (ΔT: +0.7 °C),40.6 °C (Critical Heat),Activate municipal misting fans,"🔥 CRITICAL: Activate municipal misting fans, set up ORS hydration booths, advise elderly/children to remain indoors, halt non-essential outdoor work.",34.1,34.8,63.0,8.0,782.0,41.4,Critical Heat,#e53935,34.8 °C (ΔT: +0.7 °C),41.4 °C (Critical Heat),Activate municipal misting fans,"🔥 CRITICAL: Activate municipal misting fans, set up ORS hydration booths, advise elderly/children to remain indoors, halt non-essential outdoor work.",34.1,34.8,73.1,6.2,782.0,42.7,Critical Heat,#e53935,34.8 °C (ΔT: +0.7 °C),42.7 °C (Critical Heat),Activate municipal misting fans,"🔥 CRITICAL: Activate municipal misting fans, set up ORS hydration booths, advise elderly/children to remain indoors, halt non-essential outdoor work.",34.1,34.8,73.1,6.2,782.0,42.7,Critical Heat,#e53935,34.8 °C (ΔT: +0.7 °C),42.7 °C (Critical Heat),Activate municipal misting fans,"🔥 CRITICAL: Activate municipal misting fans, set up ORS hydration booths, advise elderly/children to remain indoors, halt non-essential outdoor work."
042N,Ward 042N (North West Delhi),North Delhi MCD,North West Delhi,28.6966,77.0625,2.07,0.69,0.203,0.66,15.7,5942,29.3,30.0,77.3,6.0,770.0,36.5,Moderate Risk,#fb8c00,30.0 °C (ΔT: +0.7 °C),36.5 °C (Moderate Risk),Enforce hydration breaks for outdoor workers,"⚠️ ADVISORY: Enforce hydration breaks for outdoor workers, distribute ORS at transit hubs, maintain continuous water supplies in high-density settlements.",29.4,30.1,80.0,2.8,632.0,36.9,Moderate Risk,#fb8c00,30.1 °C (ΔT: +0.7 °C),36.9 °C (Moderate Risk),Enforce hydration breaks for outdoor workers,"⚠️ ADVISORY: Enforce hydration breaks for outdoor workers, distribute ORS at transit hubs, maintain continuous water supplies in high-density settlements.",31.8,32.5,75.1,6.5,731.0,39.5,Critical Heat,#e53935,32.5 °C (ΔT: +0.7 °C),39.5 °C (Critical Heat),Activate municipal misting fans,"🔥 CRITICAL: Activate municipal misting fans, set up ORS hydration booths, advise elderly/children to remain indoors, halt non-essential outdoor work.",33.1,33.8,69.8,8.0,736.0,40.6,Critical Heat,#e53935,33.8 °C (ΔT: +0.7 °C),40.6 °C (Critical Heat),Activate municipal misting fans,"🔥 CRITICAL: Activate municipal misting fans, set up ORS hydration booths, advise elderly/children to remain indoors, halt non-essential outdoor work.",34.1,34.8,63.0,8.0,782.0,41.4,Critical Heat,#e53935,34.8 °C (ΔT: +0.7 °C),41.4 °C (Critical Heat),Activate municipal misting fans,"🔥 CRITICAL: Activate municipal misting fans, set up ORS hydration booths, advise elderly/children to remain indoors, halt non-essential outdoor work.",34.1,34.8,73.1,6.2,782.0,42.7,Critical Heat,#e53935,34.8 °C (ΔT: +0.7 °C),42.7 °C (Critical Heat),Activate municipal misting fans,"🔥 CRITICAL: Activate municipal misting fans, set up ORS hydration booths, advise elderly/children to remain indoors, halt non-essential outdoor work.",34.1,34.8,73.1,6.2,782.0,42.7,Critical Heat,#e53935,34.8 °C (ΔT: +0.7 °C),42.7 °C (Critical Heat),Activate municipal misting fans,"🔥 CRITICAL: Activate municipal misting fans, set up ORS hydration booths, advise elderly/children to remain indoors, halt non-essential outdoor work."
045N,Ward 045N (North West Delhi),North Delhi MCD,North West Delhi,28.7026,77.0801,0.71,0.53,0.192,0.59,15.3,7315,29.3,29.8,77.3,6.0,770.0,36.2,Moderate Risk,#fb8c00,29.8 °C (ΔT: +0.5 °C),36.2 °C (Moderate Risk),Enforce hydration breaks for outdoor workers,"⚠️ ADVISORY: Enforce hydration breaks for outdoor workers, distribute ORS at transit hubs, maintain continuous water supplies in high-density settlements.",29.4,29.9,80.0,2.8,632.0,36.7,Moderate Risk,#fb8c00,29.9 °C (ΔT: +0.5 °C),36.7 °C (Moderate Risk),Enforce hydration breaks for outdoor workers,"⚠️ ADVISORY: Enforce hydration breaks for outdoor workers, distribute ORS at transit hubs, maintain continuous water supplies in high-density settlements.",31.8,32.3,75.1,6.5,731.0,39.2,Critical Heat,#e53935,32.3 °C (ΔT: +0.5 °C),39.2 °C (Critical Heat),Activate municipal misting fans,"🔥 CRITICAL: Activate municipal misting fans, set up ORS hydration booths, advise elderly/children to remain indoors, halt non-essential outdoor work.",33.1,33.6,69.8,8.0,736.0,40.3,Critical Heat,#e53935,33.6 °C (ΔT: +0.5 °C),40.3 °C (Critical Heat),Activate municipal misting fans,"🔥 CRITICAL: Activate municipal misting fans, set up ORS hydration booths, advise elderly/children to remain indoors, halt non-essential outdoor work.",34.1,34.6,63.0,8.0,782.0,41.2,Critical Heat,#e53935,34.6 °C (ΔT: +0.5 °C),41.2 °C (Critical Heat),Activate municipal misting fans,"🔥 CRITICAL: Activate municipal misting fans, set up ORS hydration booths, advise elderly/children to remain indoors, halt non-essential outdoor work.",34.1,34.6,73.1,6.2,782.0,42.4,Critical Heat,#e53935,34.6 °C (ΔT: +0.5 °C),42.4 °C (Critical Heat),Activate municipal misting fans,"🔥 CRITICAL: Activate municipal misting fans, set up ORS hydration booths, advise elderly/children to remain indoors, halt non-essential outdoor work.",34.1,34.6,73.1,6.2,782.0,42.4,Critical Heat,#e53935,34.6 °C (ΔT: +0.5 °C),42.4 °C (Critical Heat),Activate municipal misting fans,"🔥 CRITICAL: Activate municipal misting fans, set up ORS hydration booths, advise elderly/children to remain indoors, halt non-essential outdoor work."
048N,Ward 048N (North West Delhi),North Delhi MCD,North West Delhi,28.6923,77.069,0.72,0.57,0.252,0.61,19.7,8542,29.3,29.9,77.3,6.0,770.0,36.3,Moderate Risk,#fb8c00,29.9 °C (ΔT: +0.6 °C),36.3 °C (Moderate Risk),Enforce hydration breaks for outdoor workers,"⚠️ ADVISORY: Enforce hydration breaks for outdoor workers, distribute ORS at transit hubs, maintain continuous water supplies in high-density settlements.",29.4,30.0,80.0,2.8,632.0,36.8,Moderate Risk,#fb8c00,30.0 °C (ΔT: +0.6 °C),36.8 °C (Moderate Risk),Enforce hydration breaks for outdoor workers,"⚠️ ADVISORY: Enforce hydration breaks for outdoor workers, distribute ORS at transit hubs, maintain continuous water supplies in high-density settlements.",31.8,32.4,75.1,6.5,731.0,39.4,Critical Heat,#e53935,32.4 °C (ΔT: +0.6 °C),39.4 °C (Critical Heat),Activate municipal misting fans,"🔥 CRITICAL: Activate municipal misting fans, set up ORS hydration booths, advise elderly/children to remain indoors, halt non-essential outdoor work.",33.1,33.7,69.8,8.0,736.0,40.5,Critical Heat,#e53935,33.7 °C (ΔT: +0.6 °C),40.5 °C (Critical Heat),Activate municipal misting fans,"🔥 CRITICAL: Activate municipal misting fans, set up ORS hydration booths, advise elderly/children to remain indoors, halt non-essential outdoor work.",34.1,34.7,63.0,8.0,782.0,41.3,Critical Heat,#e53935,34.7 °C (ΔT: +0.6 °C),41.3 °C (Critical Heat),Activate municipal misting fans,"🔥 CRITICAL: Activate municipal misting fans, set up ORS hydration booths, advise elderly/children to remain indoors, halt non-essential outdoor work.",34.1,34.7,73.1,6.2,782.0,42.6,Critical Heat,#e53935,34.7 °C (ΔT: +0.6 °C),42.6 °C (Critical Heat),Activate municipal misting fans,"🔥 CRITICAL: Activate municipal misting fans, set up ORS hydration booths, advise elderly/children to remain indoors, halt non-essential outdoor work.",34.1,34.7,73.1,6.2,782.0,42.6,Critical Heat,#e53935,34.7 °C (ΔT: +0.6 °C),42.6 °C (Critical Heat),Activate municipal misting fans,"🔥 CRITICAL: Activate municipal misting fans, set up ORS hydration booths, advise elderly/children to remain indoors, halt non-essential outdoor work."
047N,Ward 047N (North West Delhi),North Delhi MCD,North West Delhi,28.694,77.0756,1.15,0.48,0.246,0.65,15.2,10670,29.3,29.8,77.3,6.0,770.0,36.2,Moderate Risk,#fb8c00,29.8 °C (ΔT: +0.5 °C),36.2 °C (Moderate Risk),Enforce hydration breaks for outdoor workers,"⚠️ ADVISORY: Enforce hydration breaks for outdoor workers, distribute ORS at transit hubs, maintain continuous water supplies in high-density settlements.",29.4,29.9,80.0,2.8,632.0,36.7,Moderate Risk,#fb8c00,29.9 °C (ΔT: +0.5 °C),36.7 °C (Moderate Risk),Enforce hydration breaks for outdoor workers,"⚠️ ADVISORY: Enforce hydration breaks for outdoor workers, distribute ORS at transit hubs, maintain continuous water supplies in high-density settlements.",31.8,32.3,75.1,6.5,731.0,39.2,Critical Heat,#e53935,32.3 °C (ΔT: +0.5 °C),39.2 °C (Critical Heat),Activate municipal misting fans,"🔥 CRITICAL: Activate municipal misting fans, set up ORS hydration booths, advise elderly/children to remain indoors, halt non-essential outdoor work.",33.1,33.6,69.8,8.0,736.0,40.3,Critical Heat,#e53935,33.6 °C (ΔT: +0.5 °C),40.3 °C (Critical Heat),Activate municipal misting fans,"🔥 CRITICAL: Activate municipal misting fans, set up ORS hydration booths, advise elderly/children to remain indoors, halt non-essential outdoor work.",34.1,34.6,63.0,8.0,782.0,41.2,Critical Heat,#e53935,34.6 °C (ΔT: +0.5 °C),41.2 °C (Critical Heat),Activate municipal misting fans,"🔥 CRITICAL: Activate municipal misting fans, set up ORS hydration booths, advise elderly/children to remain indoors, halt non-essential outdoor work.",34.1,34.6,73.1,6.2,782.0,42.4,Critical Heat,#e53935,34.6 °C (ΔT: +0.5 °C),42.4 °C (Critical Heat),Activate municipal misting fans,"🔥 CRITICAL: Activate municipal misting fans, set up ORS hydration booths, advise elderly/children to remain indoors, halt non-essential outdoor work.",34.1,34.6,73.1,6.2,782.0,42.4,Critical Heat,#e53935,34.6 °C (ΔT: +0.5 °C),42.4 °C (Critical Heat),Activate municipal misting fans,"🔥 CRITICAL: Activate municipal misting fans, set up ORS hydration booths, advise elderly/children to remain indoors, halt non-essential outdoor work."
055N,Ward 055N (North West Delhi),North Delhi MCD,North West Delhi,28.6902,77.0851,1.37,0.44,0.216,0.6,14.8,6333,29.3,29.7,77.3,6.0,770.0,36.1,Moderate Risk,#fb8c00,29.7 °C (ΔT: +0.4 °C),36.1 °C (Moderate Risk),Enforce hydration breaks for outdoor workers,"⚠️ ADVISORY: Enforce hydration breaks for outdoor workers, distribute ORS at transit hubs, maintain continuous water supplies in high-density settlements.",29.4,29.8,80.0,2.8,632.0,36.5,Moderate Risk,#fb8c00,29.8 °C (ΔT: +0.4 °C),36.5 °C (Moderate Risk),Enforce hydration breaks for outdoor workers,"⚠️ ADVISORY: Enforce hydration breaks for outdoor workers, distribute ORS at transit hubs, maintain continuous water supplies in high-density settlements.",31.8,32.2,75.1,6.5,731.0,39.1,Critical Heat,#e53935,32.2 °C (ΔT: +0.4 °C),39.1 °C (Critical Heat),Activate municipal misting fans,"🔥 CRITICAL: Activate municipal misting fans, set up ORS hydration booths, advise elderly/children to remain indoors, halt non-essential outdoor work.",33.1,33.5,69.8,8.0,736.0,40.2,Critical Heat,#e53935,33.5 °C (ΔT: +0.4 °C),40.2 °C (Critical Heat),Activate municipal misting fans,"🔥 CRITICAL: Activate municipal misting fans, set up ORS hydration booths, advise elderly/children to remain indoors, halt non-essential outdoor work.",34.1,34.5,63.0,8.0,782.0,41.0,Critical Heat,#e53935,34.5 °C (ΔT: +0.4 °C),41.0 °C (Critical Heat),Activate municipal misting fans,"🔥 CRITICAL: Activate municipal misting fans, set up ORS hydration booths, advise elderly/children to remain indoors, halt non-essential outdoor work.",34.1,34.5,73.1,6.2,782.0,42.3,Critical Heat,#e53935,34.5 °C (ΔT: +0.4 °C),42.3 °C (Critical Heat),Activate municipal misting fans,"🔥 CRITICAL: Activate municipal misting fans, set up ORS hydration booths, advise elderly/children to remain indoors, halt non-essential outdoor work.",34.1,34.5,73.1,6.2,782.0,42.3,Critical Heat,#e53935,34.5 °C (ΔT: +0.4 °C),42.3 °C (Critical Heat),Activate municipal misting fans,"🔥 CRITICAL: Activate municipal misting fans, set up ORS hydration booths, advise elderly/children to remain indoors, halt non-essential outdoor work."
056N,Ward 056N (North West Delhi),North Delhi MCD,North West Delhi,28.6961,77.089,0.63,0.7,0.212,0.69,15.1,9205,29.3,30.0,77.3,6.0,770.0,36.5,Moderate Risk,#fb8c00,30.0 °C (ΔT: +0.7 °C),36.5 °C (Moderate Risk),Enforce hydration breaks for outdoor workers,"⚠️ ADVISORY: Enforce hydration breaks for outdoor workers, distribute ORS at transit hubs, maintain continuous water supplies in high-density settlements.",29.4,30.1,80.0,2.8,632.0,36.9,Moderate Risk,#fb8c00,30.1 °C (ΔT: +0.7 °C),36.9 °C (Moderate Risk),Enforce hydration breaks for outdoor workers,"⚠️ ADVISORY: Enforce hydration breaks for outdoor workers, distribute ORS at transit hubs, maintain continuous water supplies in high-density settlements.",31.8,32.5,75.1,6.5,731.0,39.5,Critical Heat,#e53935,32.5 °C (ΔT: +0.7 °C),39.5 °C (Critical Heat),Activate municipal misting fans,"🔥 CRITICAL: Activate municipal misting fans, set up ORS hydration booths, advise elderly/children to remain indoors, halt non-essential outdoor work.",33.1,33.8,69.8,8.0,736.0,40.6,Critical Heat,#e53935,33.8 °C (ΔT: +0.7 °C),40.6 °C (Critical Heat),Activate municipal misting fans,"🔥 CRITICAL: Activate municipal misting fans, set up ORS hydration booths, advise elderly/children to remain indoors, halt non-essential outdoor work.",34.1,34.8,63.0,8.0,782.0,41.4,Critical Heat,#e53935,34.8 °C (ΔT: +0.7 °C),41.4 °C (Critical Heat),Activate municipal misting fans,"🔥 CRITICAL: Activate municipal misting fans, set up ORS hydration booths, advise elderly/children to remain indoors, halt non-essential outdoor work.",34.1,34.8,73.1,6.2,782.0,42.7,Critical Heat,#e53935,34.8 °C (ΔT: +0.7 °C),42.7 °C (Critical Heat),Activate municipal misting fans,"🔥 CRITICAL: Activate municipal misting fans, set up ORS hydration booths, advise elderly/children to remain indoors, halt non-essential outdoor work.",34.1,34.8,73.1,6.2,782.0,42.7,Critical Heat,#e53935,34.8 °C (ΔT: +0.7 °C),42.7 °C (Critical Heat),Activate municipal misting fans,"🔥 CRITICAL: Activate municipal misting fans, set up ORS hydration booths, advise elderly/children to remain indoors, halt non-essential outdoor work."
037N,Ward 037N (North West Delhi),North Delhi MCD,North West Delhi,28.6814,77.0602,1.28,0.8,0.217,0.66,19.0,7909,29.3,30.1,77.3,6.0,770.0,36.6,Moderate Risk,#fb8c00,30.1 °C (ΔT: +0.8 °C),36.6 °C (Moderate Risk),Enforce hydration breaks for outdoor workers,"⚠️ ADVISORY: Enforce hydration breaks for outdoor workers, distribute ORS at transit hubs, maintain continuous water supplies in high-density settlements.",29.4,30.2,80.0,2.8,632.0,37.1,Moderate Risk,#fb8c00,30.2 °C (ΔT: +0.8 °C),37.1 °C (Moderate Risk),Enforce hydration breaks for outdoor workers,"⚠️ ADVISORY: Enforce hydration breaks for outdoor workers, distribute ORS at transit hubs, maintain continuous water supplies in high-density settlements.",31.8,32.6,75.1,6.5,731.0,39.6,Critical Heat,#e53935,32.6 °C (ΔT: +0.8 °C),39.6 °C (Critical Heat),Activate municipal misting fans,"🔥 CRITICAL: Activate municipal misting fans, set up ORS hydration booths, advise elderly/children to remain indoors, halt non-essential outdoor work.",33.1,33.9,69.8,8.0,736.0,40.7,Critical Heat,#e53935,33.9 °C (ΔT: +0.8 °C),40.7 °C (Critical Heat),Activate municipal misting fans,"🔥 CRITICAL: Activate municipal misting fans, set up ORS hydration booths, advise elderly/children to remain indoors, halt non-essential outdoor work.",34.1,34.9,63.0,8.0,782.0,41.6,Critical Heat,#e53935,34.9 °C (ΔT: +0.8 °C),41.6 °C (Critical Heat),Activate municipal misting fans,"🔥 CRITICAL: Activate municipal misting fans, set up ORS hydration booths, advise elderly/children to remain indoors, halt non-essential outdoor work.",34.1,34.9,73.1,6.2,782.0,42.8,Critical Heat,#e53935,34.9 °C (ΔT: +0.8 °C),42.8 °C (Critical Heat),Activate municipal misting fans,"🔥 CRITICAL: Activate municipal misting fans, set up ORS hydration booths, advise elderly/children to remain indoors, halt non-essential outdoor work.",34.1,34.9,73.1,6.2,782.0,42.8,Critical Heat,#e53935,34.9 °C (ΔT: +0.8 °C),42.8 °C (Critical Heat),Activate municipal misting fans,"🔥 CRITICAL: Activate municipal misting fans, set up ORS hydration booths, advise elderly/children to remain indoors, halt non-essential outdoor work."
051N,Ward 051N (North West Delhi),North Delhi MCD,North West Delhi,28.6671,77.0654,1.74,0.24,0.258,0.59,14.6,8933,29.3,29.5,77.3,6.0,770.0,35.8,Moderate Risk,#fb8c00,29.5 °C (ΔT: +0.2 °C),35.8 °C (Moderate Risk),Enforce hydration breaks for outdoor workers,"⚠️ ADVISORY: Enforce hydration breaks for outdoor workers, distribute ORS at transit hubs, maintain continuous water supplies in high-density settlements.",29.4,29.6,80.0,2.8,632.0,36.3,Moderate Risk,#fb8c00,29.6 °C (ΔT: +0.2 °C),36.3 °C (Moderate Risk),Enforce hydration breaks for outdoor workers,"⚠️ ADVISORY: Enforce hydration breaks for outdoor workers, distribute ORS at transit hubs, maintain continuous water supplies in high-density settlements.",31.8,32.0,75.1,6.5,731.0,38.8,Critical Heat,#e53935,32.0 °C (ΔT: +0.2 °C),38.8 °C (Critical Heat),Activate municipal misting fans,"🔥 CRITICAL: Activate municipal misting fans, set up ORS hydration booths, advise elderly/children to remain indoors, halt non-essential outdoor work.",33.1,33.3,69.8,8.0,736.0,39.9,Critical Heat,#e53935,33.3 °C (ΔT: +0.2 °C),39.9 °C (Critical Heat),Activate municipal misting fans,"🔥 CRITICAL: Activate municipal misting fans, set up ORS hydration booths, advise elderly/children to remain indoors, halt non-essential outdoor work.",34.1,34.3,63.0,8.0,782.0,40.8,Critical Heat,#e53935,34.3 °C (ΔT: +0.2 °C),40.8 °C (Critical Heat),Activate municipal misting fans,"🔥 CRITICAL: Activate municipal misting fans, set up ORS hydration booths, advise elderly/children to remain indoors, halt non-essential outdoor work.",34.1,34.3,73.1,6.2,782.0,42.0,Critical Heat,#e53935,34.3 °C (ΔT: +0.2 °C),42.0 °C (Critical Heat),Activate municipal misting fans,"🔥 CRITICAL: Activate municipal misting fans, set up ORS hydration booths, advise elderly/children to remain indoors, halt non-essential outdoor work.",34.1,34.3,73.1,6.2,782.0,42.0,Critical Heat,#e53935,34.3 °C (ΔT: +0.2 °C),42.0 °C (Critical Heat),Activate municipal misting fans,"🔥 CRITICAL: Activate municipal misting fans, set up ORS hydration booths, advise elderly/children to remain indoors, halt non-essential outdoor work."
052N,Ward 052N (North West Delhi),North Delhi MCD,North West Delhi,28.6737,77.0694,1.36,0.58,0.232,0.62,17.8,9607,29.3,29.9,77.3,6.0,770.0,36.3,Moderate Risk,#fb8c00,29.9 °C (ΔT: +0.6 °C),36.3 °C (Moderate Risk),Enforce hydration breaks for outdoor workers,"⚠️ ADVISORY: Enforce hydration breaks for outdoor workers, distribute ORS at transit hubs, maintain continuous water supplies in high-density settlements.",29.4,30.0,80.0,2.8,632.0,36.8,Moderate Risk,#fb8c00,30.0 °C (ΔT: +0.6 °C),36.8 °C (Moderate Risk),Enforce hydration breaks for outdoor workers,"⚠️ ADVISORY: Enforce hydration breaks for outdoor workers, distribute ORS at transit hubs, maintain continuous water supplies in high-density settlements.",31.8,32.4,75.1,6.5,731.0,39.4,Critical Heat,#e53935,32.4 °C (ΔT: +0.6 °C),39.4 °C (Critical Heat),Activate municipal misting fans,"🔥 CRITICAL: Activate municipal misting fans, set up ORS hydration booths, advise elderly/children to remain indoors, halt non-essential outdoor work.",33.1,33.7,69.8,8.0,736.0,40.5,Critical Heat,#e53935,33.7 °C (ΔT: +0.6 °C),40.5 °C (Critical Heat),Activate municipal misting fans,"🔥 CRITICAL: Activate municipal misting fans, set up ORS hydration booths, advise elderly/children to remain indoors, halt non-essential outdoor work.",34.1,34.7,63.0,8.0,782.0,41.3,Critical Heat,#e53935,34.7 °C (ΔT: +0.6 °C),41.3 °C (Critical Heat),Activate municipal misting fans,"🔥 CRITICAL: Activate municipal misting fans, set up ORS hydration booths, advise elderly/children to remain indoors, halt non-essential outdoor work.",34.1,34.7,73.1,6.2,782.0,42.6,Critical Heat,#e53935,34.7 °C (ΔT: +0.6 °C),42.6 °C (Critical Heat),Activate municipal misting fans,"🔥 CRITICAL: Activate municipal misting fans, set up ORS hydration booths, advise elderly/children to remain indoors, halt non-essential outdoor work.",34.1,34.7,73.1,6.2,782.0,42.6,Critical Heat,#e53935,34.7 °C (ΔT: +0.6 °C),42.6 °C (Critical Heat),Activate municipal misting fans,"🔥 CRITICAL: Activate municipal misting fans, set up ORS hydration booths, advise elderly/children to remain indoors, halt non-essential outdoor work."
049N,Ward 049N (North West Delhi),North Delhi MCD,North West Delhi,28.681,77.0744,1.78,0.78,0.207,0.69,16.3,9192,29.3,30.1,77.3,6.0,770.0,36.6,Moderate Risk,#fb8c00,30.1 °C (ΔT: +0.8 °C),36.6 °C (Moderate Risk),Enforce hydration breaks for outdoor workers,"⚠️ ADVISORY: Enforce hydration breaks for outdoor workers, distribute ORS at transit hubs, maintain continuous water supplies in high-density settlements.",29.4,30.2,80.0,2.8,632.0,37.1,Moderate Risk,#fb8c00,30.2 °C (ΔT: +0.8 °C),37.1 °C (Moderate Risk),Enforce hydration breaks for outdoor workers,"⚠️ ADVISORY: Enforce hydration breaks for outdoor workers, distribute ORS at transit hubs, maintain continuous water supplies in high-density settlements.",31.8,32.6,75.1,6.5,731.0,39.6,Critical Heat,#e53935,32.6 °C (ΔT: +0.8 °C),39.6 °C (Critical Heat),Activate municipal misting fans,"🔥 CRITICAL: Activate municipal misting fans, set up ORS hydration booths, advise elderly/children to remain indoors, halt non-essential outdoor work.",33.1,33.9,69.8,8.0,736.0,40.7,Critical Heat,#e53935,33.9 °C (ΔT: +0.8 °C),40.7 °C (Critical Heat),Activate municipal misting fans,"🔥 CRITICAL: Activate municipal misting fans, set up ORS hydration booths, advise elderly/children to remain indoors, halt non-essential outdoor work.",34.1,34.9,63.0,8.0,782.0,41.6,Critical Heat,#e53935,34.9 °C (ΔT: +0.8 °C),41.6 °C (Critical Heat),Activate municipal misting fans,"🔥 CRITICAL: Activate municipal misting fans, set up ORS hydration booths, advise elderly/children to remain indoors, halt non-essential outdoor work.",34.1,34.9,73.1,6.2,782.0,42.8,Critical Heat,#e53935,34.9 °C (ΔT: +0.8 °C),42.8 °C (Critical Heat),Activate municipal misting fans,"🔥 CRITICAL: Activate municipal misting fans, set up ORS hydration booths, advise elderly/children to remain indoors, halt non-essential outdoor work.",34.1,34.9,73.1,6.2,782.0,42.8,Critical Heat,#e53935,34.9 °C (ΔT: +0.8 °C),42.8 °C (Critical Heat),Activate municipal misting fans,"🔥 CRITICAL: Activate municipal misting fans, set up ORS hydration booths, advise elderly/children to remain indoors, halt non-essential outdoor work."
050N,Ward 050N (North West Delhi),North Delhi MCD,North West Delhi,28.672,77.0871,4.23,0.65,0.243,0.62,20.1,10671,29.3,29.9,77.3,6.0,770.0,36.3,Moderate Risk,#fb8c00,29.9 °C (ΔT: +0.7 °C),36.3 °C (Moderate Risk),Enforce hydration breaks for outdoor workers,"⚠️ ADVISORY: Enforce hydration breaks for outdoor workers, distribute ORS at transit hubs, maintain continuous water supplies in high-density settlements.",29.4,30.0,80.0,2.8,632.0,36.8,Moderate Risk,#fb8c00,30.0 °C (ΔT: +0.7 °C),36.8 °C (Moderate Risk),Enforce hydration breaks for outdoor workers,"⚠️ ADVISORY: Enforce hydration breaks for outdoor workers, distribute ORS at transit hubs, maintain continuous water supplies in high-density settlements.",31.8,32.5,75.1,6.5,731.0,39.5,Critical Heat,#e53935,32.5 °C (ΔT: +0.7 °C),39.5 °C (Critical Heat),Activate municipal misting fans,"🔥 CRITICAL: Activate municipal misting fans, set up ORS hydration booths, advise elderly/children to remain indoors, halt non-essential outdoor work.",33.1,33.8,69.8,8.0,736.0,40.6,Critical Heat,#e53935,33.8 °C (ΔT: +0.7 °C),40.6 °C (Critical Heat),Activate municipal misting fans,"🔥 CRITICAL: Activate municipal misting fans, set up ORS hydration booths, advise elderly/children to remain indoors, halt non-essential outdoor work.",34.1,34.8,63.0,8.0,782.0,41.4,Critical Heat,#e53935,34.8 °C (ΔT: +0.7 °C),41.4 °C (Critical Heat),Activate municipal misting fans,"🔥 CRITICAL: Activate municipal misting fans, set up ORS hydration booths, advise elderly/children to remain indoors, halt non-essential outdoor work.",34.1,34.8,73.1,6.2,782.0,42.7,Critical Heat,#e53935,34.8 °C (ΔT: +0.7 °C),42.7 °C (Critical Heat),Activate municipal misting fans,"🔥 CRITICAL: Activate municipal misting fans, set up ORS hydration booths, advise elderly/children to remain indoors, halt non-essential outdoor work.",34.1,34.8,73.1,6.2,782.0,42.7,Critical Heat,#e53935,34.8 °C (ΔT: +0.7 °C),42.7 °C (Critical Heat),Activate municipal misting fans,"🔥 CRITICAL: Activate municipal misting fans, set up ORS hydration booths, advise elderly/children to remain indoors, halt non-essential outdoor work."
038N,Ward 038N (North West Delhi),North Delhi MCD,North West Delhi,28.659,77.063,5.79,0.51,0.225,0.6,16.8,9213,29.3,29.8,77.3,6.0,770.0,36.2,Moderate Risk,#fb8c00,29.8 °C (ΔT: +0.5 °C),36.2 °C (Moderate Risk),Enforce hydration breaks for outdoor workers,"⚠️ ADVISORY: Enforce hydration breaks for outdoor workers, distribute ORS at transit hubs, maintain continuous water supplies in high-density settlements.",29.4,29.9,80.0,2.8,632.0,36.7,Moderate Risk,#fb8c00,29.9 °C (ΔT: +0.5 °C),36.7 °C (Moderate Risk),Enforce hydration breaks for outdoor workers,"⚠️ ADVISORY: Enforce hydration breaks for outdoor workers, distribute ORS at transit hubs, maintain continuous water supplies in high-density settlements.",31.8,32.3,75.1,6.5,731.0,39.2,Critical Heat,#e53935,32.3 °C (ΔT: +0.5 °C),39.2 °C (Critical Heat),Activate municipal misting fans,"🔥 CRITICAL: Activate municipal misting fans, set up ORS hydration booths, advise elderly/children to remain indoors, halt non-essential outdoor work.",33.1,33.6,69.8,8.0,736.0,40.3,Critical Heat,#e53935,33.6 °C (ΔT: +0.5 °C),40.3 °C (Critical Heat),Activate municipal misting fans,"🔥 CRITICAL: Activate municipal misting fans, set up ORS hydration booths, advise elderly/children to remain indoors, halt non-essential outdoor work.",34.1,34.6,63.0,8.0,782.0,41.2,Critical Heat,#e53935,34.6 °C (ΔT: +0.5 °C),41.2 °C (Critical Heat),Activate municipal misting fans,"🔥 CRITICAL: Activate municipal misting fans, set up ORS hydration booths, advise elderly/children to remain indoors, halt non-essential outdoor work.",34.1,34.6,73.1,6.2,782.0,42.4,Critical Heat,#e53935,34.6 °C (ΔT: +0.5 °C),42.4 °C (Critical Heat),Activate municipal misting fans,"🔥 CRITICAL: Activate municipal misting fans, set up ORS hydration booths, advise elderly/children to remain indoors, halt non-essential outdoor work.",34.1,34.6,73.1,6.2,782.0,42.4,Critical Heat,#e53935,34.6 °C (ΔT: +0.5 °C),42.4 °C (Critical Heat),Activate municipal misting fans,"🔥 CRITICAL: Activate municipal misting fans, set up ORS hydration booths, advise elderly/children to remain indoors, halt non-essential outdoor work."
067N,Ward 067N (West Delhi),North Delhi MCD,West Delhi,28.6685,77.1053,3.08,1.05,0.158,0.71,16.9,17289,29.7,30.8,73.5,5.9,768.0,37.3,Moderate Risk,#fb8c00,30.8 °C (ΔT: +1.1 °C),37.3 °C (Moderate Risk),Enforce hydration breaks for outdoor workers,"⚠️ ADVISORY: Enforce hydration breaks for outdoor workers, distribute ORS at transit hubs, maintain continuous water supplies in high-density settlements.",30.1,31.2,74.9,2.9,658.0,38.1,Critical Heat,#e53935,31.2 °C (ΔT: +1.1 °C),38.1 °C (Critical Heat),Activate municipal misting fans,"🔥 CRITICAL: Activate municipal misting fans, set up ORS hydration booths, advise elderly/children to remain indoors, halt non-essential outdoor work.",32.6,33.6,69.4,7.2,732.0,40.4,Critical Heat,#e53935,33.6 °C (ΔT: +1.1 °C),40.4 °C (Critical Heat),Activate municipal misting fans,"🔥 CRITICAL: Activate municipal misting fans, set up ORS hydration booths, advise elderly/children to remain indoors, halt non-essential outdoor work.",34.1,35.1,63.2,9.1,734.0,41.6,Critical Heat,#e53935,35.1 °C (ΔT: +1.1 °C),41.6 °C (Critical Heat),Activate municipal misting fans,"🔥 CRITICAL: Activate municipal misting fans, set up ORS hydration booths, advise elderly/children to remain indoors, halt non-essential outdoor work.",35.2,36.2,55.8,9.2,786.0,42.4,Critical Heat,#e53935,36.2 °C (ΔT: +1.1 °C),42.4 °C (Critical Heat),Activate municipal misting fans,"🔥 CRITICAL: Activate municipal misting fans, set up ORS hydration booths, advise elderly/children to remain indoors, halt non-essential outdoor work.",35.2,36.2,67.3,6.8,786.0,44.0,Extreme Danger,#8b0000,36.2 °C (ΔT: +1.1 °C),44.0 °C (Extreme Danger),Open 24/7 cooling centers,"🚨 EMERGENCY: Open 24/7 cooling centers, halt outdoor labor (11am-4pm), dispatch emergency water tankers to slum clusters, activate hospital heat-stroke protocols.",35.2,36.2,67.3,6.8,786.0,44.0,Extreme Danger,#8b0000,36.2 °C (ΔT: +1.1 °C),44.0 °C (Extreme Danger),Open 24/7 cooling centers,"🚨 EMERGENCY: Open 24/7 cooling centers, halt outdoor labor (11am-4pm), dispatch emergency water tankers to slum clusters, activate hospital heat-stroke protocols."
065N,Ward 065N (North West Delhi),North Delhi MCD,North West Delhi,28.6886,77.1103,5.41,0.45,0.246,0.64,15.2,11074,29.3,29.8,77.3,6.0,770.0,36.2,Moderate Risk,#fb8c00,29.8 °C (ΔT: +0.5 °C),36.2 °C (Moderate Risk),Enforce hydration breaks for outdoor workers,"⚠️ ADVISORY: Enforce hydration breaks for outdoor workers, distribute ORS at transit hubs, maintain continuous water supplies in high-density settlements.",29.4,29.8,80.0,2.8,632.0,36.5,Moderate Risk,#fb8c00,29.8 °C (ΔT: +0.5 °C),36.5 °C (Moderate Risk),Enforce hydration breaks for outdoor workers,"⚠️ ADVISORY: Enforce hydration breaks for outdoor workers, distribute ORS at transit hubs, maintain continuous water supplies in high-density settlements.",31.8,32.2,75.1,6.5,731.0,39.1,Critical Heat,#e53935,32.2 °C (ΔT: +0.5 °C),39.1 °C (Critical Heat),Activate municipal misting fans,"🔥 CRITICAL: Activate municipal misting fans, set up ORS hydration booths, advise elderly/children to remain indoors, halt non-essential outdoor work.",33.1,33.6,69.8,8.0,736.0,40.3,Critical Heat,#e53935,33.6 °C (ΔT: +0.5 °C),40.3 °C (Critical Heat),Activate municipal misting fans,"🔥 CRITICAL: Activate municipal misting fans, set up ORS hydration booths, advise elderly/children to remain indoors, halt non-essential outdoor work.",34.1,34.6,63.0,8.0,782.0,41.2,Critical Heat,#e53935,34.6 °C (ΔT: +0.5 °C),41.2 °C (Critical Heat),Activate municipal misting fans,"🔥 CRITICAL: Activate municipal misting fans, set up ORS hydration booths, advise elderly/children to remain indoors, halt non-essential outdoor work.",34.1,34.6,73.1,6.2,782.0,42.4,Critical Heat,#e53935,34.6 °C (ΔT: +0.5 °C),42.4 °C (Critical Heat),Activate municipal misting fans,"🔥 CRITICAL: Activate municipal misting fans, set up ORS hydration booths, advise elderly/children to remain indoors, halt non-essential outdoor work.",34.1,34.6,73.1,6.2,782.0,42.4,Critical Heat,#e53935,34.6 °C (ΔT: +0.5 °C),42.4 °C (Critical Heat),Activate municipal misting fans,"🔥 CRITICAL: Activate municipal misting fans, set up ORS hydration booths, advise elderly/children to remain indoors, halt non-essential outdoor work."
066N,Ward 066N (West Delhi),North Delhi MCD,West Delhi,28.6838,77.1251,3.88,1.03,0.123,0.71,13.9,18239,29.7,30.7,73.5,5.9,768.0,37.1,Moderate Risk,#fb8c00,30.7 °C (ΔT: +1.0 °C),37.1 °C (Moderate Risk),Enforce hydration breaks for outdoor workers,"⚠️ ADVISORY: Enforce hydration breaks for outdoor workers, distribute ORS at transit hubs, maintain continuous water supplies in high-density settlements.",30.1,31.1,74.9,2.9,658.0,38.0,Critical Heat,#e53935,31.1 °C (ΔT: +1.0 °C),38.0 °C (Critical Heat),Activate municipal misting fans,"🔥 CRITICAL: Activate municipal misting fans, set up ORS hydration booths, advise elderly/children to remain indoors, halt non-essential outdoor work.",32.6,33.6,69.4,7.2,732.0,40.4,Critical Heat,#e53935,33.6 °C (ΔT: +1.0 °C),40.4 °C (Critical Heat),Activate municipal misting fans,"🔥 CRITICAL: Activate municipal misting fans, set up ORS hydration booths, advise elderly/children to remain indoors, halt non-essential outdoor work.",34.1,35.1,63.2,9.1,734.0,41.6,Critical Heat,#e53935,35.1 °C (ΔT: +1.0 °C),41.6 °C (Critical Heat),Activate municipal misting fans,"🔥 CRITICAL: Activate municipal misting fans, set up ORS hydration booths, advise elderly/children to remain indoors, halt non-essential outdoor work.",35.2,36.2,55.8,9.2,786.0,42.4,Critical Heat,#e53935,36.2 °C (ΔT: +1.0 °C),42.4 °C (Critical Heat),Activate municipal misting fans,"🔥 CRITICAL: Activate municipal misting fans, set up ORS hydration booths, advise elderly/children to remain indoors, halt non-essential outdoor work.",35.2,36.2,67.3,6.8,786.0,44.0,Extreme Danger,#8b0000,36.2 °C (ΔT: +1.0 °C),44.0 °C (Extreme Danger),Open 24/7 cooling centers,"🚨 EMERGENCY: Open 24/7 cooling centers, halt outdoor labor (11am-4pm), dispatch emergency water tankers to slum clusters, activate hospital heat-stroke protocols.",35.2,36.2,67.3,6.8,786.0,44.0,Extreme Danger,#8b0000,36.2 °C (ΔT: +1.0 °C),44.0 °C (Extreme Danger),Open 24/7 cooling centers,"🚨 EMERGENCY: Open 24/7 cooling centers, halt outdoor labor (11am-4pm), dispatch emergency water tankers to slum clusters, activate hospital heat-stroke protocols."
064N,Ward 064N (North West Delhi),North Delhi MCD,North West Delhi,28.7039,77.1468,2.74,0.72,0.184,0.63,16.4,10318,29.3,30.0,77.3,6.0,770.0,36.5,Moderate Risk,#fb8c00,30.0 °C (ΔT: +0.7 °C),36.5 °C (Moderate Risk),Enforce hydration breaks for outdoor workers,"⚠️ ADVISORY: Enforce hydration breaks for outdoor workers, distribute ORS at transit hubs, maintain continuous water supplies in high-density settlements.",29.4,30.1,80.0,2.8,632.0,36.9,Moderate Risk,#fb8c00,30.1 °C (ΔT: +0.7 °C),36.9 °C (Moderate Risk),Enforce hydration breaks for outdoor workers,"⚠️ ADVISORY: Enforce hydration breaks for outdoor workers, distribute ORS at transit hubs, maintain continuous water supplies in high-density settlements.",31.8,32.5,75.1,6.5,731.0,39.5,Critical Heat,#e53935,32.5 °C (ΔT: +0.7 °C),39.5 °C (Critical Heat),Activate municipal misting fans,"🔥 CRITICAL: Activate municipal misting fans, set up ORS hydration booths, advise elderly/children to remain indoors, halt non-essential outdoor work.",33.1,33.8,69.8,8.0,736.0,40.6,Critical Heat,#e53935,33.8 °C (ΔT: +0.7 °C),40.6 °C (Critical Heat),Activate municipal misting fans,"🔥 CRITICAL: Activate municipal misting fans, set up ORS hydration booths, advise elderly/children to remain indoors, halt non-essential outdoor work.",34.1,34.8,63.0,8.0,782.0,41.4,Critical Heat,#e53935,34.8 °C (ΔT: +0.7 °C),41.4 °C (Critical Heat),Activate municipal misting fans,"🔥 CRITICAL: Activate municipal misting fans, set up ORS hydration booths, advise elderly/children to remain indoors, halt non-essential outdoor work.",34.1,34.8,73.1,6.2,782.0,42.7,Critical Heat,#e53935,34.8 °C (ΔT: +0.7 °C),42.7 °C (Critical Heat),Activate municipal misting fans,"🔥 CRITICAL: Activate municipal misting fans, set up ORS hydration booths, advise elderly/children to remain indoors, halt non-essential outdoor work.",34.1,34.8,73.1,6.2,782.0,42.7,Critical Heat,#e53935,34.8 °C (ΔT: +0.7 °C),42.7 °C (Critical Heat),Activate municipal misting fans,"🔥 CRITICAL: Activate municipal misting fans, set up ORS hydration booths, advise elderly/children to remain indoors, halt non-essential outdoor work."
063N,Ward 063N (North Delhi),North Delhi MCD,North Delhi,28.7102,77.1637,2.42,0.55,0.209,0.67,12.9,16699,28.5,29.1,78.3,5.6,758.0,35.4,Moderate Risk,#fb8c00,29.1 °C (ΔT: +0.6 °C),35.4 °C (Moderate Risk),Enforce hydration breaks for outdoor workers,"⚠️ ADVISORY: Enforce hydration breaks for outdoor workers, distribute ORS at transit hubs, maintain continuous water supplies in high-density settlements.",29.5,30.1,79.5,2.3,636.0,37.0,Moderate Risk,#fb8c00,30.1 °C (ΔT: +0.6 °C),37.0 °C (Moderate Risk),Enforce hydration breaks for outdoor workers,"⚠️ ADVISORY: Enforce hydration breaks for outdoor workers, distribute ORS at transit hubs, maintain continuous water supplies in high-density settlements.",31.9,32.4,72.1,6.4,730.0,39.1,Critical Heat,#e53935,32.4 °C (ΔT: +0.6 °C),39.1 °C (Critical Heat),Activate municipal misting fans,"🔥 CRITICAL: Activate municipal misting fans, set up ORS hydration booths, advise elderly/children to remain indoors, halt non-essential outdoor work.",33.5,34.0,64.8,8.6,749.0,40.4,Critical Heat,#e53935,34.0 °C (ΔT: +0.6 °C),40.4 °C (Critical Heat),Activate municipal misting fans,"🔥 CRITICAL: Activate municipal misting fans, set up ORS hydration booths, advise elderly/children to remain indoors, halt non-essential outdoor work.",34.9,35.4,56.9,8.7,781.0,41.5,Critical Heat,#e53935,35.4 °C (ΔT: +0.6 °C),41.5 °C (Critical Heat),Activate municipal misting fans,"🔥 CRITICAL: Activate municipal misting fans, set up ORS hydration booths, advise elderly/children to remain indoors, halt non-essential outdoor work.",34.9,35.4,70.3,6.3,781.0,43.2,Extreme Danger,#8b0000,35.4 °C (ΔT: +0.6 °C),43.2 °C (Extreme Danger),Open 24/7 cooling centers,"🚨 EMERGENCY: Open 24/7 cooling centers, halt outdoor labor (11am-4pm), dispatch emergency water tankers to slum clusters, activate hospital heat-stroke protocols.",34.9,35.4,70.3,6.3,781.0,43.2,Extreme Danger,#8b0000,35.4 °C (ΔT: +0.6 °C),43.2 °C (Extreme Danger),Open 24/7 cooling centers,"🚨 EMERGENCY: Open 24/7 cooling centers, halt outdoor labor (11am-4pm), dispatch emergency water tankers to slum clusters, activate hospital heat-stroke protocols."
062N,Ward 062N (North Delhi),North Delhi MCD,North Delhi,28.7194,77.1564,1.68,0.86,0.144,0.69,13.0,12315,28.5,29.4,78.3,5.6,758.0,35.8,Moderate Risk,#fb8c00,29.4 °C (ΔT: +0.9 °C),35.8 °C (Moderate Risk),Enforce hydration breaks for outdoor workers,"⚠️ ADVISORY: Enforce hydration breaks for outdoor workers, distribute ORS at transit hubs, maintain continuous water supplies in high-density settlements.",29.5,30.4,79.5,2.3,636.0,37.4,Moderate Risk,#fb8c00,30.4 °C (ΔT: +0.9 °C),37.4 °C (Moderate Risk),Enforce hydration breaks for outdoor workers,"⚠️ ADVISORY: Enforce hydration breaks for outdoor workers, distribute ORS at transit hubs, maintain continuous water supplies in high-density settlements.",31.9,32.8,72.1,6.4,730.0,39.7,Critical Heat,#e53935,32.8 °C (ΔT: +0.9 °C),39.7 °C (Critical Heat),Activate municipal misting fans,"🔥 CRITICAL: Activate municipal misting fans, set up ORS hydration booths, advise elderly/children to remain indoors, halt non-essential outdoor work.",33.5,34.4,64.8,8.6,749.0,40.9,Critical Heat,#e53935,34.4 °C (ΔT: +0.9 °C),40.9 °C (Critical Heat),Activate municipal misting fans,"🔥 CRITICAL: Activate municipal misting fans, set up ORS hydration booths, advise elderly/children to remain indoors, halt non-essential outdoor work.",34.9,35.8,56.9,8.7,781.0,42.1,Critical Heat,#e53935,35.8 °C (ΔT: +0.9 °C),42.1 °C (Critical Heat),Activate municipal misting fans,"🔥 CRITICAL: Activate municipal misting fans, set up ORS hydration booths, advise elderly/children to remain indoors, halt non-essential outdoor work.",34.9,35.8,70.3,6.3,781.0,43.8,Extreme Danger,#8b0000,35.8 °C (ΔT: +0.9 °C),43.8 °C (Extreme Danger),Open 24/7 cooling centers,"🚨 EMERGENCY: Open 24/7 cooling centers, halt outdoor labor (11am-4pm), dispatch emergency water tankers to slum clusters, activate hospital heat-stroke protocols.",34.9,35.8,70.3,6.3,781.0,43.8,Extreme Danger,#8b0000,35.8 °C (ΔT: +0.9 °C),43.8 °C (Extreme Danger),Open 24/7 cooling centers,"🚨 EMERGENCY: Open 24/7 cooling centers, halt outdoor labor (11am-4pm), dispatch emergency water tankers to slum clusters, activate hospital heat-stroke protocols."
061N,Ward 061N (North Delhi),North Delhi MCD,North Delhi,28.7205,77.1471,2.49,0.8,0.184,0.69,14.9,13289,28.5,29.3,78.3,5.6,758.0,35.6,Moderate Risk,#fb8c00,29.3 °C (ΔT: +0.8 °C),35.6 °C (Moderate Risk),Enforce hydration breaks for outdoor workers,"⚠️ ADVISORY: Enforce hydration breaks for outdoor workers, distribute ORS at transit hubs, maintain continuous water supplies in high-density settlements.",29.5,30.3,79.5,2.3,636.0,37.3,Moderate Risk,#fb8c00,30.3 °C (ΔT: +0.8 °C),37.3 °C (Moderate Risk),Enforce hydration breaks for outdoor workers,"⚠️ ADVISORY: Enforce hydration breaks for outdoor workers, distribute ORS at transit hubs, maintain continuous water supplies in high-density settlements.",31.9,32.7,72.1,6.4,730.0,39.5,Critical Heat,#e53935,32.7 °C (ΔT: +0.8 °C),39.5 °C (Critical Heat),Activate municipal misting fans,"🔥 CRITICAL: Activate municipal misting fans, set up ORS hydration booths, advise elderly/children to remain indoors, halt non-essential outdoor work.",33.5,34.3,64.8,8.6,749.0,40.8,Critical Heat,#e53935,34.3 °C (ΔT: +0.8 °C),40.8 °C (Critical Heat),Activate municipal misting fans,"🔥 CRITICAL: Activate municipal misting fans, set up ORS hydration booths, advise elderly/children to remain indoors, halt non-essential outdoor work.",34.9,35.7,56.9,8.7,781.0,41.9,Critical Heat,#e53935,35.7 °C (ΔT: +0.8 °C),41.9 °C (Critical Heat),Activate municipal misting fans,"🔥 CRITICAL: Activate municipal misting fans, set up ORS hydration booths, advise elderly/children to remain indoors, halt non-essential outdoor work.",34.9,35.7,70.3,6.3,781.0,43.7,Extreme Danger,#8b0000,35.7 °C (ΔT: +0.8 °C),43.7 °C (Extreme Danger),Open 24/7 cooling centers,"🚨 EMERGENCY: Open 24/7 cooling centers, halt outdoor labor (11am-4pm), dispatch emergency water tankers to slum clusters, activate hospital heat-stroke protocols.",34.9,35.7,70.3,6.3,781.0,43.7,Extreme Danger,#8b0000,35.7 °C (ΔT: +0.8 °C),43.7 °C (Extreme Danger),Open 24/7 cooling centers,"🚨 EMERGENCY: Open 24/7 cooling centers, halt outdoor labor (11am-4pm), dispatch emergency water tankers to slum clusters, activate hospital heat-stroke protocols."
022N,Ward 022N (North Delhi),North Delhi MCD,North Delhi,28.736,77.1657,0.84,1.14,0.204,0.76,19.5,15962,28.5,29.6,78.3,5.6,758.0,36.0,Moderate Risk,#fb8c00,29.6 °C (ΔT: +1.1 °C),36.0 °C (Moderate Risk),Enforce hydration breaks for outdoor workers,"⚠️ ADVISORY: Enforce hydration breaks for outdoor workers, distribute ORS at transit hubs, maintain continuous water supplies in high-density settlements.",29.5,30.6,79.5,2.3,636.0,37.7,Moderate Risk,#fb8c00,30.6 °C (ΔT: +1.1 °C),37.7 °C (Moderate Risk),Enforce hydration breaks for outdoor workers,"⚠️ ADVISORY: Enforce hydration breaks for outdoor workers, distribute ORS at transit hubs, maintain continuous water supplies in high-density settlements.",31.9,33.0,72.1,6.4,730.0,39.9,Critical Heat,#e53935,33.0 °C (ΔT: +1.1 °C),39.9 °C (Critical Heat),Activate municipal misting fans,"🔥 CRITICAL: Activate municipal misting fans, set up ORS hydration booths, advise elderly/children to remain indoors, halt non-essential outdoor work.",33.5,34.6,64.8,8.6,749.0,41.2,Critical Heat,#e53935,34.6 °C (ΔT: +1.1 °C),41.2 °C (Critical Heat),Activate municipal misting fans,"🔥 CRITICAL: Activate municipal misting fans, set up ORS hydration booths, advise elderly/children to remain indoors, halt non-essential outdoor work.",34.9,36.0,56.9,8.7,781.0,42.3,Critical Heat,#e53935,36.0 °C (ΔT: +1.1 °C),42.3 °C (Critical Heat),Activate municipal misting fans,"🔥 CRITICAL: Activate municipal misting fans, set up ORS hydration booths, advise elderly/children to remain indoors, halt non-essential outdoor work.",34.9,36.0,70.3,6.3,781.0,44.1,Extreme Danger,#8b0000,36.0 °C (ΔT: +1.1 °C),44.1 °C (Extreme Danger),Open 24/7 cooling centers,"🚨 EMERGENCY: Open 24/7 cooling centers, halt outdoor labor (11am-4pm), dispatch emergency water tankers to slum clusters, activate hospital heat-stroke protocols.",34.9,36.0,70.3,6.3,781.0,44.1,Extreme Danger,#8b0000,36.0 °C (ΔT: +1.1 °C),44.1 °C (Extreme Danger),Open 24/7 cooling centers,"🚨 EMERGENCY: Open 24/7 cooling centers, halt outdoor labor (11am-4pm), dispatch emergency water tankers to slum clusters, activate hospital heat-stroke protocols."
021N,Ward 021N (North Delhi),North Delhi MCD,North Delhi,28.7331,77.1723,0.49,1.17,0.159,0.75,17.2,17255,28.5,29.7,78.3,5.6,758.0,36.2,Moderate Risk,#fb8c00,29.7 °C (ΔT: +1.2 °C),36.2 °C (Moderate Risk),Enforce hydration breaks for outdoor workers,"⚠️ ADVISORY: Enforce hydration breaks for outdoor workers, distribute ORS at transit hubs, maintain continuous water supplies in high-density settlements.",29.5,30.7,79.5,2.3,636.0,37.8,Moderate Risk,#fb8c00,30.7 °C (ΔT: +1.2 °C),37.8 °C (Moderate Risk),Enforce hydration breaks for outdoor workers,"⚠️ ADVISORY: Enforce hydration breaks for outdoor workers, distribute ORS at transit hubs, maintain continuous water supplies in high-density settlements.",31.9,33.1,72.1,6.4,730.0,40.1,Critical Heat,#e53935,33.1 °C (ΔT: +1.2 °C),40.1 °C (Critical Heat),Activate municipal misting fans,"🔥 CRITICAL: Activate municipal misting fans, set up ORS hydration booths, advise elderly/children to remain indoors, halt non-essential outdoor work.",33.5,34.7,64.8,8.6,749.0,41.3,Critical Heat,#e53935,34.7 °C (ΔT: +1.2 °C),41.3 °C (Critical Heat),Activate municipal misting fans,"🔥 CRITICAL: Activate municipal misting fans, set up ORS hydration booths, advise elderly/children to remain indoors, halt non-essential outdoor work.",34.9,36.1,56.9,8.7,781.0,42.5,Critical Heat,#e53935,36.1 °C (ΔT: +1.2 °C),42.5 °C (Critical Heat),Activate municipal misting fans,"🔥 CRITICAL: Activate municipal misting fans, set up ORS hydration booths, advise elderly/children to remain indoors, halt non-essential outdoor work.",34.9,36.1,70.3,6.3,781.0,44.2,Extreme Danger,#8b0000,36.1 °C (ΔT: +1.2 °C),44.2 °C (Extreme Danger),Open 24/7 cooling centers,"🚨 EMERGENCY: Open 24/7 cooling centers, halt outdoor labor (11am-4pm), dispatch emergency water tankers to slum clusters, activate hospital heat-stroke protocols.",34.9,36.1,70.3,6.3,781.0,44.2,Extreme Danger,#8b0000,36.1 °C (ΔT: +1.2 °C),44.2 °C (Extreme Danger),Open 24/7 cooling centers,"🚨 EMERGENCY: Open 24/7 cooling centers, halt outdoor labor (11am-4pm), dispatch emergency water tankers to slum clusters, activate hospital heat-stroke protocols."
016N,Ward 016N (North Delhi),North Delhi MCD,North Delhi,28.7291,77.1638,1.77,0.82,0.145,0.66,13.8,16304,28.5,29.3,78.3,5.6,758.0,35.6,Moderate Risk,#fb8c00,29.3 °C (ΔT: +0.8 °C),35.6 °C (Moderate Risk),Enforce hydration breaks for outdoor workers,"⚠️ ADVISORY: Enforce hydration breaks for outdoor workers, distribute ORS at transit hubs, maintain continuous water supplies in high-density settlements.",29.5,30.3,79.5,2.3,636.0,37.3,Moderate Risk,#fb8c00,30.3 °C (ΔT: +0.8 °C),37.3 °C (Moderate Risk),Enforce hydration breaks for outdoor workers,"⚠️ ADVISORY: Enforce hydration breaks for outdoor workers, distribute ORS at transit hubs, maintain continuous water supplies in high-density settlements.",31.9,32.7,72.1,6.4,730.0,39.5,Critical Heat,#e53935,32.7 °C (ΔT: +0.8 °C),39.5 °C (Critical Heat),Activate municipal misting fans,"🔥 CRITICAL: Activate municipal misting fans, set up ORS hydration booths, advise elderly/children to remain indoors, halt non-essential outdoor work.",33.5,34.3,64.8,8.6,749.0,40.8,Critical Heat,#e53935,34.3 °C (ΔT: +0.8 °C),40.8 °C (Critical Heat),Activate municipal misting fans,"🔥 CRITICAL: Activate municipal misting fans, set up ORS hydration booths, advise elderly/children to remain indoors, halt non-essential outdoor work.",34.9,35.7,56.9,8.7,781.0,41.9,Critical Heat,#e53935,35.7 °C (ΔT: +0.8 °C),41.9 °C (Critical Heat),Activate municipal misting fans,"🔥 CRITICAL: Activate municipal misting fans, set up ORS hydration booths, advise elderly/children to remain indoors, halt non-essential outdoor work.",34.9,35.7,70.3,6.3,781.0,43.7,Extreme Danger,#8b0000,35.7 °C (ΔT: +0.8 °C),43.7 °C (Extreme Danger),Open 24/7 cooling centers,"🚨 EMERGENCY: Open 24/7 cooling centers, halt outdoor labor (11am-4pm), dispatch emergency water tankers to slum clusters, activate hospital heat-stroke protocols.",34.9,35.7,70.3,6.3,781.0,43.7,Extreme Danger,#8b0000,35.7 °C (ΔT: +0.8 °C),43.7 °C (Extreme Danger),Open 24/7 cooling centers,"🚨 EMERGENCY: Open 24/7 cooling centers, halt outdoor labor (11am-4pm), dispatch emergency water tankers to slum clusters, activate hospital heat-stroke protocols."
011N,Ward 011N (North Delhi),North Delhi MCD,North Delhi,28.7379,77.1808,1.8,0.77,0.208,0.68,16.6,12311,28.5,29.3,78.3,5.6,758.0,35.6,Moderate Risk,#fb8c00,29.3 °C (ΔT: +0.8 °C),35.6 °C (Moderate Risk),Enforce hydration breaks for outdoor workers,"⚠️ ADVISORY: Enforce hydration breaks for outdoor workers, distribute ORS at transit hubs, maintain continuous water supplies in high-density settlements.",29.5,30.3,79.5,2.3,636.0,37.3,Moderate Risk,#fb8c00,30.3 °C (ΔT: +0.8 °C),37.3 °C (Moderate Risk),Enforce hydration breaks for outdoor workers,"⚠️ ADVISORY: Enforce hydration breaks for outdoor workers, distribute ORS at transit hubs, maintain continuous water supplies in high-density settlements.",31.9,32.7,72.1,6.4,730.0,39.5,Critical Heat,#e53935,32.7 °C (ΔT: +0.8 °C),39.5 °C (Critical Heat),Activate municipal misting fans,"🔥 CRITICAL: Activate municipal misting fans, set up ORS hydration booths, advise elderly/children to remain indoors, halt non-essential outdoor work.",33.5,34.3,64.8,8.6,749.0,40.8,Critical Heat,#e53935,34.3 °C (ΔT: +0.8 °C),40.8 °C (Critical Heat),Activate municipal misting fans,"🔥 CRITICAL: Activate municipal misting fans, set up ORS hydration booths, advise elderly/children to remain indoors, halt non-essential outdoor work.",34.9,35.7,56.9,8.7,781.0,41.9,Critical Heat,#e53935,35.7 °C (ΔT: +0.8 °C),41.9 °C (Critical Heat),Activate municipal misting fans,"🔥 CRITICAL: Activate municipal misting fans, set up ORS hydration booths, advise elderly/children to remain indoors, halt non-essential outdoor work.",34.9,35.7,70.3,6.3,781.0,43.7,Extreme Danger,#8b0000,35.7 °C (ΔT: +0.8 °C),43.7 °C (Extreme Danger),Open 24/7 cooling centers,"🚨 EMERGENCY: Open 24/7 cooling centers, halt outdoor labor (11am-4pm), dispatch emergency water tankers to slum clusters, activate hospital heat-stroke protocols.",34.9,35.7,70.3,6.3,781.0,43.7,Extreme Danger,#8b0000,35.7 °C (ΔT: +0.8 °C),43.7 °C (Extreme Danger),Open 24/7 cooling centers,"🚨 EMERGENCY: Open 24/7 cooling centers, halt outdoor labor (11am-4pm), dispatch emergency water tankers to slum clusters, activate hospital heat-stroke protocols."
024N,Ward 024N (North West Delhi),North Delhi MCD,North West Delhi,28.7406,77.1228,1.78,0.89,0.186,0.67,17.8,7035,29.3,30.2,77.3,6.0,770.0,36.7,Moderate Risk,#fb8c00,30.2 °C (ΔT: +0.9 °C),36.7 °C (Moderate Risk),Enforce hydration breaks for outdoor workers,"⚠️ ADVISORY: Enforce hydration breaks for outdoor workers, distribute ORS at transit hubs, maintain continuous water supplies in high-density settlements.",29.4,30.3,80.0,2.8,632.0,37.2,Moderate Risk,#fb8c00,30.3 °C (ΔT: +0.9 °C),37.2 °C (Moderate Risk),Enforce hydration breaks for outdoor workers,"⚠️ ADVISORY: Enforce hydration breaks for outdoor workers, distribute ORS at transit hubs, maintain continuous water supplies in high-density settlements.",31.8,32.7,75.1,6.5,731.0,39.8,Critical Heat,#e53935,32.7 °C (ΔT: +0.9 °C),39.8 °C (Critical Heat),Activate municipal misting fans,"🔥 CRITICAL: Activate municipal misting fans, set up ORS hydration booths, advise elderly/children to remain indoors, halt non-essential outdoor work.",33.1,34.0,69.8,8.0,736.0,40.9,Critical Heat,#e53935,34.0 °C (ΔT: +0.9 °C),40.9 °C (Critical Heat),Activate municipal misting fans,"🔥 CRITICAL: Activate municipal misting fans, set up ORS hydration booths, advise elderly/children to remain indoors, halt non-essential outdoor work.",34.1,35.0,63.0,8.0,782.0,41.7,Critical Heat,#e53935,35.0 °C (ΔT: +0.9 °C),41.7 °C (Critical Heat),Activate municipal misting fans,"🔥 CRITICAL: Activate municipal misting fans, set up ORS hydration booths, advise elderly/children to remain indoors, halt non-essential outdoor work.",34.1,35.0,73.1,6.2,782.0,43.0,Extreme Danger,#8b0000,35.0 °C (ΔT: +0.9 °C),43.0 °C (Extreme Danger),Open 24/7 cooling centers,"🚨 EMERGENCY: Open 24/7 cooling centers, halt outdoor labor (11am-4pm), dispatch emergency water tankers to slum clusters, activate hospital heat-stroke protocols.",34.1,35.0,73.1,6.2,782.0,43.0,Extreme Danger,#8b0000,35.0 °C (ΔT: +0.9 °C),43.0 °C (Extreme Danger),Open 24/7 cooling centers,"🚨 EMERGENCY: Open 24/7 cooling centers, halt outdoor labor (11am-4pm), dispatch emergency water tankers to slum clusters, activate hospital heat-stroke protocols."
025N,Ward 025N (North West Delhi),North Delhi MCD,North West Delhi,28.7269,77.1123,5.67,0.44,0.228,0.63,14.2,6348,29.3,29.7,77.3,6.0,770.0,36.1,Moderate Risk,#fb8c00,29.7 °C (ΔT: +0.4 °C),36.1 °C (Moderate Risk),Enforce hydration breaks for outdoor workers,"⚠️ ADVISORY: Enforce hydration breaks for outdoor workers, distribute ORS at transit hubs, maintain continuous water supplies in high-density settlements.",29.4,29.8,80.0,2.8,632.0,36.5,Moderate Risk,#fb8c00,29.8 °C (ΔT: +0.4 °C),36.5 °C (Moderate Risk),Enforce hydration breaks for outdoor workers,"⚠️ ADVISORY: Enforce hydration breaks for outdoor workers, distribute ORS at transit hubs, maintain continuous water supplies in high-density settlements.",31.8,32.2,75.1,6.5,731.0,39.1,Critical Heat,#e53935,32.2 °C (ΔT: +0.4 °C),39.1 °C (Critical Heat),Activate municipal misting fans,"🔥 CRITICAL: Activate municipal misting fans, set up ORS hydration booths, advise elderly/children to remain indoors, halt non-essential outdoor work.",33.1,33.5,69.8,8.0,736.0,40.2,Critical Heat,#e53935,33.5 °C (ΔT: +0.4 °C),40.2 °C (Critical Heat),Activate municipal misting fans,"🔥 CRITICAL: Activate municipal misting fans, set up ORS hydration booths, advise elderly/children to remain indoors, halt non-essential outdoor work.",34.1,34.5,63.0,8.0,782.0,41.0,Critical Heat,#e53935,34.5 °C (ΔT: +0.4 °C),41.0 °C (Critical Heat),Activate municipal misting fans,"🔥 CRITICAL: Activate municipal misting fans, set up ORS hydration booths, advise elderly/children to remain indoors, halt non-essential outdoor work.",34.1,34.5,73.1,6.2,782.0,42.3,Critical Heat,#e53935,34.5 °C (ΔT: +0.4 °C),42.3 °C (Critical Heat),Activate municipal misting fans,"🔥 CRITICAL: Activate municipal misting fans, set up ORS hydration booths, advise elderly/children to remain indoors, halt non-essential outdoor work.",34.1,34.5,73.1,6.2,782.0,42.3,Critical Heat,#e53935,34.5 °C (ΔT: +0.4 °C),42.3 °C (Critical Heat),Activate municipal misting fans,"🔥 CRITICAL: Activate municipal misting fans, set up ORS hydration booths, advise elderly/children to remain indoors, halt non-essential outdoor work."
027N,Ward 027N (North West Delhi),North Delhi MCD,North West Delhi,28.7119,77.0874,1.21,0.7,0.225,0.64,18.7,8601,29.3,30.0,77.3,6.0,770.0,36.5,Moderate Risk,#fb8c00,30.0 °C (ΔT: +0.7 °C),36.5 °C (Moderate Risk),Enforce hydration breaks for outdoor workers,"⚠️ ADVISORY: Enforce hydration breaks for outdoor workers, distribute ORS at transit hubs, maintain continuous water supplies in high-density settlements.",29.4,30.1,80.0,2.8,632.0,36.9,Moderate Risk,#fb8c00,30.1 °C (ΔT: +0.7 °C),36.9 °C (Moderate Risk),Enforce hydration breaks for outdoor workers,"⚠️ ADVISORY: Enforce hydration breaks for outdoor workers, distribute ORS at transit hubs, maintain continuous water supplies in high-density settlements.",31.8,32.5,75.1,6.5,731.0,39.5,Critical Heat,#e53935,32.5 °C (ΔT: +0.7 °C),39.5 °C (Critical Heat),Activate municipal misting fans,"🔥 CRITICAL: Activate municipal misting fans, set up ORS hydration booths, advise elderly/children to remain indoors, halt non-essential outdoor work.",33.1,33.8,69.8,8.0,736.0,40.6,Critical Heat,#e53935,33.8 °C (ΔT: +0.7 °C),40.6 °C (Critical Heat),Activate municipal misting fans,"🔥 CRITICAL: Activate municipal misting fans, set up ORS hydration booths, advise elderly/children to remain indoors, halt non-essential outdoor work.",34.1,34.8,63.0,8.0,782.0,41.4,Critical Heat,#e53935,34.8 °C (ΔT: +0.7 °C),41.4 °C (Critical Heat),Activate municipal misting fans,"🔥 CRITICAL: Activate municipal misting fans, set up ORS hydration booths, advise elderly/children to remain indoors, halt non-essential outdoor work.",34.1,34.8,73.1,6.2,782.0,42.7,Critical Heat,#e53935,34.8 °C (ΔT: +0.7 °C),42.7 °C (Critical Heat),Activate municipal misting fans,"🔥 CRITICAL: Activate municipal misting fans, set up ORS hydration booths, advise elderly/children to remain indoors, halt non-essential outdoor work.",34.1,34.8,73.1,6.2,782.0,42.7,Critical Heat,#e53935,34.8 °C (ΔT: +0.7 °C),42.7 °C (Critical Heat),Activate municipal misting fans,"🔥 CRITICAL: Activate municipal misting fans, set up ORS hydration booths, advise elderly/children to remain indoors, halt non-essential outdoor work."
046N,Ward 046N (North West Delhi),North Delhi MCD,North West Delhi,28.7008,77.0889,0.45,0.55,0.218,0.6,17.2,10605,29.3,29.9,77.3,6.0,770.0,36.3,Moderate Risk,#fb8c00,29.9 °C (ΔT: +0.6 °C),36.3 °C (Moderate Risk),Enforce hydration breaks for outdoor workers,"⚠️ ADVISORY: Enforce hydration breaks for outdoor workers, distribute ORS at transit hubs, maintain continuous water supplies in high-density settlements.",29.4,29.9,80.0,2.8,632.0,36.7,Moderate Risk,#fb8c00,29.9 °C (ΔT: +0.6 °C),36.7 °C (Moderate Risk),Enforce hydration breaks for outdoor workers,"⚠️ ADVISORY: Enforce hydration breaks for outdoor workers, distribute ORS at transit hubs, maintain continuous water supplies in high-density settlements.",31.8,32.4,75.1,6.5,731.0,39.4,Critical Heat,#e53935,32.4 °C (ΔT: +0.6 °C),39.4 °C (Critical Heat),Activate municipal misting fans,"🔥 CRITICAL: Activate municipal misting fans, set up ORS hydration booths, advise elderly/children to remain indoors, halt non-essential outdoor work.",33.1,33.6,69.8,8.0,736.0,40.3,Critical Heat,#e53935,33.6 °C (ΔT: +0.6 °C),40.3 °C (Critical Heat),Activate municipal misting fans,"🔥 CRITICAL: Activate municipal misting fans, set up ORS hydration booths, advise elderly/children to remain indoors, halt non-essential outdoor work.",34.1,34.6,63.0,8.0,782.0,41.2,Critical Heat,#e53935,34.6 °C (ΔT: +0.6 °C),41.2 °C (Critical Heat),Activate municipal misting fans,"🔥 CRITICAL: Activate municipal misting fans, set up ORS hydration booths, advise elderly/children to remain indoors, halt non-essential outdoor work.",34.1,34.6,73.1,6.2,782.0,42.4,Critical Heat,#e53935,34.6 °C (ΔT: +0.6 °C),42.4 °C (Critical Heat),Activate municipal misting fans,"🔥 CRITICAL: Activate municipal misting fans, set up ORS hydration booths, advise elderly/children to remain indoors, halt non-essential outdoor work.",34.1,34.6,73.1,6.2,782.0,42.4,Critical Heat,#e53935,34.6 °C (ΔT: +0.6 °C),42.4 °C (Critical Heat),Activate municipal misting fans,"🔥 CRITICAL: Activate municipal misting fans, set up ORS hydration booths, advise elderly/children to remain indoors, halt non-essential outdoor work."
054N,Ward 054N (North West Delhi),North Delhi MCD,North West Delhi,28.6945,77.098,1.23,0.78,0.189,0.67,16.0,6683,29.3,30.1,77.3,6.0,770.0,36.6,Moderate Risk,#fb8c00,30.1 °C (ΔT: +0.8 °C),36.6 °C (Moderate Risk),Enforce hydration breaks for outdoor workers,"⚠️ ADVISORY: Enforce hydration breaks for outdoor workers, distribute ORS at transit hubs, maintain continuous water supplies in high-density settlements.",29.4,30.2,80.0,2.8,632.0,37.1,Moderate Risk,#fb8c00,30.2 °C (ΔT: +0.8 °C),37.1 °C (Moderate Risk),Enforce hydration breaks for outdoor workers,"⚠️ ADVISORY: Enforce hydration breaks for outdoor workers, distribute ORS at transit hubs, maintain continuous water supplies in high-density settlements.",31.8,32.6,75.1,6.5,731.0,39.6,Critical Heat,#e53935,32.6 °C (ΔT: +0.8 °C),39.6 °C (Critical Heat),Activate municipal misting fans,"🔥 CRITICAL: Activate municipal misting fans, set up ORS hydration booths, advise elderly/children to remain indoors, halt non-essential outdoor work.",33.1,33.9,69.8,8.0,736.0,40.7,Critical Heat,#e53935,33.9 °C (ΔT: +0.8 °C),40.7 °C (Critical Heat),Activate municipal misting fans,"🔥 CRITICAL: Activate municipal misting fans, set up ORS hydration booths, advise elderly/children to remain indoors, halt non-essential outdoor work.",34.1,34.9,63.0,8.0,782.0,41.6,Critical Heat,#e53935,34.9 °C (ΔT: +0.8 °C),41.6 °C (Critical Heat),Activate municipal misting fans,"🔥 CRITICAL: Activate municipal misting fans, set up ORS hydration booths, advise elderly/children to remain indoors, halt non-essential outdoor work.",34.1,34.9,73.1,6.2,782.0,42.8,Critical Heat,#e53935,34.9 °C (ΔT: +0.8 °C),42.8 °C (Critical Heat),Activate municipal misting fans,"🔥 CRITICAL: Activate municipal misting fans, set up ORS hydration booths, advise elderly/children to remain indoors, halt non-essential outdoor work.",34.1,34.9,73.1,6.2,782.0,42.8,Critical Heat,#e53935,34.9 °C (ΔT: +0.8 °C),42.8 °C (Critical Heat),Activate municipal misting fans,"🔥 CRITICAL: Activate municipal misting fans, set up ORS hydration booths, advise elderly/children to remain indoors, halt non-essential outdoor work."
026N,Ward 026N (North West Delhi),North Delhi MCD,North West Delhi,28.7097,77.097,1.62,0.7,0.246,0.64,20.2,10912,29.3,30.0,77.3,6.0,770.0,36.5,Moderate Risk,#fb8c00,30.0 °C (ΔT: +0.7 °C),36.5 °C (Moderate Risk),Enforce hydration breaks for outdoor workers,"⚠️ ADVISORY: Enforce hydration breaks for outdoor workers, distribute ORS at transit hubs, maintain continuous water supplies in high-density settlements.",29.4,30.1,80.0,2.8,632.0,36.9,Moderate Risk,#fb8c00,30.1 °C (ΔT: +0.7 °C),36.9 °C (Moderate Risk),Enforce hydration breaks for outdoor workers,"⚠️ ADVISORY: Enforce hydration breaks for outdoor workers, distribute ORS at transit hubs, maintain continuous water supplies in high-density settlements.",31.8,32.5,75.1,6.5,731.0,39.5,Critical Heat,#e53935,32.5 °C (ΔT: +0.7 °C),39.5 °C (Critical Heat),Activate municipal misting fans,"🔥 CRITICAL: Activate municipal misting fans, set up ORS hydration booths, advise elderly/children to remain indoors, halt non-essential outdoor work.",33.1,33.8,69.8,8.0,736.0,40.6,Critical Heat,#e53935,33.8 °C (ΔT: +0.7 °C),40.6 °C (Critical Heat),Activate municipal misting fans,"🔥 CRITICAL: Activate municipal misting fans, set up ORS hydration booths, advise elderly/children to remain indoors, halt non-essential outdoor work.",34.1,34.8,63.0,8.0,782.0,41.4,Critical Heat,#e53935,34.8 °C (ΔT: +0.7 °C),41.4 °C (Critical Heat),Activate municipal misting fans,"🔥 CRITICAL: Activate municipal misting fans, set up ORS hydration booths, advise elderly/children to remain indoors, halt non-essential outdoor work.",34.1,34.8,73.1,6.2,782.0,42.7,Critical Heat,#e53935,34.8 °C (ΔT: +0.7 °C),42.7 °C (Critical Heat),Activate municipal misting fans,"🔥 CRITICAL: Activate municipal misting fans, set up ORS hydration booths, advise elderly/children to remain indoors, halt non-essential outdoor work.",34.1,34.8,73.1,6.2,782.0,42.7,Critical Heat,#e53935,34.8 °C (ΔT: +0.7 °C),42.7 °C (Critical Heat),Activate municipal misting fans,"🔥 CRITICAL: Activate municipal misting fans, set up ORS hydration booths, advise elderly/children to remain indoors, halt non-essential outdoor work."
053N,Ward 053N (North West Delhi),North Delhi MCD,North West Delhi,28.704,77.1081,2.01,0.61,0.243,0.68,16.2,9327,29.3,29.9,77.3,6.0,770.0,36.3,Moderate Risk,#fb8c00,29.9 °C (ΔT: +0.6 °C),36.3 °C (Moderate Risk),Enforce hydration breaks for outdoor workers,"⚠️ ADVISORY: Enforce hydration breaks for outdoor workers, distribute ORS at transit hubs, maintain continuous water supplies in high-density settlements.",29.4,30.0,80.0,2.8,632.0,36.8,Moderate Risk,#fb8c00,30.0 °C (ΔT: +0.6 °C),36.8 °C (Moderate Risk),Enforce hydration breaks for outdoor workers,"⚠️ ADVISORY: Enforce hydration breaks for outdoor workers, distribute ORS at transit hubs, maintain continuous water supplies in high-density settlements.",31.8,32.4,75.1,6.5,731.0,39.4,Critical Heat,#e53935,32.4 °C (ΔT: +0.6 °C),39.4 °C (Critical Heat),Activate municipal misting fans,"🔥 CRITICAL: Activate municipal misting fans, set up ORS hydration booths, advise elderly/children to remain indoors, halt non-essential outdoor work.",33.1,33.7,69.8,8.0,736.0,40.5,Critical Heat,#e53935,33.7 °C (ΔT: +0.6 °C),40.5 °C (Critical Heat),Activate municipal misting fans,"🔥 CRITICAL: Activate municipal misting fans, set up ORS hydration booths, advise elderly/children to remain indoors, halt non-essential outdoor work.",34.1,34.7,63.0,8.0,782.0,41.3,Critical Heat,#e53935,34.7 °C (ΔT: +0.6 °C),41.3 °C (Critical Heat),Activate municipal misting fans,"🔥 CRITICAL: Activate municipal misting fans, set up ORS hydration booths, advise elderly/children to remain indoors, halt non-essential outdoor work.",34.1,34.7,73.1,6.2,782.0,42.6,Critical Heat,#e53935,34.7 °C (ΔT: +0.6 °C),42.6 °C (Critical Heat),Activate municipal misting fans,"🔥 CRITICAL: Activate municipal misting fans, set up ORS hydration booths, advise elderly/children to remain indoors, halt non-essential outdoor work.",34.1,34.7,73.1,6.2,782.0,42.6,Critical Heat,#e53935,34.7 °C (ΔT: +0.6 °C),42.6 °C (Critical Heat),Activate municipal misting fans,"🔥 CRITICAL: Activate municipal misting fans, set up ORS hydration booths, advise elderly/children to remain indoors, halt non-essential outdoor work."
059N,Ward 059N (North West Delhi),North Delhi MCD,North West Delhi,28.7075,77.121,1.77,0.68,0.229,0.69,16.0,8277,29.3,30.0,77.3,6.0,770.0,36.5,Moderate Risk,#fb8c00,30.0 °C (ΔT: +0.7 °C),36.5 °C (Moderate Risk),Enforce hydration breaks for outdoor workers,"⚠️ ADVISORY: Enforce hydration breaks for outdoor workers, distribute ORS at transit hubs, maintain continuous water supplies in high-density settlements.",29.4,30.1,80.0,2.8,632.0,36.9,Moderate Risk,#fb8c00,30.1 °C (ΔT: +0.7 °C),36.9 °C (Moderate Risk),Enforce hydration breaks for outdoor workers,"⚠️ ADVISORY: Enforce hydration breaks for outdoor workers, distribute ORS at transit hubs, maintain continuous water supplies in high-density settlements.",31.8,32.5,75.1,6.5,731.0,39.5,Critical Heat,#e53935,32.5 °C (ΔT: +0.7 °C),39.5 °C (Critical Heat),Activate municipal misting fans,"🔥 CRITICAL: Activate municipal misting fans, set up ORS hydration booths, advise elderly/children to remain indoors, halt non-essential outdoor work.",33.1,33.8,69.8,8.0,736.0,40.6,Critical Heat,#e53935,33.8 °C (ΔT: +0.7 °C),40.6 °C (Critical Heat),Activate municipal misting fans,"🔥 CRITICAL: Activate municipal misting fans, set up ORS hydration booths, advise elderly/children to remain indoors, halt non-essential outdoor work.",34.1,34.8,63.0,8.0,782.0,41.4,Critical Heat,#e53935,34.8 °C (ΔT: +0.7 °C),41.4 °C (Critical Heat),Activate municipal misting fans,"🔥 CRITICAL: Activate municipal misting fans, set up ORS hydration booths, advise elderly/children to remain indoors, halt non-essential outdoor work.",34.1,34.8,73.1,6.2,782.0,42.7,Critical Heat,#e53935,34.8 °C (ΔT: +0.7 °C),42.7 °C (Critical Heat),Activate municipal misting fans,"🔥 CRITICAL: Activate municipal misting fans, set up ORS hydration booths, advise elderly/children to remain indoors, halt non-essential outdoor work.",34.1,34.8,73.1,6.2,782.0,42.7,Critical Heat,#e53935,34.8 °C (ΔT: +0.7 °C),42.7 °C (Critical Heat),Activate municipal misting fans,"🔥 CRITICAL: Activate municipal misting fans, set up ORS hydration booths, advise elderly/children to remain indoors, halt non-essential outdoor work."
060N,Ward 060N (North West Delhi),North Delhi MCD,North West Delhi,28.718,77.1251,1.31,0.73,0.205,0.67,16.2,7150,29.3,30.0,77.3,6.0,770.0,36.5,Moderate Risk,#fb8c00,30.0 °C (ΔT: +0.7 °C),36.5 °C (Moderate Risk),Enforce hydration breaks for outdoor workers,"⚠️ ADVISORY: Enforce hydration breaks for outdoor workers, distribute ORS at transit hubs, maintain continuous water supplies in high-density settlements.",29.4,30.1,80.0,2.8,632.0,36.9,Moderate Risk,#fb8c00,30.1 °C (ΔT: +0.7 °C),36.9 °C (Moderate Risk),Enforce hydration breaks for outdoor workers,"⚠️ ADVISORY: Enforce hydration breaks for outdoor workers, distribute ORS at transit hubs, maintain continuous water supplies in high-density settlements.",31.8,32.5,75.1,6.5,731.0,39.5,Critical Heat,#e53935,32.5 °C (ΔT: +0.7 °C),39.5 °C (Critical Heat),Activate municipal misting fans,"🔥 CRITICAL: Activate municipal misting fans, set up ORS hydration booths, advise elderly/children to remain indoors, halt non-essential outdoor work.",33.1,33.8,69.8,8.0,736.0,40.6,Critical Heat,#e53935,33.8 °C (ΔT: +0.7 °C),40.6 °C (Critical Heat),Activate municipal misting fans,"🔥 CRITICAL: Activate municipal misting fans, set up ORS hydration booths, advise elderly/children to remain indoors, halt non-essential outdoor work.",34.1,34.8,63.0,8.0,782.0,41.4,Critical Heat,#e53935,34.8 °C (ΔT: +0.7 °C),41.4 °C (Critical Heat),Activate municipal misting fans,"🔥 CRITICAL: Activate municipal misting fans, set up ORS hydration booths, advise elderly/children to remain indoors, halt non-essential outdoor work.",34.1,34.8,73.1,6.2,782.0,42.7,Critical Heat,#e53935,34.8 °C (ΔT: +0.7 °C),42.7 °C (Critical Heat),Activate municipal misting fans,"🔥 CRITICAL: Activate municipal misting fans, set up ORS hydration booths, advise elderly/children to remain indoors, halt non-essential outdoor work.",34.1,34.8,73.1,6.2,782.0,42.7,Critical Heat,#e53935,34.8 °C (ΔT: +0.7 °C),42.7 °C (Critical Heat),Activate municipal misting fans,"🔥 CRITICAL: Activate municipal misting fans, set up ORS hydration booths, advise elderly/children to remain indoors, halt non-essential outdoor work."
058N,Ward 058N (North West Delhi),North Delhi MCD,North West Delhi,28.7202,77.1342,2.91,0.58,0.213,0.6,17.4,10797,29.3,29.9,77.3,6.0,770.0,36.3,Moderate Risk,#fb8c00,29.9 °C (ΔT: +0.6 °C),36.3 °C (Moderate Risk),Enforce hydration breaks for outdoor workers,"⚠️ ADVISORY: Enforce hydration breaks for outdoor workers, distribute ORS at transit hubs, maintain continuous water supplies in high-density settlements.",29.4,30.0,80.0,2.8,632.0,36.8,Moderate Risk,#fb8c00,30.0 °C (ΔT: +0.6 °C),36.8 °C (Moderate Risk),Enforce hydration breaks for outdoor workers,"⚠️ ADVISORY: Enforce hydration breaks for outdoor workers, distribute ORS at transit hubs, maintain continuous water supplies in high-density settlements.",31.8,32.4,75.1,6.5,731.0,39.4,Critical Heat,#e53935,32.4 °C (ΔT: +0.6 °C),39.4 °C (Critical Heat),Activate municipal misting fans,"🔥 CRITICAL: Activate municipal misting fans, set up ORS hydration booths, advise elderly/children to remain indoors, halt non-essential outdoor work.",33.1,33.7,69.8,8.0,736.0,40.5,Critical Heat,#e53935,33.7 °C (ΔT: +0.6 °C),40.5 °C (Critical Heat),Activate municipal misting fans,"🔥 CRITICAL: Activate municipal misting fans, set up ORS hydration booths, advise elderly/children to remain indoors, halt non-essential outdoor work.",34.1,34.7,63.0,8.0,782.0,41.3,Critical Heat,#e53935,34.7 °C (ΔT: +0.6 °C),41.3 °C (Critical Heat),Activate municipal misting fans,"🔥 CRITICAL: Activate municipal misting fans, set up ORS hydration booths, advise elderly/children to remain indoors, halt non-essential outdoor work.",34.1,34.7,73.1,6.2,782.0,42.6,Critical Heat,#e53935,34.7 °C (ΔT: +0.6 °C),42.6 °C (Critical Heat),Activate municipal misting fans,"🔥 CRITICAL: Activate municipal misting fans, set up ORS hydration booths, advise elderly/children to remain indoors, halt non-essential outdoor work.",34.1,34.7,73.1,6.2,782.0,42.6,Critical Heat,#e53935,34.7 °C (ΔT: +0.6 °C),42.6 °C (Critical Heat),Activate municipal misting fans,"🔥 CRITICAL: Activate municipal misting fans, set up ORS hydration booths, advise elderly/children to remain indoors, halt non-essential outdoor work."
102N,Ward 102N (Central Delhi),North Delhi MCD,Central Delhi,28.6417,77.1703,7.47,1.49,0.133,0.81,18.6,27581,28.5,30.0,77.5,5.2,754.0,36.6,Moderate Risk,#fb8c00,30.0 °C (ΔT: +1.5 °C),36.6 °C (Moderate Risk),Enforce hydration breaks for outdoor workers,"⚠️ ADVISORY: Enforce hydration breaks for outdoor workers, distribute ORS at transit hubs, maintain continuous water supplies in high-density settlements.",29.6,31.1,78.7,2.4,665.0,38.4,Critical Heat,#e53935,31.1 °C (ΔT: +1.5 °C),38.4 °C (Critical Heat),Activate municipal misting fans,"🔥 CRITICAL: Activate municipal misting fans, set up ORS hydration booths, advise elderly/children to remain indoors, halt non-essential outdoor work.",32.0,33.5,72.2,5.7,730.0,40.7,Critical Heat,#e53935,33.5 °C (ΔT: +1.5 °C),40.7 °C (Critical Heat),Activate municipal misting fans,"🔥 CRITICAL: Activate municipal misting fans, set up ORS hydration booths, advise elderly/children to remain indoors, halt non-essential outdoor work.",33.6,35.1,65.3,7.6,748.0,42.0,Critical Heat,#e53935,35.1 °C (ΔT: +1.5 °C),42.0 °C (Critical Heat),Activate municipal misting fans,"🔥 CRITICAL: Activate municipal misting fans, set up ORS hydration booths, advise elderly/children to remain indoors, halt non-essential outdoor work.",35.1,36.6,57.0,7.7,783.0,43.3,Extreme Danger,#8b0000,36.6 °C (ΔT: +1.5 °C),43.3 °C (Extreme Danger),Open 24/7 cooling centers,"🚨 EMERGENCY: Open 24/7 cooling centers, halt outdoor labor (11am-4pm), dispatch emergency water tankers to slum clusters, activate hospital heat-stroke protocols.",35.1,36.6,70.1,5.7,783.0,45.0,Extreme Danger,#8b0000,36.6 °C (ΔT: +1.5 °C),45.0 °C (Extreme Danger),Open 24/7 cooling centers,"🚨 EMERGENCY: Open 24/7 cooling centers, halt outdoor labor (11am-4pm), dispatch emergency water tankers to slum clusters, activate hospital heat-stroke protocols.",35.1,36.6,70.1,5.7,783.0,45.0,Extreme Danger,#8b0000,36.6 °C (ΔT: +1.5 °C),45.0 °C (Extreme Danger),Open 24/7 cooling centers,"🚨 EMERGENCY: Open 24/7 cooling centers, halt outdoor labor (11am-4pm), dispatch emergency water tankers to slum clusters, activate hospital heat-stroke protocols."
096N,Ward 096N (Central Delhi),North Delhi MCD,Central Delhi,28.6509,77.1652,1.1,1.27,0.154,0.81,15.8,25730,28.5,29.8,77.5,5.2,754.0,36.3,Moderate Risk,#fb8c00,29.8 °C (ΔT: +1.3 °C),36.3 °C (Moderate Risk),Enforce hydration breaks for outdoor workers,"⚠️ ADVISORY: Enforce hydration breaks for outdoor workers, distribute ORS at transit hubs, maintain continuous water supplies in high-density settlements.",29.6,30.9,78.7,2.4,665.0,38.1,Critical Heat,#e53935,30.9 °C (ΔT: +1.3 °C),38.1 °C (Critical Heat),Activate municipal misting fans,"🔥 CRITICAL: Activate municipal misting fans, set up ORS hydration booths, advise elderly/children to remain indoors, halt non-essential outdoor work.",32.0,33.3,72.2,5.7,730.0,40.4,Critical Heat,#e53935,33.3 °C (ΔT: +1.3 °C),40.4 °C (Critical Heat),Activate municipal misting fans,"🔥 CRITICAL: Activate municipal misting fans, set up ORS hydration booths, advise elderly/children to remain indoors, halt non-essential outdoor work.",33.6,34.9,65.3,7.6,748.0,41.8,Critical Heat,#e53935,34.9 °C (ΔT: +1.3 °C),41.8 °C (Critical Heat),Activate municipal misting fans,"🔥 CRITICAL: Activate municipal misting fans, set up ORS hydration booths, advise elderly/children to remain indoors, halt non-essential outdoor work.",35.1,36.4,57.0,7.7,783.0,43.0,Extreme Danger,#8b0000,36.4 °C (ΔT: +1.3 °C),43.0 °C (Extreme Danger),Open 24/7 cooling centers,"🚨 EMERGENCY: Open 24/7 cooling centers, halt outdoor labor (11am-4pm), dispatch emergency water tankers to slum clusters, activate hospital heat-stroke protocols.",35.1,36.4,70.1,5.7,783.0,44.7,Extreme Danger,#8b0000,36.4 °C (ΔT: +1.3 °C),44.7 °C (Extreme Danger),Open 24/7 cooling centers,"🚨 EMERGENCY: Open 24/7 cooling centers, halt outdoor labor (11am-4pm), dispatch emergency water tankers to slum clusters, activate hospital heat-stroke protocols.",35.1,36.4,70.1,5.7,783.0,44.7,Extreme Danger,#8b0000,36.4 °C (ΔT: +1.3 °C),44.7 °C (Extreme Danger),Open 24/7 cooling centers,"🚨 EMERGENCY: Open 24/7 cooling centers, halt outdoor labor (11am-4pm), dispatch emergency water tankers to slum clusters, activate hospital heat-stroke protocols."
095N,Ward 095N (Central Delhi),North Delhi MCD,Central Delhi,28.6539,77.1771,2.23,1.41,0.111,0.8,15.8,26160,28.5,29.9,77.5,5.2,754.0,36.4,Moderate Risk,#fb8c00,29.9 °C (ΔT: +1.4 °C),36.4 °C (Moderate Risk),Enforce hydration breaks for outdoor workers,"⚠️ ADVISORY: Enforce hydration breaks for outdoor workers, distribute ORS at transit hubs, maintain continuous water supplies in high-density settlements.",29.6,31.0,78.7,2.4,665.0,38.3,Critical Heat,#e53935,31.0 °C (ΔT: +1.4 °C),38.3 °C (Critical Heat),Activate municipal misting fans,"🔥 CRITICAL: Activate municipal misting fans, set up ORS hydration booths, advise elderly/children to remain indoors, halt non-essential outdoor work.",32.0,33.4,72.2,5.7,730.0,40.6,Critical Heat,#e53935,33.4 °C (ΔT: +1.4 °C),40.6 °C (Critical Heat),Activate municipal misting fans,"🔥 CRITICAL: Activate municipal misting fans, set up ORS hydration booths, advise elderly/children to remain indoors, halt non-essential outdoor work.",33.6,35.0,65.3,7.6,748.0,41.9,Critical Heat,#e53935,35.0 °C (ΔT: +1.4 °C),41.9 °C (Critical Heat),Activate municipal misting fans,"🔥 CRITICAL: Activate municipal misting fans, set up ORS hydration booths, advise elderly/children to remain indoors, halt non-essential outdoor work.",35.1,36.5,57.0,7.7,783.0,43.1,Extreme Danger,#8b0000,36.5 °C (ΔT: +1.4 °C),43.1 °C (Extreme Danger),Open 24/7 cooling centers,"🚨 EMERGENCY: Open 24/7 cooling centers, halt outdoor labor (11am-4pm), dispatch emergency water tankers to slum clusters, activate hospital heat-stroke protocols.",35.1,36.5,70.1,5.7,783.0,44.9,Extreme Danger,#8b0000,36.5 °C (ΔT: +1.4 °C),44.9 °C (Extreme Danger),Open 24/7 cooling centers,"🚨 EMERGENCY: Open 24/7 cooling centers, halt outdoor labor (11am-4pm), dispatch emergency water tankers to slum clusters, activate hospital heat-stroke protocols.",35.1,36.5,70.1,5.7,783.0,44.9,Extreme Danger,#8b0000,36.5 °C (ΔT: +1.4 °C),44.9 °C (Extreme Danger),Open 24/7 cooling centers,"🚨 EMERGENCY: Open 24/7 cooling centers, halt outdoor labor (11am-4pm), dispatch emergency water tankers to slum clusters, activate hospital heat-stroke protocols."
082N,Ward 082N (Central Delhi),North Delhi MCD,Central Delhi,28.6693,77.1765,2.02,1.43,0.112,0.8,16.3,28622,28.5,29.9,77.5,5.2,754.0,36.4,Moderate Risk,#fb8c00,29.9 °C (ΔT: +1.4 °C),36.4 °C (Moderate Risk),Enforce hydration breaks for outdoor workers,"⚠️ ADVISORY: Enforce hydration breaks for outdoor workers, distribute ORS at transit hubs, maintain continuous water supplies in high-density settlements.",29.6,31.0,78.7,2.4,665.0,38.3,Critical Heat,#e53935,31.0 °C (ΔT: +1.4 °C),38.3 °C (Critical Heat),Activate municipal misting fans,"🔥 CRITICAL: Activate municipal misting fans, set up ORS hydration booths, advise elderly/children to remain indoors, halt non-essential outdoor work.",32.0,33.4,72.2,5.7,730.0,40.6,Critical Heat,#e53935,33.4 °C (ΔT: +1.4 °C),40.6 °C (Critical Heat),Activate municipal misting fans,"🔥 CRITICAL: Activate municipal misting fans, set up ORS hydration booths, advise elderly/children to remain indoors, halt non-essential outdoor work.",33.6,35.0,65.3,7.6,748.0,41.9,Critical Heat,#e53935,35.0 °C (ΔT: +1.4 °C),41.9 °C (Critical Heat),Activate municipal misting fans,"🔥 CRITICAL: Activate municipal misting fans, set up ORS hydration booths, advise elderly/children to remain indoors, halt non-essential outdoor work.",35.1,36.5,57.0,7.7,783.0,43.1,Extreme Danger,#8b0000,36.5 °C (ΔT: +1.4 °C),43.1 °C (Extreme Danger),Open 24/7 cooling centers,"🚨 EMERGENCY: Open 24/7 cooling centers, halt outdoor labor (11am-4pm), dispatch emergency water tankers to slum clusters, activate hospital heat-stroke protocols.",35.1,36.5,70.1,5.7,783.0,44.9,Extreme Danger,#8b0000,36.5 °C (ΔT: +1.4 °C),44.9 °C (Extreme Danger),Open 24/7 cooling centers,"🚨 EMERGENCY: Open 24/7 cooling centers, halt outdoor labor (11am-4pm), dispatch emergency water tankers to slum clusters, activate hospital heat-stroke protocols.",35.1,36.5,70.1,5.7,783.0,44.9,Extreme Danger,#8b0000,36.5 °C (ΔT: +1.4 °C),44.9 °C (Extreme Danger),Open 24/7 cooling centers,"🚨 EMERGENCY: Open 24/7 cooling centers, halt outdoor labor (11am-4pm), dispatch emergency water tankers to slum clusters, activate hospital heat-stroke protocols."
084N,Ward 084N (East Delhi),North Delhi MCD,East Delhi,28.6628,77.2425,5.25,1.54,0.133,0.81,19.6,28596,28.2,29.7,80.3,5.3,727.0,36.3,Moderate Risk,#fb8c00,29.7 °C (ΔT: +1.5 °C),36.3 °C (Moderate Risk),Enforce hydration breaks for outdoor workers,"⚠️ ADVISORY: Enforce hydration breaks for outdoor workers, distribute ORS at transit hubs, maintain continuous water supplies in high-density settlements.",29.7,31.2,80.5,2.4,662.0,38.7,Critical Heat,#e53935,31.2 °C (ΔT: +1.5 °C),38.7 °C (Critical Heat),Activate municipal misting fans,"🔥 CRITICAL: Activate municipal misting fans, set up ORS hydration booths, advise elderly/children to remain indoors, halt non-essential outdoor work.",32.0,33.5,71.8,5.9,730.0,40.7,Critical Heat,#e53935,33.5 °C (ΔT: +1.5 °C),40.7 °C (Critical Heat),Activate municipal misting fans,"🔥 CRITICAL: Activate municipal misting fans, set up ORS hydration booths, advise elderly/children to remain indoors, halt non-essential outdoor work.",33.9,35.4,62.9,7.9,763.0,42.2,Critical Heat,#e53935,35.4 °C (ΔT: +1.5 °C),42.2 °C (Critical Heat),Activate municipal misting fans,"🔥 CRITICAL: Activate municipal misting fans, set up ORS hydration booths, advise elderly/children to remain indoors, halt non-essential outdoor work.",35.7,37.2,53.0,8.5,782.0,43.5,Extreme Danger,#8b0000,37.2 °C (ΔT: +1.5 °C),43.5 °C (Extreme Danger),Open 24/7 cooling centers,"🚨 EMERGENCY: Open 24/7 cooling centers, halt outdoor labor (11am-4pm), dispatch emergency water tankers to slum clusters, activate hospital heat-stroke protocols.",35.7,37.2,69.7,6.0,782.0,45.8,Extreme Danger,#8b0000,37.2 °C (ΔT: +1.5 °C),45.8 °C (Extreme Danger),Open 24/7 cooling centers,"🚨 EMERGENCY: Open 24/7 cooling centers, halt outdoor labor (11am-4pm), dispatch emergency water tankers to slum clusters, activate hospital heat-stroke protocols.",35.7,37.2,69.7,6.0,782.0,45.8,Extreme Danger,#8b0000,37.2 °C (ΔT: +1.5 °C),45.8 °C (Extreme Danger),Open 24/7 cooling centers,"🚨 EMERGENCY: Open 24/7 cooling centers, halt outdoor labor (11am-4pm), dispatch emergency water tankers to slum clusters, activate hospital heat-stroke protocols."
083N,Ward 083N (North East Delhi),North Delhi MCD,North East Delhi,28.6825,77.2263,6.32,2.34,0.083,0.84,30.3,34924,28.3,30.6,80.8,5.8,732.0,37.5,Moderate Risk,#fb8c00,30.6 °C (ΔT: +2.3 °C),37.5 °C (Moderate Risk),Enforce hydration breaks for outdoor workers,"⚠️ ADVISORY: Enforce hydration breaks for outdoor workers, distribute ORS at transit hubs, maintain continuous water supplies in high-density settlements.",29.6,31.9,81.9,2.9,637.0,39.6,Critical Heat,#e53935,31.9 °C (ΔT: +2.3 °C),39.6 °C (Critical Heat),Activate municipal misting fans,"🔥 CRITICAL: Activate municipal misting fans, set up ORS hydration booths, advise elderly/children to remain indoors, halt non-essential outdoor work.",31.7,34.0,73.6,7.2,730.0,41.3,Critical Heat,#e53935,34.0 °C (ΔT: +2.3 °C),41.3 °C (Critical Heat),Activate municipal misting fans,"🔥 CRITICAL: Activate municipal misting fans, set up ORS hydration booths, advise elderly/children to remain indoors, halt non-essential outdoor work.",33.2,35.5,65.5,9.1,764.0,42.5,Critical Heat,#e53935,35.5 °C (ΔT: +2.3 °C),42.5 °C (Critical Heat),Activate municipal misting fans,"🔥 CRITICAL: Activate municipal misting fans, set up ORS hydration booths, advise elderly/children to remain indoors, halt non-essential outdoor work.",34.9,37.2,56.2,9.4,779.0,43.8,Extreme Danger,#8b0000,37.2 °C (ΔT: +2.3 °C),43.8 °C (Extreme Danger),Open 24/7 cooling centers,"🚨 EMERGENCY: Open 24/7 cooling centers, halt outdoor labor (11am-4pm), dispatch emergency water tankers to slum clusters, activate hospital heat-stroke protocols.",34.9,37.2,71.6,6.9,779.0,45.8,Extreme Danger,#8b0000,37.2 °C (ΔT: +2.3 °C),45.8 °C (Extreme Danger),Open 24/7 cooling centers,"🚨 EMERGENCY: Open 24/7 cooling centers, halt outdoor labor (11am-4pm), dispatch emergency water tankers to slum clusters, activate hospital heat-stroke protocols.",34.9,37.2,71.6,6.9,779.0,45.8,Extreme Danger,#8b0000,37.2 °C (ΔT: +2.3 °C),45.8 °C (Extreme Danger),Open 24/7 cooling centers,"🚨 EMERGENCY: Open 24/7 cooling centers, halt outdoor labor (11am-4pm), dispatch emergency water tankers to slum clusters, activate hospital heat-stroke protocols."
017N,Ward 017N (North Delhi),North Delhi MCD,North Delhi,28.7222,77.1762,2.37,0.87,0.157,0.7,13.8,15168,28.5,29.4,78.3,5.6,758.0,35.8,Moderate Risk,#fb8c00,29.4 °C (ΔT: +0.9 °C),35.8 °C (Moderate Risk),Enforce hydration breaks for outdoor workers,"⚠️ ADVISORY: Enforce hydration breaks for outdoor workers, distribute ORS at transit hubs, maintain continuous water supplies in high-density settlements.",29.5,30.4,79.5,2.3,636.0,37.4,Moderate Risk,#fb8c00,30.4 °C (ΔT: +0.9 °C),37.4 °C (Moderate Risk),Enforce hydration breaks for outdoor workers,"⚠️ ADVISORY: Enforce hydration breaks for outdoor workers, distribute ORS at transit hubs, maintain continuous water supplies in high-density settlements.",31.9,32.8,72.1,6.4,730.0,39.7,Critical Heat,#e53935,32.8 °C (ΔT: +0.9 °C),39.7 °C (Critical Heat),Activate municipal misting fans,"🔥 CRITICAL: Activate municipal misting fans, set up ORS hydration booths, advise elderly/children to remain indoors, halt non-essential outdoor work.",33.5,34.4,64.8,8.6,749.0,40.9,Critical Heat,#e53935,34.4 °C (ΔT: +0.9 °C),40.9 °C (Critical Heat),Activate municipal misting fans,"🔥 CRITICAL: Activate municipal misting fans, set up ORS hydration booths, advise elderly/children to remain indoors, halt non-essential outdoor work.",34.9,35.8,56.9,8.7,781.0,42.1,Critical Heat,#e53935,35.8 °C (ΔT: +0.9 °C),42.1 °C (Critical Heat),Activate municipal misting fans,"🔥 CRITICAL: Activate municipal misting fans, set up ORS hydration booths, advise elderly/children to remain indoors, halt non-essential outdoor work.",34.9,35.8,70.3,6.3,781.0,43.8,Extreme Danger,#8b0000,35.8 °C (ΔT: +0.9 °C),43.8 °C (Extreme Danger),Open 24/7 cooling centers,"🚨 EMERGENCY: Open 24/7 cooling centers, halt outdoor labor (11am-4pm), dispatch emergency water tankers to slum clusters, activate hospital heat-stroke protocols.",34.9,35.8,70.3,6.3,781.0,43.8,Extreme Danger,#8b0000,35.8 °C (ΔT: +0.9 °C),43.8 °C (Extreme Danger),Open 24/7 cooling centers,"🚨 EMERGENCY: Open 24/7 cooling centers, halt outdoor labor (11am-4pm), dispatch emergency water tankers to slum clusters, activate hospital heat-stroke protocols."
018N,Ward 018N (North Delhi),North Delhi MCD,North Delhi,28.7221,77.1968,6.73,0.87,0.162,0.67,15.6,14765,28.5,29.4,78.3,5.6,758.0,35.8,Moderate Risk,#fb8c00,29.4 °C (ΔT: +0.9 °C),35.8 °C (Moderate Risk),Enforce hydration breaks for outdoor workers,"⚠️ ADVISORY: Enforce hydration breaks for outdoor workers, distribute ORS at transit hubs, maintain continuous water supplies in high-density settlements.",29.5,30.4,79.5,2.3,636.0,37.4,Moderate Risk,#fb8c00,30.4 °C (ΔT: +0.9 °C),37.4 °C (Moderate Risk),Enforce hydration breaks for outdoor workers,"⚠️ ADVISORY: Enforce hydration breaks for outdoor workers, distribute ORS at transit hubs, maintain continuous water supplies in high-density settlements.",31.9,32.8,72.1,6.4,730.0,39.7,Critical Heat,#e53935,32.8 °C (ΔT: +0.9 °C),39.7 °C (Critical Heat),Activate municipal misting fans,"🔥 CRITICAL: Activate municipal misting fans, set up ORS hydration booths, advise elderly/children to remain indoors, halt non-essential outdoor work.",33.5,34.4,64.8,8.6,749.0,40.9,Critical Heat,#e53935,34.4 °C (ΔT: +0.9 °C),40.9 °C (Critical Heat),Activate municipal misting fans,"🔥 CRITICAL: Activate municipal misting fans, set up ORS hydration booths, advise elderly/children to remain indoors, halt non-essential outdoor work.",34.9,35.8,56.9,8.7,781.0,42.1,Critical Heat,#e53935,35.8 °C (ΔT: +0.9 °C),42.1 °C (Critical Heat),Activate municipal misting fans,"🔥 CRITICAL: Activate municipal misting fans, set up ORS hydration booths, advise elderly/children to remain indoors, halt non-essential outdoor work.",34.9,35.8,70.3,6.3,781.0,43.8,Extreme Danger,#8b0000,35.8 °C (ΔT: +0.9 °C),43.8 °C (Extreme Danger),Open 24/7 cooling centers,"🚨 EMERGENCY: Open 24/7 cooling centers, halt outdoor labor (11am-4pm), dispatch emergency water tankers to slum clusters, activate hospital heat-stroke protocols.",34.9,35.8,70.3,6.3,781.0,43.8,Extreme Danger,#8b0000,35.8 °C (ΔT: +0.9 °C),43.8 °C (Extreme Danger),Open 24/7 cooling centers,"🚨 EMERGENCY: Open 24/7 cooling centers, halt outdoor labor (11am-4pm), dispatch emergency water tankers to slum clusters, activate hospital heat-stroke protocols."
014N,Ward 014N (North Delhi),North Delhi MCD,North Delhi,28.6984,77.2104,4.45,1.16,0.152,0.75,16.5,12385,28.5,29.7,78.3,5.6,758.0,36.2,Moderate Risk,#fb8c00,29.7 °C (ΔT: +1.2 °C),36.2 °C (Moderate Risk),Enforce hydration breaks for outdoor workers,"⚠️ ADVISORY: Enforce hydration breaks for outdoor workers, distribute ORS at transit hubs, maintain continuous water supplies in high-density settlements.",29.5,30.7,79.5,2.3,636.0,37.8,Moderate Risk,#fb8c00,30.7 °C (ΔT: +1.2 °C),37.8 °C (Moderate Risk),Enforce hydration breaks for outdoor workers,"⚠️ ADVISORY: Enforce hydration breaks for outdoor workers, distribute ORS at transit hubs, maintain continuous water supplies in high-density settlements.",31.9,33.1,72.1,6.4,730.0,40.1,Critical Heat,#e53935,33.1 °C (ΔT: +1.2 °C),40.1 °C (Critical Heat),Activate municipal misting fans,"🔥 CRITICAL: Activate municipal misting fans, set up ORS hydration booths, advise elderly/children to remain indoors, halt non-essential outdoor work.",33.5,34.7,64.8,8.6,749.0,41.3,Critical Heat,#e53935,34.7 °C (ΔT: +1.2 °C),41.3 °C (Critical Heat),Activate municipal misting fans,"🔥 CRITICAL: Activate municipal misting fans, set up ORS hydration booths, advise elderly/children to remain indoors, halt non-essential outdoor work.",34.9,36.1,56.9,8.7,781.0,42.5,Critical Heat,#e53935,36.1 °C (ΔT: +1.2 °C),42.5 °C (Critical Heat),Activate municipal misting fans,"🔥 CRITICAL: Activate municipal misting fans, set up ORS hydration booths, advise elderly/children to remain indoors, halt non-essential outdoor work.",34.9,36.1,70.3,6.3,781.0,44.2,Extreme Danger,#8b0000,36.1 °C (ΔT: +1.2 °C),44.2 °C (Extreme Danger),Open 24/7 cooling centers,"🚨 EMERGENCY: Open 24/7 cooling centers, halt outdoor labor (11am-4pm), dispatch emergency water tankers to slum clusters, activate hospital heat-stroke protocols.",34.9,36.1,70.3,6.3,781.0,44.2,Extreme Danger,#8b0000,36.1 °C (ΔT: +1.2 °C),44.2 °C (Extreme Danger),Open 24/7 cooling centers,"🚨 EMERGENCY: Open 24/7 cooling centers, halt outdoor labor (11am-4pm), dispatch emergency water tankers to slum clusters, activate hospital heat-stroke protocols."
015N,Ward 015N (North Delhi),North Delhi MCD,North Delhi,28.715,77.2185,2.37,0.77,0.156,0.68,12.7,14592,28.5,29.3,78.3,5.6,758.0,35.6,Moderate Risk,#fb8c00,29.3 °C (ΔT: +0.8 °C),35.6 °C (Moderate Risk),Enforce hydration breaks for outdoor workers,"⚠️ ADVISORY: Enforce hydration breaks for outdoor workers, distribute ORS at transit hubs, maintain continuous water supplies in high-density settlements.",29.5,30.3,79.5,2.3,636.0,37.3,Moderate Risk,#fb8c00,30.3 °C (ΔT: +0.8 °C),37.3 °C (Moderate Risk),Enforce hydration breaks for outdoor workers,"⚠️ ADVISORY: Enforce hydration breaks for outdoor workers, distribute ORS at transit hubs, maintain continuous water supplies in high-density settlements.",31.9,32.7,72.1,6.4,730.0,39.5,Critical Heat,#e53935,32.7 °C (ΔT: +0.8 °C),39.5 °C (Critical Heat),Activate municipal misting fans,"🔥 CRITICAL: Activate municipal misting fans, set up ORS hydration booths, advise elderly/children to remain indoors, halt non-essential outdoor work.",33.5,34.3,64.8,8.6,749.0,40.8,Critical Heat,#e53935,34.3 °C (ΔT: +0.8 °C),40.8 °C (Critical Heat),Activate municipal misting fans,"🔥 CRITICAL: Activate municipal misting fans, set up ORS hydration booths, advise elderly/children to remain indoors, halt non-essential outdoor work.",34.9,35.7,56.9,8.7,781.0,41.9,Critical Heat,#e53935,35.7 °C (ΔT: +0.8 °C),41.9 °C (Critical Heat),Activate municipal misting fans,"🔥 CRITICAL: Activate municipal misting fans, set up ORS hydration booths, advise elderly/children to remain indoors, halt non-essential outdoor work.",34.9,35.7,70.3,6.3,781.0,43.7,Extreme Danger,#8b0000,35.7 °C (ΔT: +0.8 °C),43.7 °C (Extreme Danger),Open 24/7 cooling centers,"🚨 EMERGENCY: Open 24/7 cooling centers, halt outdoor labor (11am-4pm), dispatch emergency water tankers to slum clusters, activate hospital heat-stroke protocols.",34.9,35.7,70.3,6.3,781.0,43.7,Extreme Danger,#8b0000,35.7 °C (ΔT: +0.8 °C),43.7 °C (Extreme Danger),Open 24/7 cooling centers,"🚨 EMERGENCY: Open 24/7 cooling centers, halt outdoor labor (11am-4pm), dispatch emergency water tankers to slum clusters, activate hospital heat-stroke protocols."
012N,Ward 012N (North Delhi),North Delhi MCD,North Delhi,28.7148,77.2251,4.26,1.07,0.16,0.75,15.4,16013,28.5,29.6,78.3,5.6,758.0,36.0,Moderate Risk,#fb8c00,29.6 °C (ΔT: +1.1 °C),36.0 °C (Moderate Risk),Enforce hydration breaks for outdoor workers,"⚠️ ADVISORY: Enforce hydration breaks for outdoor workers, distribute ORS at transit hubs, maintain continuous water supplies in high-density settlements.",29.5,30.6,79.5,2.3,636.0,37.7,Moderate Risk,#fb8c00,30.6 °C (ΔT: +1.1 °C),37.7 °C (Moderate Risk),Enforce hydration breaks for outdoor workers,"⚠️ ADVISORY: Enforce hydration breaks for outdoor workers, distribute ORS at transit hubs, maintain continuous water supplies in high-density settlements.",31.9,33.0,72.1,6.4,730.0,39.9,Critical Heat,#e53935,33.0 °C (ΔT: +1.1 °C),39.9 °C (Critical Heat),Activate municipal misting fans,"🔥 CRITICAL: Activate municipal misting fans, set up ORS hydration booths, advise elderly/children to remain indoors, halt non-essential outdoor work.",33.5,34.6,64.8,8.6,749.0,41.2,Critical Heat,#e53935,34.6 °C (ΔT: +1.1 °C),41.2 °C (Critical Heat),Activate municipal misting fans,"🔥 CRITICAL: Activate municipal misting fans, set up ORS hydration booths, advise elderly/children to remain indoors, halt non-essential outdoor work.",34.9,36.0,56.9,8.7,781.0,42.3,Critical Heat,#e53935,36.0 °C (ΔT: +1.1 °C),42.3 °C (Critical Heat),Activate municipal misting fans,"🔥 CRITICAL: Activate municipal misting fans, set up ORS hydration booths, advise elderly/children to remain indoors, halt non-essential outdoor work.",34.9,36.0,70.3,6.3,781.0,44.1,Extreme Danger,#8b0000,36.0 °C (ΔT: +1.1 °C),44.1 °C (Extreme Danger),Open 24/7 cooling centers,"🚨 EMERGENCY: Open 24/7 cooling centers, halt outdoor labor (11am-4pm), dispatch emergency water tankers to slum clusters, activate hospital heat-stroke protocols.",34.9,36.0,70.3,6.3,781.0,44.1,Extreme Danger,#8b0000,36.0 °C (ΔT: +1.1 °C),44.1 °C (Extreme Danger),Open 24/7 cooling centers,"🚨 EMERGENCY: Open 24/7 cooling centers, halt outdoor labor (11am-4pm), dispatch emergency water tankers to slum clusters, activate hospital heat-stroke protocols."
077N,Ward 077N (North Delhi),North Delhi MCD,North Delhi,28.7029,77.1943,3.71,0.89,0.14,0.68,13.9,13900,28.5,29.4,78.3,5.6,758.0,35.8,Moderate Risk,#fb8c00,29.4 °C (ΔT: +0.9 °C),35.8 °C (Moderate Risk),Enforce hydration breaks for outdoor workers,"⚠️ ADVISORY: Enforce hydration breaks for outdoor workers, distribute ORS at transit hubs, maintain continuous water supplies in high-density settlements.",29.5,30.4,79.5,2.3,636.0,37.4,Moderate Risk,#fb8c00,30.4 °C (ΔT: +0.9 °C),37.4 °C (Moderate Risk),Enforce hydration breaks for outdoor workers,"⚠️ ADVISORY: Enforce hydration breaks for outdoor workers, distribute ORS at transit hubs, maintain continuous water supplies in high-density settlements.",31.9,32.8,72.1,6.4,730.0,39.7,Critical Heat,#e53935,32.8 °C (ΔT: +0.9 °C),39.7 °C (Critical Heat),Activate municipal misting fans,"🔥 CRITICAL: Activate municipal misting fans, set up ORS hydration booths, advise elderly/children to remain indoors, halt non-essential outdoor work.",33.5,34.4,64.8,8.6,749.0,40.9,Critical Heat,#e53935,34.4 °C (ΔT: +0.9 °C),40.9 °C (Critical Heat),Activate municipal misting fans,"🔥 CRITICAL: Activate municipal misting fans, set up ORS hydration booths, advise elderly/children to remain indoors, halt non-essential outdoor work.",34.9,35.8,56.9,8.7,781.0,42.1,Critical Heat,#e53935,35.8 °C (ΔT: +0.9 °C),42.1 °C (Critical Heat),Activate municipal misting fans,"🔥 CRITICAL: Activate municipal misting fans, set up ORS hydration booths, advise elderly/children to remain indoors, halt non-essential outdoor work.",34.9,35.8,70.3,6.3,781.0,43.8,Extreme Danger,#8b0000,35.8 °C (ΔT: +0.9 °C),43.8 °C (Extreme Danger),Open 24/7 cooling centers,"🚨 EMERGENCY: Open 24/7 cooling centers, halt outdoor labor (11am-4pm), dispatch emergency water tankers to slum clusters, activate hospital heat-stroke protocols.",34.9,35.8,70.3,6.3,781.0,43.8,Extreme Danger,#8b0000,35.8 °C (ΔT: +0.9 °C),43.8 °C (Extreme Danger),Open 24/7 cooling centers,"🚨 EMERGENCY: Open 24/7 cooling centers, halt outdoor labor (11am-4pm), dispatch emergency water tankers to slum clusters, activate hospital heat-stroke protocols."
076N,Ward 076N (North Delhi),North Delhi MCD,North Delhi,28.6958,77.1893,1.39,0.88,0.179,0.73,14.0,14275,28.5,29.4,78.3,5.6,758.0,35.8,Moderate Risk,#fb8c00,29.4 °C (ΔT: +0.9 °C),35.8 °C (Moderate Risk),Enforce hydration breaks for outdoor workers,"⚠️ ADVISORY: Enforce hydration breaks for outdoor workers, distribute ORS at transit hubs, maintain continuous water supplies in high-density settlements.",29.5,30.4,79.5,2.3,636.0,37.4,Moderate Risk,#fb8c00,30.4 °C (ΔT: +0.9 °C),37.4 °C (Moderate Risk),Enforce hydration breaks for outdoor workers,"⚠️ ADVISORY: Enforce hydration breaks for outdoor workers, distribute ORS at transit hubs, maintain continuous water supplies in high-density settlements.",31.9,32.8,72.1,6.4,730.0,39.7,Critical Heat,#e53935,32.8 °C (ΔT: +0.9 °C),39.7 °C (Critical Heat),Activate municipal misting fans,"🔥 CRITICAL: Activate municipal misting fans, set up ORS hydration booths, advise elderly/children to remain indoors, halt non-essential outdoor work.",33.5,34.4,64.8,8.6,749.0,40.9,Critical Heat,#e53935,34.4 °C (ΔT: +0.9 °C),40.9 °C (Critical Heat),Activate municipal misting fans,"🔥 CRITICAL: Activate municipal misting fans, set up ORS hydration booths, advise elderly/children to remain indoors, halt non-essential outdoor work.",34.9,35.8,56.9,8.7,781.0,42.1,Critical Heat,#e53935,35.8 °C (ΔT: +0.9 °C),42.1 °C (Critical Heat),Activate municipal misting fans,"🔥 CRITICAL: Activate municipal misting fans, set up ORS hydration booths, advise elderly/children to remain indoors, halt non-essential outdoor work.",34.9,35.8,70.3,6.3,781.0,43.8,Extreme Danger,#8b0000,35.8 °C (ΔT: +0.9 °C),43.8 °C (Extreme Danger),Open 24/7 cooling centers,"🚨 EMERGENCY: Open 24/7 cooling centers, halt outdoor labor (11am-4pm), dispatch emergency water tankers to slum clusters, activate hospital heat-stroke protocols.",34.9,35.8,70.3,6.3,781.0,43.8,Extreme Danger,#8b0000,35.8 °C (ΔT: +0.9 °C),43.8 °C (Extreme Danger),Open 24/7 cooling centers,"🚨 EMERGENCY: Open 24/7 cooling centers, halt outdoor labor (11am-4pm), dispatch emergency water tankers to slum clusters, activate hospital heat-stroke protocols."
078N,Ward 078N (North Delhi),North Delhi MCD,North Delhi,28.6814,77.1994,2.71,0.88,0.188,0.7,16.2,17540,28.5,29.4,78.3,5.6,758.0,35.8,Moderate Risk,#fb8c00,29.4 °C (ΔT: +0.9 °C),35.8 °C (Moderate Risk),Enforce hydration breaks for outdoor workers,"⚠️ ADVISORY: Enforce hydration breaks for outdoor workers, distribute ORS at transit hubs, maintain continuous water supplies in high-density settlements.",29.5,30.4,79.5,2.3,636.0,37.4,Moderate Risk,#fb8c00,30.4 °C (ΔT: +0.9 °C),37.4 °C (Moderate Risk),Enforce hydration breaks for outdoor workers,"⚠️ ADVISORY: Enforce hydration breaks for outdoor workers, distribute ORS at transit hubs, maintain continuous water supplies in high-density settlements.",31.9,32.8,72.1,6.4,730.0,39.7,Critical Heat,#e53935,32.8 °C (ΔT: +0.9 °C),39.7 °C (Critical Heat),Activate municipal misting fans,"🔥 CRITICAL: Activate municipal misting fans, set up ORS hydration booths, advise elderly/children to remain indoors, halt non-essential outdoor work.",33.5,34.4,64.8,8.6,749.0,40.9,Critical Heat,#e53935,34.4 °C (ΔT: +0.9 °C),40.9 °C (Critical Heat),Activate municipal misting fans,"🔥 CRITICAL: Activate municipal misting fans, set up ORS hydration booths, advise elderly/children to remain indoors, halt non-essential outdoor work.",34.9,35.8,56.9,8.7,781.0,42.1,Critical Heat,#e53935,35.8 °C (ΔT: +0.9 °C),42.1 °C (Critical Heat),Activate municipal misting fans,"🔥 CRITICAL: Activate municipal misting fans, set up ORS hydration booths, advise elderly/children to remain indoors, halt non-essential outdoor work.",34.9,35.8,70.3,6.3,781.0,43.8,Extreme Danger,#8b0000,35.8 °C (ΔT: +0.9 °C),43.8 °C (Extreme Danger),Open 24/7 cooling centers,"🚨 EMERGENCY: Open 24/7 cooling centers, halt outdoor labor (11am-4pm), dispatch emergency water tankers to slum clusters, activate hospital heat-stroke protocols.",34.9,35.8,70.3,6.3,781.0,43.8,Extreme Danger,#8b0000,35.8 °C (ΔT: +0.9 °C),43.8 °C (Extreme Danger),Open 24/7 cooling centers,"🚨 EMERGENCY: Open 24/7 cooling centers, halt outdoor labor (11am-4pm), dispatch emergency water tankers to slum clusters, activate hospital heat-stroke protocols."
080N,Ward 080N (North Delhi),North Delhi MCD,North Delhi,28.6666,77.2117,1.06,0.95,0.207,0.75,16.5,17228,28.5,29.4,78.3,5.6,758.0,35.8,Moderate Risk,#fb8c00,29.4 °C (ΔT: +0.9 °C),35.8 °C (Moderate Risk),Enforce hydration breaks for outdoor workers,"⚠️ ADVISORY: Enforce hydration breaks for outdoor workers, distribute ORS at transit hubs, maintain continuous water supplies in high-density settlements.",29.5,30.4,79.5,2.3,636.0,37.4,Moderate Risk,#fb8c00,30.4 °C (ΔT: +0.9 °C),37.4 °C (Moderate Risk),Enforce hydration breaks for outdoor workers,"⚠️ ADVISORY: Enforce hydration breaks for outdoor workers, distribute ORS at transit hubs, maintain continuous water supplies in high-density settlements.",31.9,32.9,72.1,6.4,730.0,39.8,Critical Heat,#e53935,32.9 °C (ΔT: +0.9 °C),39.8 °C (Critical Heat),Activate municipal misting fans,"🔥 CRITICAL: Activate municipal misting fans, set up ORS hydration booths, advise elderly/children to remain indoors, halt non-essential outdoor work.",33.5,34.5,64.8,8.6,749.0,41.0,Critical Heat,#e53935,34.5 °C (ΔT: +0.9 °C),41.0 °C (Critical Heat),Activate municipal misting fans,"🔥 CRITICAL: Activate municipal misting fans, set up ORS hydration booths, advise elderly/children to remain indoors, halt non-essential outdoor work.",34.9,35.9,56.9,8.7,781.0,42.2,Critical Heat,#e53935,35.9 °C (ΔT: +0.9 °C),42.2 °C (Critical Heat),Activate municipal misting fans,"🔥 CRITICAL: Activate municipal misting fans, set up ORS hydration booths, advise elderly/children to remain indoors, halt non-essential outdoor work.",34.9,35.9,70.3,6.3,781.0,43.9,Extreme Danger,#8b0000,35.9 °C (ΔT: +0.9 °C),43.9 °C (Extreme Danger),Open 24/7 cooling centers,"🚨 EMERGENCY: Open 24/7 cooling centers, halt outdoor labor (11am-4pm), dispatch emergency water tankers to slum clusters, activate hospital heat-stroke protocols.",34.9,35.9,70.3,6.3,781.0,43.9,Extreme Danger,#8b0000,35.9 °C (ΔT: +0.9 °C),43.9 °C (Extreme Danger),Open 24/7 cooling centers,"🚨 EMERGENCY: Open 24/7 cooling centers, halt outdoor labor (11am-4pm), dispatch emergency water tankers to slum clusters, activate hospital heat-stroke protocols."
081N,Ward 081N (North Delhi),North Delhi MCD,North Delhi,28.6691,77.1953,1.61,0.99,0.161,0.68,17.5,14865,28.5,29.5,78.3,5.6,758.0,35.9,Moderate Risk,#fb8c00,29.5 °C (ΔT: +1.0 °C),35.9 °C (Moderate Risk),Enforce hydration breaks for outdoor workers,"⚠️ ADVISORY: Enforce hydration breaks for outdoor workers, distribute ORS at transit hubs, maintain continuous water supplies in high-density settlements.",29.5,30.5,79.5,2.3,636.0,37.6,Moderate Risk,#fb8c00,30.5 °C (ΔT: +1.0 °C),37.6 °C (Moderate Risk),Enforce hydration breaks for outdoor workers,"⚠️ ADVISORY: Enforce hydration breaks for outdoor workers, distribute ORS at transit hubs, maintain continuous water supplies in high-density settlements.",31.9,32.9,72.1,6.4,730.0,39.8,Critical Heat,#e53935,32.9 °C (ΔT: +1.0 °C),39.8 °C (Critical Heat),Activate municipal misting fans,"🔥 CRITICAL: Activate municipal misting fans, set up ORS hydration booths, advise elderly/children to remain indoors, halt non-essential outdoor work.",33.5,34.5,64.8,8.6,749.0,41.0,Critical Heat,#e53935,34.5 °C (ΔT: +1.0 °C),41.0 °C (Critical Heat),Activate municipal misting fans,"🔥 CRITICAL: Activate municipal misting fans, set up ORS hydration booths, advise elderly/children to remain indoors, halt non-essential outdoor work.",34.9,35.9,56.9,8.7,781.0,42.2,Critical Heat,#e53935,35.9 °C (ΔT: +1.0 °C),42.2 °C (Critical Heat),Activate municipal misting fans,"🔥 CRITICAL: Activate municipal misting fans, set up ORS hydration booths, advise elderly/children to remain indoors, halt non-essential outdoor work.",34.9,35.9,70.3,6.3,781.0,43.9,Extreme Danger,#8b0000,35.9 °C (ΔT: +1.0 °C),43.9 °C (Extreme Danger),Open 24/7 cooling centers,"🚨 EMERGENCY: Open 24/7 cooling centers, halt outdoor labor (11am-4pm), dispatch emergency water tankers to slum clusters, activate hospital heat-stroke protocols.",34.9,35.9,70.3,6.3,781.0,43.9,Extreme Danger,#8b0000,35.9 °C (ΔT: +1.0 °C),43.9 °C (Extreme Danger),Open 24/7 cooling centers,"🚨 EMERGENCY: Open 24/7 cooling centers, halt outdoor labor (11am-4pm), dispatch emergency water tankers to slum clusters, activate hospital heat-stroke protocols."
079N,Ward 079N (Central Delhi),North Delhi MCD,Central Delhi,28.6772,77.1836,1.61,1.48,0.121,0.73,21.7,27328,28.5,30.0,77.5,5.2,754.0,36.6,Moderate Risk,#fb8c00,30.0 °C (ΔT: +1.5 °C),36.6 °C (Moderate Risk),Enforce hydration breaks for outdoor workers,"⚠️ ADVISORY: Enforce hydration breaks for outdoor workers, distribute ORS at transit hubs, maintain continuous water supplies in high-density settlements.",29.6,31.1,78.7,2.4,665.0,38.4,Critical Heat,#e53935,31.1 °C (ΔT: +1.5 °C),38.4 °C (Critical Heat),Activate municipal misting fans,"🔥 CRITICAL: Activate municipal misting fans, set up ORS hydration booths, advise elderly/children to remain indoors, halt non-essential outdoor work.",32.0,33.5,72.2,5.7,730.0,40.7,Critical Heat,#e53935,33.5 °C (ΔT: +1.5 °C),40.7 °C (Critical Heat),Activate municipal misting fans,"🔥 CRITICAL: Activate municipal misting fans, set up ORS hydration booths, advise elderly/children to remain indoors, halt non-essential outdoor work.",33.6,35.1,65.3,7.6,748.0,42.0,Critical Heat,#e53935,35.1 °C (ΔT: +1.5 °C),42.0 °C (Critical Heat),Activate municipal misting fans,"🔥 CRITICAL: Activate municipal misting fans, set up ORS hydration booths, advise elderly/children to remain indoors, halt non-essential outdoor work.",35.1,36.6,57.0,7.7,783.0,43.3,Extreme Danger,#8b0000,36.6 °C (ΔT: +1.5 °C),43.3 °C (Extreme Danger),Open 24/7 cooling centers,"🚨 EMERGENCY: Open 24/7 cooling centers, halt outdoor labor (11am-4pm), dispatch emergency water tankers to slum clusters, activate hospital heat-stroke protocols.",35.1,36.6,70.1,5.7,783.0,45.0,Extreme Danger,#8b0000,36.6 °C (ΔT: +1.5 °C),45.0 °C (Extreme Danger),Open 24/7 cooling centers,"🚨 EMERGENCY: Open 24/7 cooling centers, halt outdoor labor (11am-4pm), dispatch emergency water tankers to slum clusters, activate hospital heat-stroke protocols.",35.1,36.6,70.1,5.7,783.0,45.0,Extreme Danger,#8b0000,36.6 °C (ΔT: +1.5 °C),45.0 °C (Extreme Danger),Open 24/7 cooling centers,"🚨 EMERGENCY: Open 24/7 cooling centers, halt outdoor labor (11am-4pm), dispatch emergency water tankers to slum clusters, activate hospital heat-stroke protocols."
075N,Ward 075N (North Delhi),North Delhi MCD,North Delhi,28.6906,77.164,1.9,1.03,0.144,0.71,15.4,13473,28.5,29.5,78.3,5.6,758.0,35.9,Moderate Risk,#fb8c00,29.5 °C (ΔT: +1.0 °C),35.9 °C (Moderate Risk),Enforce hydration breaks for outdoor workers,"⚠️ ADVISORY: Enforce hydration breaks for outdoor workers, distribute ORS at transit hubs, maintain continuous water supplies in high-density settlements.",29.5,30.5,79.5,2.3,636.0,37.6,Moderate Risk,#fb8c00,30.5 °C (ΔT: +1.0 °C),37.6 °C (Moderate Risk),Enforce hydration breaks for outdoor workers,"⚠️ ADVISORY: Enforce hydration breaks for outdoor workers, distribute ORS at transit hubs, maintain continuous water supplies in high-density settlements.",31.9,32.9,72.1,6.4,730.0,39.8,Critical Heat,#e53935,32.9 °C (ΔT: +1.0 °C),39.8 °C (Critical Heat),Activate municipal misting fans,"🔥 CRITICAL: Activate municipal misting fans, set up ORS hydration booths, advise elderly/children to remain indoors, halt non-essential outdoor work.",33.5,34.5,64.8,8.6,749.0,41.0,Critical Heat,#e53935,34.5 °C (ΔT: +1.0 °C),41.0 °C (Critical Heat),Activate municipal misting fans,"🔥 CRITICAL: Activate municipal misting fans, set up ORS hydration booths, advise elderly/children to remain indoors, halt non-essential outdoor work.",34.9,35.9,56.9,8.7,781.0,42.2,Critical Heat,#e53935,35.9 °C (ΔT: +1.0 °C),42.2 °C (Critical Heat),Activate municipal misting fans,"🔥 CRITICAL: Activate municipal misting fans, set up ORS hydration booths, advise elderly/children to remain indoors, halt non-essential outdoor work.",34.9,35.9,70.3,6.3,781.0,43.9,Extreme Danger,#8b0000,35.9 °C (ΔT: +1.0 °C),43.9 °C (Extreme Danger),Open 24/7 cooling centers,"🚨 EMERGENCY: Open 24/7 cooling centers, halt outdoor labor (11am-4pm), dispatch emergency water tankers to slum clusters, activate hospital heat-stroke protocols.",34.9,35.9,70.3,6.3,781.0,43.9,Extreme Danger,#8b0000,35.9 °C (ΔT: +1.0 °C),43.9 °C (Extreme Danger),Open 24/7 cooling centers,"🚨 EMERGENCY: Open 24/7 cooling centers, halt outdoor labor (11am-4pm), dispatch emergency water tankers to slum clusters, activate hospital heat-stroke protocols."
074N,Ward 074N (Central Delhi),North Delhi MCD,Central Delhi,28.6839,77.1742,1.06,1.68,0.12,0.83,20.4,25240,28.5,30.2,77.5,5.2,754.0,36.8,Moderate Risk,#fb8c00,30.2 °C (ΔT: +1.7 °C),36.8 °C (Moderate Risk),Enforce hydration breaks for outdoor workers,"⚠️ ADVISORY: Enforce hydration breaks for outdoor workers, distribute ORS at transit hubs, maintain continuous water supplies in high-density settlements.",29.6,31.3,78.7,2.4,665.0,38.7,Critical Heat,#e53935,31.3 °C (ΔT: +1.7 °C),38.7 °C (Critical Heat),Activate municipal misting fans,"🔥 CRITICAL: Activate municipal misting fans, set up ORS hydration booths, advise elderly/children to remain indoors, halt non-essential outdoor work.",32.0,33.7,72.2,5.7,730.0,41.0,Critical Heat,#e53935,33.7 °C (ΔT: +1.7 °C),41.0 °C (Critical Heat),Activate municipal misting fans,"🔥 CRITICAL: Activate municipal misting fans, set up ORS hydration booths, advise elderly/children to remain indoors, halt non-essential outdoor work.",33.6,35.3,65.3,7.6,748.0,42.3,Critical Heat,#e53935,35.3 °C (ΔT: +1.7 °C),42.3 °C (Critical Heat),Activate municipal misting fans,"🔥 CRITICAL: Activate municipal misting fans, set up ORS hydration booths, advise elderly/children to remain indoors, halt non-essential outdoor work.",35.1,36.8,57.0,7.7,783.0,43.6,Extreme Danger,#8b0000,36.8 °C (ΔT: +1.7 °C),43.6 °C (Extreme Danger),Open 24/7 cooling centers,"🚨 EMERGENCY: Open 24/7 cooling centers, halt outdoor labor (11am-4pm), dispatch emergency water tankers to slum clusters, activate hospital heat-stroke protocols.",35.1,36.8,70.1,5.7,783.0,45.3,Extreme Danger,#8b0000,36.8 °C (ΔT: +1.7 °C),45.3 °C (Extreme Danger),Open 24/7 cooling centers,"🚨 EMERGENCY: Open 24/7 cooling centers, halt outdoor labor (11am-4pm), dispatch emergency water tankers to slum clusters, activate hospital heat-stroke protocols.",35.1,36.8,70.1,5.7,783.0,45.3,Extreme Danger,#8b0000,36.8 °C (ΔT: +1.7 °C),45.3 °C (Extreme Danger),Open 24/7 cooling centers,"🚨 EMERGENCY: Open 24/7 cooling centers, halt outdoor labor (11am-4pm), dispatch emergency water tankers to slum clusters, activate hospital heat-stroke protocols."
072N,Ward 072N (North Delhi),North Delhi MCD,North Delhi,28.6991,77.1688,2.15,0.76,0.215,0.66,18.0,13881,28.5,29.3,78.3,5.6,758.0,35.6,Moderate Risk,#fb8c00,29.3 °C (ΔT: +0.8 °C),35.6 °C (Moderate Risk),Enforce hydration breaks for outdoor workers,"⚠️ ADVISORY: Enforce hydration breaks for outdoor workers, distribute ORS at transit hubs, maintain continuous water supplies in high-density settlements.",29.5,30.3,79.5,2.3,636.0,37.3,Moderate Risk,#fb8c00,30.3 °C (ΔT: +0.8 °C),37.3 °C (Moderate Risk),Enforce hydration breaks for outdoor workers,"⚠️ ADVISORY: Enforce hydration breaks for outdoor workers, distribute ORS at transit hubs, maintain continuous water supplies in high-density settlements.",31.9,32.7,72.1,6.4,730.0,39.5,Critical Heat,#e53935,32.7 °C (ΔT: +0.8 °C),39.5 °C (Critical Heat),Activate municipal misting fans,"🔥 CRITICAL: Activate municipal misting fans, set up ORS hydration booths, advise elderly/children to remain indoors, halt non-essential outdoor work.",33.5,34.3,64.8,8.6,749.0,40.8,Critical Heat,#e53935,34.3 °C (ΔT: +0.8 °C),40.8 °C (Critical Heat),Activate municipal misting fans,"🔥 CRITICAL: Activate municipal misting fans, set up ORS hydration booths, advise elderly/children to remain indoors, halt non-essential outdoor work.",34.9,35.7,56.9,8.7,781.0,41.9,Critical Heat,#e53935,35.7 °C (ΔT: +0.8 °C),41.9 °C (Critical Heat),Activate municipal misting fans,"🔥 CRITICAL: Activate municipal misting fans, set up ORS hydration booths, advise elderly/children to remain indoors, halt non-essential outdoor work.",34.9,35.7,70.3,6.3,781.0,43.7,Extreme Danger,#8b0000,35.7 °C (ΔT: +0.8 °C),43.7 °C (Extreme Danger),Open 24/7 cooling centers,"🚨 EMERGENCY: Open 24/7 cooling centers, halt outdoor labor (11am-4pm), dispatch emergency water tankers to slum clusters, activate hospital heat-stroke protocols.",34.9,35.7,70.3,6.3,781.0,43.7,Extreme Danger,#8b0000,35.7 °C (ΔT: +0.8 °C),43.7 °C (Extreme Danger),Open 24/7 cooling centers,"🚨 EMERGENCY: Open 24/7 cooling centers, halt outdoor labor (11am-4pm), dispatch emergency water tankers to slum clusters, activate hospital heat-stroke protocols."
073N,Ward 073N (North Delhi),North Delhi MCD,North Delhi,28.693,77.1822,2.58,1.0,0.164,0.74,14.7,17060,28.5,29.5,78.3,5.6,758.0,35.9,Moderate Risk,#fb8c00,29.5 °C (ΔT: +1.0 °C),35.9 °C (Moderate Risk),Enforce hydration breaks for outdoor workers,"⚠️ ADVISORY: Enforce hydration breaks for outdoor workers, distribute ORS at transit hubs, maintain continuous water supplies in high-density settlements.",29.5,30.5,79.5,2.3,636.0,37.6,Moderate Risk,#fb8c00,30.5 °C (ΔT: +1.0 °C),37.6 °C (Moderate Risk),Enforce hydration breaks for outdoor workers,"⚠️ ADVISORY: Enforce hydration breaks for outdoor workers, distribute ORS at transit hubs, maintain continuous water supplies in high-density settlements.",31.9,32.9,72.1,6.4,730.0,39.8,Critical Heat,#e53935,32.9 °C (ΔT: +1.0 °C),39.8 °C (Critical Heat),Activate municipal misting fans,"🔥 CRITICAL: Activate municipal misting fans, set up ORS hydration booths, advise elderly/children to remain indoors, halt non-essential outdoor work.",33.5,34.5,64.8,8.6,749.0,41.0,Critical Heat,#e53935,34.5 °C (ΔT: +1.0 °C),41.0 °C (Critical Heat),Activate municipal misting fans,"🔥 CRITICAL: Activate municipal misting fans, set up ORS hydration booths, advise elderly/children to remain indoors, halt non-essential outdoor work.",34.9,35.9,56.9,8.7,781.0,42.2,Critical Heat,#e53935,35.9 °C (ΔT: +1.0 °C),42.2 °C (Critical Heat),Activate municipal misting fans,"🔥 CRITICAL: Activate municipal misting fans, set up ORS hydration booths, advise elderly/children to remain indoors, halt non-essential outdoor work.",34.9,35.9,70.3,6.3,781.0,43.9,Extreme Danger,#8b0000,35.9 °C (ΔT: +1.0 °C),43.9 °C (Extreme Danger),Open 24/7 cooling centers,"🚨 EMERGENCY: Open 24/7 cooling centers, halt outdoor labor (11am-4pm), dispatch emergency water tankers to slum clusters, activate hospital heat-stroke protocols.",34.9,35.9,70.3,6.3,781.0,43.9,Extreme Danger,#8b0000,35.9 °C (ΔT: +1.0 °C),43.9 °C (Extreme Danger),Open 24/7 cooling centers,"🚨 EMERGENCY: Open 24/7 cooling centers, halt outdoor labor (11am-4pm), dispatch emergency water tankers to slum clusters, activate hospital heat-stroke protocols."
098N,Ward 098N (Central Delhi),North Delhi MCD,Central Delhi,28.6624,77.1662,1.08,1.27,0.151,0.75,18.7,26444,28.5,29.8,77.5,5.2,754.0,36.3,Moderate Risk,#fb8c00,29.8 °C (ΔT: +1.3 °C),36.3 °C (Moderate Risk),Enforce hydration breaks for outdoor workers,"⚠️ ADVISORY: Enforce hydration breaks for outdoor workers, distribute ORS at transit hubs, maintain continuous water supplies in high-density settlements.",29.6,30.9,78.7,2.4,665.0,38.1,Critical Heat,#e53935,30.9 °C (ΔT: +1.3 °C),38.1 °C (Critical Heat),Activate municipal misting fans,"🔥 CRITICAL: Activate municipal misting fans, set up ORS hydration booths, advise elderly/children to remain indoors, halt non-essential outdoor work.",32.0,33.3,72.2,5.7,730.0,40.4,Critical Heat,#e53935,33.3 °C (ΔT: +1.3 °C),40.4 °C (Critical Heat),Activate municipal misting fans,"🔥 CRITICAL: Activate municipal misting fans, set up ORS hydration booths, advise elderly/children to remain indoors, halt non-essential outdoor work.",33.6,34.9,65.3,7.6,748.0,41.8,Critical Heat,#e53935,34.9 °C (ΔT: +1.3 °C),41.8 °C (Critical Heat),Activate municipal misting fans,"🔥 CRITICAL: Activate municipal misting fans, set up ORS hydration booths, advise elderly/children to remain indoors, halt non-essential outdoor work.",35.1,36.4,57.0,7.7,783.0,43.0,Extreme Danger,#8b0000,36.4 °C (ΔT: +1.3 °C),43.0 °C (Extreme Danger),Open 24/7 cooling centers,"🚨 EMERGENCY: Open 24/7 cooling centers, halt outdoor labor (11am-4pm), dispatch emergency water tankers to slum clusters, activate hospital heat-stroke protocols.",35.1,36.4,70.1,5.7,783.0,44.7,Extreme Danger,#8b0000,36.4 °C (ΔT: +1.3 °C),44.7 °C (Extreme Danger),Open 24/7 cooling centers,"🚨 EMERGENCY: Open 24/7 cooling centers, halt outdoor labor (11am-4pm), dispatch emergency water tankers to slum clusters, activate hospital heat-stroke protocols.",35.1,36.4,70.1,5.7,783.0,44.7,Extreme Danger,#8b0000,36.4 °C (ΔT: +1.3 °C),44.7 °C (Extreme Danger),Open 24/7 cooling centers,"🚨 EMERGENCY: Open 24/7 cooling centers, halt outdoor labor (11am-4pm), dispatch emergency water tankers to slum clusters, activate hospital heat-stroke protocols."
097N,Ward 097N (Central Delhi),North Delhi MCD,Central Delhi,28.659,77.1635,0.49,1.47,0.179,0.81,21.6,27471,28.5,30.0,77.5,5.2,754.0,36.6,Moderate Risk,#fb8c00,30.0 °C (ΔT: +1.5 °C),36.6 °C (Moderate Risk),Enforce hydration breaks for outdoor workers,"⚠️ ADVISORY: Enforce hydration breaks for outdoor workers, distribute ORS at transit hubs, maintain continuous water supplies in high-density settlements.",29.6,31.1,78.7,2.4,665.0,38.4,Critical Heat,#e53935,31.1 °C (ΔT: +1.5 °C),38.4 °C (Critical Heat),Activate municipal misting fans,"🔥 CRITICAL: Activate municipal misting fans, set up ORS hydration booths, advise elderly/children to remain indoors, halt non-essential outdoor work.",32.0,33.5,72.2,5.7,730.0,40.7,Critical Heat,#e53935,33.5 °C (ΔT: +1.5 °C),40.7 °C (Critical Heat),Activate municipal misting fans,"🔥 CRITICAL: Activate municipal misting fans, set up ORS hydration booths, advise elderly/children to remain indoors, halt non-essential outdoor work.",33.6,35.1,65.3,7.6,748.0,42.0,Critical Heat,#e53935,35.1 °C (ΔT: +1.5 °C),42.0 °C (Critical Heat),Activate municipal misting fans,"🔥 CRITICAL: Activate municipal misting fans, set up ORS hydration booths, advise elderly/children to remain indoors, halt non-essential outdoor work.",35.1,36.6,57.0,7.7,783.0,43.3,Extreme Danger,#8b0000,36.6 °C (ΔT: +1.5 °C),43.3 °C (Extreme Danger),Open 24/7 cooling centers,"🚨 EMERGENCY: Open 24/7 cooling centers, halt outdoor labor (11am-4pm), dispatch emergency water tankers to slum clusters, activate hospital heat-stroke protocols.",35.1,36.6,70.1,5.7,783.0,45.0,Extreme Danger,#8b0000,36.6 °C (ΔT: +1.5 °C),45.0 °C (Extreme Danger),Open 24/7 cooling centers,"🚨 EMERGENCY: Open 24/7 cooling centers, halt outdoor labor (11am-4pm), dispatch emergency water tankers to slum clusters, activate hospital heat-stroke protocols.",35.1,36.6,70.1,5.7,783.0,45.0,Extreme Danger,#8b0000,36.6 °C (ΔT: +1.5 °C),45.0 °C (Extreme Danger),Open 24/7 cooling centers,"🚨 EMERGENCY: Open 24/7 cooling centers, halt outdoor labor (11am-4pm), dispatch emergency water tankers to slum clusters, activate hospital heat-stroke protocols."
094N,Ward 094N (Central Delhi),North Delhi MCD,Central Delhi,28.6558,77.1853,0.98,1.45,0.154,0.79,20.5,26882,28.5,29.9,77.5,5.2,754.0,36.4,Moderate Risk,#fb8c00,29.9 °C (ΔT: +1.4 °C),36.4 °C (Moderate Risk),Enforce hydration breaks for outdoor workers,"⚠️ ADVISORY: Enforce hydration breaks for outdoor workers, distribute ORS at transit hubs, maintain continuous water supplies in high-density settlements.",29.6,31.1,78.7,2.4,665.0,38.4,Critical Heat,#e53935,31.1 °C (ΔT: +1.4 °C),38.4 °C (Critical Heat),Activate municipal misting fans,"🔥 CRITICAL: Activate municipal misting fans, set up ORS hydration booths, advise elderly/children to remain indoors, halt non-essential outdoor work.",32.0,33.5,72.2,5.7,730.0,40.7,Critical Heat,#e53935,33.5 °C (ΔT: +1.4 °C),40.7 °C (Critical Heat),Activate municipal misting fans,"🔥 CRITICAL: Activate municipal misting fans, set up ORS hydration booths, advise elderly/children to remain indoors, halt non-essential outdoor work.",33.6,35.1,65.3,7.6,748.0,42.0,Critical Heat,#e53935,35.1 °C (ΔT: +1.4 °C),42.0 °C (Critical Heat),Activate municipal misting fans,"🔥 CRITICAL: Activate municipal misting fans, set up ORS hydration booths, advise elderly/children to remain indoors, halt non-essential outdoor work.",35.1,36.6,57.0,7.7,783.0,43.3,Extreme Danger,#8b0000,36.6 °C (ΔT: +1.4 °C),43.3 °C (Extreme Danger),Open 24/7 cooling centers,"🚨 EMERGENCY: Open 24/7 cooling centers, halt outdoor labor (11am-4pm), dispatch emergency water tankers to slum clusters, activate hospital heat-stroke protocols.",35.1,36.6,70.1,5.7,783.0,45.0,Extreme Danger,#8b0000,36.6 °C (ΔT: +1.4 °C),45.0 °C (Extreme Danger),Open 24/7 cooling centers,"🚨 EMERGENCY: Open 24/7 cooling centers, halt outdoor labor (11am-4pm), dispatch emergency water tankers to slum clusters, activate hospital heat-stroke protocols.",35.1,36.6,70.1,5.7,783.0,45.0,Extreme Danger,#8b0000,36.6 °C (ΔT: +1.4 °C),45.0 °C (Extreme Danger),Open 24/7 cooling centers,"🚨 EMERGENCY: Open 24/7 cooling centers, halt outdoor labor (11am-4pm), dispatch emergency water tankers to slum clusters, activate hospital heat-stroke protocols."
092N,Ward 092N (Central Delhi),North Delhi MCD,Central Delhi,28.659,77.2006,2.71,1.43,0.15,0.83,17.7,29422,28.5,29.9,77.5,5.2,754.0,36.4,Moderate Risk,#fb8c00,29.9 °C (ΔT: +1.4 °C),36.4 °C (Moderate Risk),Enforce hydration breaks for outdoor workers,"⚠️ ADVISORY: Enforce hydration breaks for outdoor workers, distribute ORS at transit hubs, maintain continuous water supplies in high-density settlements.",29.6,31.0,78.7,2.4,665.0,38.3,Critical Heat,#e53935,31.0 °C (ΔT: +1.4 °C),38.3 °C (Critical Heat),Activate municipal misting fans,"🔥 CRITICAL: Activate municipal misting fans, set up ORS hydration booths, advise elderly/children to remain indoors, halt non-essential outdoor work.",32.0,33.4,72.2,5.7,730.0,40.6,Critical Heat,#e53935,33.4 °C (ΔT: +1.4 °C),40.6 °C (Critical Heat),Activate municipal misting fans,"🔥 CRITICAL: Activate municipal misting fans, set up ORS hydration booths, advise elderly/children to remain indoors, halt non-essential outdoor work.",33.6,35.0,65.3,7.6,748.0,41.9,Critical Heat,#e53935,35.0 °C (ΔT: +1.4 °C),41.9 °C (Critical Heat),Activate municipal misting fans,"🔥 CRITICAL: Activate municipal misting fans, set up ORS hydration booths, advise elderly/children to remain indoors, halt non-essential outdoor work.",35.1,36.5,57.0,7.7,783.0,43.1,Extreme Danger,#8b0000,36.5 °C (ΔT: +1.4 °C),43.1 °C (Extreme Danger),Open 24/7 cooling centers,"🚨 EMERGENCY: Open 24/7 cooling centers, halt outdoor labor (11am-4pm), dispatch emergency water tankers to slum clusters, activate hospital heat-stroke protocols.",35.1,36.5,70.1,5.7,783.0,44.9,Extreme Danger,#8b0000,36.5 °C (ΔT: +1.4 °C),44.9 °C (Extreme Danger),Open 24/7 cooling centers,"🚨 EMERGENCY: Open 24/7 cooling centers, halt outdoor labor (11am-4pm), dispatch emergency water tankers to slum clusters, activate hospital heat-stroke protocols.",35.1,36.5,70.1,5.7,783.0,44.9,Extreme Danger,#8b0000,36.5 °C (ΔT: +1.4 °C),44.9 °C (Extreme Danger),Open 24/7 cooling centers,"🚨 EMERGENCY: Open 24/7 cooling centers, halt outdoor labor (11am-4pm), dispatch emergency water tankers to slum clusters, activate hospital heat-stroke protocols."
093N,Ward 093N (Central Delhi),North Delhi MCD,Central Delhi,28.6487,77.2088,1.88,1.54,0.121,0.77,20.8,29119,28.5,30.0,77.5,5.2,754.0,36.6,Moderate Risk,#fb8c00,30.0 °C (ΔT: +1.5 °C),36.6 °C (Moderate Risk),Enforce hydration breaks for outdoor workers,"⚠️ ADVISORY: Enforce hydration breaks for outdoor workers, distribute ORS at transit hubs, maintain continuous water supplies in high-density settlements.",29.6,31.1,78.7,2.4,665.0,38.4,Critical Heat,#e53935,31.1 °C (ΔT: +1.5 °C),38.4 °C (Critical Heat),Activate municipal misting fans,"🔥 CRITICAL: Activate municipal misting fans, set up ORS hydration booths, advise elderly/children to remain indoors, halt non-essential outdoor work.",32.0,33.5,72.2,5.7,730.0,40.7,Critical Heat,#e53935,33.5 °C (ΔT: +1.5 °C),40.7 °C (Critical Heat),Activate municipal misting fans,"🔥 CRITICAL: Activate municipal misting fans, set up ORS hydration booths, advise elderly/children to remain indoors, halt non-essential outdoor work.",33.6,35.1,65.3,7.6,748.0,42.0,Critical Heat,#e53935,35.1 °C (ΔT: +1.5 °C),42.0 °C (Critical Heat),Activate municipal misting fans,"🔥 CRITICAL: Activate municipal misting fans, set up ORS hydration booths, advise elderly/children to remain indoors, halt non-essential outdoor work.",35.1,36.6,57.0,7.7,783.0,43.3,Extreme Danger,#8b0000,36.6 °C (ΔT: +1.5 °C),43.3 °C (Extreme Danger),Open 24/7 cooling centers,"🚨 EMERGENCY: Open 24/7 cooling centers, halt outdoor labor (11am-4pm), dispatch emergency water tankers to slum clusters, activate hospital heat-stroke protocols.",35.1,36.6,70.1,5.7,783.0,45.0,Extreme Danger,#8b0000,36.6 °C (ΔT: +1.5 °C),45.0 °C (Extreme Danger),Open 24/7 cooling centers,"🚨 EMERGENCY: Open 24/7 cooling centers, halt outdoor labor (11am-4pm), dispatch emergency water tankers to slum clusters, activate hospital heat-stroke protocols.",35.1,36.6,70.1,5.7,783.0,45.0,Extreme Danger,#8b0000,36.6 °C (ΔT: +1.5 °C),45.0 °C (Extreme Danger),Open 24/7 cooling centers,"🚨 EMERGENCY: Open 24/7 cooling centers, halt outdoor labor (11am-4pm), dispatch emergency water tankers to slum clusters, activate hospital heat-stroke protocols."
090N,Ward 090N (New Delhi),North Delhi MCD,New Delhi,28.6559,77.2266,1.12,-1.06,0.341,0.47,1.0,6100,28.2,27.1,78.7,5.6,741.0,32.7,Moderate Risk,#fb8c00,27.1 °C (ΔT: -1.1 °C),32.7 °C (Moderate Risk),Enforce hydration breaks for outdoor workers,"⚠️ ADVISORY: Enforce hydration breaks for outdoor workers, distribute ORS at transit hubs, maintain continuous water supplies in high-density settlements.",29.6,28.5,80.1,2.9,680.0,34.9,Moderate Risk,#fb8c00,28.5 °C (ΔT: -1.1 °C),34.9 °C (Moderate Risk),Enforce hydration breaks for outdoor workers,"⚠️ ADVISORY: Enforce hydration breaks for outdoor workers, distribute ORS at transit hubs, maintain continuous water supplies in high-density settlements.",31.8,30.7,73.1,6.3,731.0,36.9,Moderate Risk,#fb8c00,30.7 °C (ΔT: -1.1 °C),36.9 °C (Moderate Risk),Enforce hydration breaks for outdoor workers,"⚠️ ADVISORY: Enforce hydration breaks for outdoor workers, distribute ORS at transit hubs, maintain continuous water supplies in high-density settlements.",33.5,32.4,66.0,8.2,752.0,38.4,Critical Heat,#e53935,32.4 °C (ΔT: -1.1 °C),38.4 °C (Critical Heat),Activate municipal misting fans,"🔥 CRITICAL: Activate municipal misting fans, set up ORS hydration booths, advise elderly/children to remain indoors, halt non-essential outdoor work.",35.0,33.9,57.1,8.4,789.0,39.7,Critical Heat,#e53935,33.9 °C (ΔT: -1.1 °C),39.7 °C (Critical Heat),Activate municipal misting fans,"🔥 CRITICAL: Activate municipal misting fans, set up ORS hydration booths, advise elderly/children to remain indoors, halt non-essential outdoor work.",35.0,33.9,71.0,6.3,789.0,41.2,Critical Heat,#e53935,33.9 °C (ΔT: -1.1 °C),41.2 °C (Critical Heat),Activate municipal misting fans,"🔥 CRITICAL: Activate municipal misting fans, set up ORS hydration booths, advise elderly/children to remain indoors, halt non-essential outdoor work.",35.0,33.9,71.0,6.3,789.0,41.2,Critical Heat,#e53935,33.9 °C (ΔT: -1.1 °C),41.2 °C (Critical Heat),Activate municipal misting fans,"🔥 CRITICAL: Activate municipal misting fans, set up ORS hydration booths, advise elderly/children to remain indoors, halt non-essential outdoor work."
091N,Ward 091N (Central Delhi),North Delhi MCD,Central Delhi,28.6534,77.2184,0.64,1.44,0.17,0.8,21.0,29794,28.5,29.9,77.5,5.2,754.0,36.4,Moderate Risk,#fb8c00,29.9 °C (ΔT: +1.4 °C),36.4 °C (Moderate Risk),Enforce hydration breaks for outdoor workers,"⚠️ ADVISORY: Enforce hydration breaks for outdoor workers, distribute ORS at transit hubs, maintain continuous water supplies in high-density settlements.",29.6,31.0,78.7,2.4,665.0,38.3,Critical Heat,#e53935,31.0 °C (ΔT: +1.4 °C),38.3 °C (Critical Heat),Activate municipal misting fans,"🔥 CRITICAL: Activate municipal misting fans, set up ORS hydration booths, advise elderly/children to remain indoors, halt non-essential outdoor work.",32.0,33.4,72.2,5.7,730.0,40.6,Critical Heat,#e53935,33.4 °C (ΔT: +1.4 °C),40.6 °C (Critical Heat),Activate municipal misting fans,"🔥 CRITICAL: Activate municipal misting fans, set up ORS hydration booths, advise elderly/children to remain indoors, halt non-essential outdoor work.",33.6,35.0,65.3,7.6,748.0,41.9,Critical Heat,#e53935,35.0 °C (ΔT: +1.4 °C),41.9 °C (Critical Heat),Activate municipal misting fans,"🔥 CRITICAL: Activate municipal misting fans, set up ORS hydration booths, advise elderly/children to remain indoors, halt non-essential outdoor work.",35.1,36.5,57.0,7.7,783.0,43.1,Extreme Danger,#8b0000,36.5 °C (ΔT: +1.4 °C),43.1 °C (Extreme Danger),Open 24/7 cooling centers,"🚨 EMERGENCY: Open 24/7 cooling centers, halt outdoor labor (11am-4pm), dispatch emergency water tankers to slum clusters, activate hospital heat-stroke protocols.",35.1,36.5,70.1,5.7,783.0,44.9,Extreme Danger,#8b0000,36.5 °C (ΔT: +1.4 °C),44.9 °C (Extreme Danger),Open 24/7 cooling centers,"🚨 EMERGENCY: Open 24/7 cooling centers, halt outdoor labor (11am-4pm), dispatch emergency water tankers to slum clusters, activate hospital heat-stroke protocols.",35.1,36.5,70.1,5.7,783.0,44.9,Extreme Danger,#8b0000,36.5 °C (ΔT: +1.4 °C),44.9 °C (Extreme Danger),Open 24/7 cooling centers,"🚨 EMERGENCY: Open 24/7 cooling centers, halt outdoor labor (11am-4pm), dispatch emergency water tankers to slum clusters, activate hospital heat-stroke protocols."
089N,Ward 089N (Central Delhi),North Delhi MCD,Central Delhi,28.6594,77.2128,0.83,1.09,0.145,0.74,15.2,27177,28.5,29.6,77.5,5.2,754.0,36.0,Moderate Risk,#fb8c00,29.6 °C (ΔT: +1.1 °C),36.0 °C (Moderate Risk),Enforce hydration breaks for outdoor workers,"⚠️ ADVISORY: Enforce hydration breaks for outdoor workers, distribute ORS at transit hubs, maintain continuous water supplies in high-density settlements.",29.6,30.7,78.7,2.4,665.0,37.8,Moderate Risk,#fb8c00,30.7 °C (ΔT: +1.1 °C),37.8 °C (Moderate Risk),Enforce hydration breaks for outdoor workers,"⚠️ ADVISORY: Enforce hydration breaks for outdoor workers, distribute ORS at transit hubs, maintain continuous water supplies in high-density settlements.",32.0,33.1,72.2,5.7,730.0,40.2,Critical Heat,#e53935,33.1 °C (ΔT: +1.1 °C),40.2 °C (Critical Heat),Activate municipal misting fans,"🔥 CRITICAL: Activate municipal misting fans, set up ORS hydration booths, advise elderly/children to remain indoors, halt non-essential outdoor work.",33.6,34.7,65.3,7.6,748.0,41.5,Critical Heat,#e53935,34.7 °C (ΔT: +1.1 °C),41.5 °C (Critical Heat),Activate municipal misting fans,"🔥 CRITICAL: Activate municipal misting fans, set up ORS hydration booths, advise elderly/children to remain indoors, halt non-essential outdoor work.",35.1,36.2,57.0,7.7,783.0,42.7,Critical Heat,#e53935,36.2 °C (ΔT: +1.1 °C),42.7 °C (Critical Heat),Activate municipal misting fans,"🔥 CRITICAL: Activate municipal misting fans, set up ORS hydration booths, advise elderly/children to remain indoors, halt non-essential outdoor work.",35.1,36.2,70.1,5.7,783.0,44.4,Extreme Danger,#8b0000,36.2 °C (ΔT: +1.1 °C),44.4 °C (Extreme Danger),Open 24/7 cooling centers,"🚨 EMERGENCY: Open 24/7 cooling centers, halt outdoor labor (11am-4pm), dispatch emergency water tankers to slum clusters, activate hospital heat-stroke protocols.",35.1,36.2,70.1,5.7,783.0,44.4,Extreme Danger,#8b0000,36.2 °C (ΔT: +1.1 °C),44.4 °C (Extreme Danger),Open 24/7 cooling centers,"🚨 EMERGENCY: Open 24/7 cooling centers, halt outdoor labor (11am-4pm), dispatch emergency water tankers to slum clusters, activate hospital heat-stroke protocols."
085N,Ward 085N (South East Delhi),North Delhi MCD,South East Delhi,28.6529,77.2406,0.63,0.98,0.211,0.7,20.0,15893,28.1,29.1,81.2,5.3,716.0,35.5,Moderate Risk,#fb8c00,29.1 °C (ΔT: +1.0 °C),35.5 °C (Moderate Risk),Enforce hydration breaks for outdoor workers,"⚠️ ADVISORY: Enforce hydration breaks for outdoor workers, distribute ORS at transit hubs, maintain continuous water supplies in high-density settlements.",29.5,30.5,81.6,2.7,675.0,37.8,Moderate Risk,#fb8c00,30.5 °C (ΔT: +1.0 °C),37.8 °C (Moderate Risk),Enforce hydration breaks for outdoor workers,"⚠️ ADVISORY: Enforce hydration breaks for outdoor workers, distribute ORS at transit hubs, maintain continuous water supplies in high-density settlements.",31.8,32.8,74.0,6.0,727.0,39.9,Critical Heat,#e53935,32.8 °C (ΔT: +1.0 °C),39.9 °C (Critical Heat),Activate municipal misting fans,"🔥 CRITICAL: Activate municipal misting fans, set up ORS hydration booths, advise elderly/children to remain indoors, halt non-essential outdoor work.",33.6,34.6,65.8,7.9,762.0,41.4,Critical Heat,#e53935,34.6 °C (ΔT: +1.0 °C),41.4 °C (Critical Heat),Activate municipal misting fans,"🔥 CRITICAL: Activate municipal misting fans, set up ORS hydration booths, advise elderly/children to remain indoors, halt non-essential outdoor work.",35.4,36.4,55.7,8.3,786.0,42.8,Critical Heat,#e53935,36.4 °C (ΔT: +1.0 °C),42.8 °C (Critical Heat),Activate municipal misting fans,"🔥 CRITICAL: Activate municipal misting fans, set up ORS hydration booths, advise elderly/children to remain indoors, halt non-essential outdoor work.",35.4,36.4,71.7,6.0,786.0,44.9,Extreme Danger,#8b0000,36.4 °C (ΔT: +1.0 °C),44.9 °C (Extreme Danger),Open 24/7 cooling centers,"🚨 EMERGENCY: Open 24/7 cooling centers, halt outdoor labor (11am-4pm), dispatch emergency water tankers to slum clusters, activate hospital heat-stroke protocols.",35.4,36.4,71.7,6.0,786.0,44.9,Extreme Danger,#8b0000,36.4 °C (ΔT: +1.0 °C),44.9 °C (Extreme Danger),Open 24/7 cooling centers,"🚨 EMERGENCY: Open 24/7 cooling centers, halt outdoor labor (11am-4pm), dispatch emergency water tankers to slum clusters, activate hospital heat-stroke protocols."
086N,Ward 086N (South East Delhi),North Delhi MCD,South East Delhi,28.6507,77.2364,0.4,1.36,0.16,0.72,22.7,16027,28.1,29.5,81.2,5.3,716.0,36.0,Moderate Risk,#fb8c00,29.5 °C (ΔT: +1.4 °C),36.0 °C (Moderate Risk),Enforce hydration breaks for outdoor workers,"⚠️ ADVISORY: Enforce hydration breaks for outdoor workers, distribute ORS at transit hubs, maintain continuous water supplies in high-density settlements.",29.5,30.9,81.6,2.7,675.0,38.3,Critical Heat,#e53935,30.9 °C (ΔT: +1.4 °C),38.3 °C (Critical Heat),Activate municipal misting fans,"🔥 CRITICAL: Activate municipal misting fans, set up ORS hydration booths, advise elderly/children to remain indoors, halt non-essential outdoor work.",31.8,33.2,74.0,6.0,727.0,40.4,Critical Heat,#e53935,33.2 °C (ΔT: +1.4 °C),40.4 °C (Critical Heat),Activate municipal misting fans,"🔥 CRITICAL: Activate municipal misting fans, set up ORS hydration booths, advise elderly/children to remain indoors, halt non-essential outdoor work.",33.6,35.0,65.8,7.9,762.0,42.0,Critical Heat,#e53935,35.0 °C (ΔT: +1.4 °C),42.0 °C (Critical Heat),Activate municipal misting fans,"🔥 CRITICAL: Activate municipal misting fans, set up ORS hydration booths, advise elderly/children to remain indoors, halt non-essential outdoor work.",35.4,36.8,55.7,8.3,786.0,43.3,Extreme Danger,#8b0000,36.8 °C (ΔT: +1.4 °C),43.3 °C (Extreme Danger),Open 24/7 cooling centers,"🚨 EMERGENCY: Open 24/7 cooling centers, halt outdoor labor (11am-4pm), dispatch emergency water tankers to slum clusters, activate hospital heat-stroke protocols.",35.4,36.8,71.7,6.0,786.0,45.4,Extreme Danger,#8b0000,36.8 °C (ΔT: +1.4 °C),45.4 °C (Extreme Danger),Open 24/7 cooling centers,"🚨 EMERGENCY: Open 24/7 cooling centers, halt outdoor labor (11am-4pm), dispatch emergency water tankers to slum clusters, activate hospital heat-stroke protocols.",35.4,36.8,71.7,6.0,786.0,45.4,Extreme Danger,#8b0000,36.8 °C (ΔT: +1.4 °C),45.4 °C (Extreme Danger),Open 24/7 cooling centers,"🚨 EMERGENCY: Open 24/7 cooling centers, halt outdoor labor (11am-4pm), dispatch emergency water tankers to slum clusters, activate hospital heat-stroke protocols."
087N,Ward 087N (South East Delhi),North Delhi MCD,South East Delhi,28.6505,77.2311,0.46,1.12,0.171,0.7,19.8,20231,28.1,29.2,81.2,5.3,716.0,35.6,Moderate Risk,#fb8c00,29.2 °C (ΔT: +1.1 °C),35.6 °C (Moderate Risk),Enforce hydration breaks for outdoor workers,"⚠️ ADVISORY: Enforce hydration breaks for outdoor workers, distribute ORS at transit hubs, maintain continuous water supplies in high-density settlements.",29.5,30.6,81.6,2.7,675.0,37.9,Moderate Risk,#fb8c00,30.6 °C (ΔT: +1.1 °C),37.9 °C (Moderate Risk),Enforce hydration breaks for outdoor workers,"⚠️ ADVISORY: Enforce hydration breaks for outdoor workers, distribute ORS at transit hubs, maintain continuous water supplies in high-density settlements.",31.8,32.9,74.0,6.0,727.0,40.0,Critical Heat,#e53935,32.9 °C (ΔT: +1.1 °C),40.0 °C (Critical Heat),Activate municipal misting fans,"🔥 CRITICAL: Activate municipal misting fans, set up ORS hydration booths, advise elderly/children to remain indoors, halt non-essential outdoor work.",33.6,34.7,65.8,7.9,762.0,41.5,Critical Heat,#e53935,34.7 °C (ΔT: +1.1 °C),41.5 °C (Critical Heat),Activate municipal misting fans,"🔥 CRITICAL: Activate municipal misting fans, set up ORS hydration booths, advise elderly/children to remain indoors, halt non-essential outdoor work.",35.4,36.5,55.7,8.3,786.0,42.9,Critical Heat,#e53935,36.5 °C (ΔT: +1.1 °C),42.9 °C (Critical Heat),Activate municipal misting fans,"🔥 CRITICAL: Activate municipal misting fans, set up ORS hydration booths, advise elderly/children to remain indoors, halt non-essential outdoor work.",35.4,36.5,71.7,6.0,786.0,45.0,Extreme Danger,#8b0000,36.5 °C (ΔT: +1.1 °C),45.0 °C (Extreme Danger),Open 24/7 cooling centers,"🚨 EMERGENCY: Open 24/7 cooling centers, halt outdoor labor (11am-4pm), dispatch emergency water tankers to slum clusters, activate hospital heat-stroke protocols.",35.4,36.5,71.7,6.0,786.0,45.0,Extreme Danger,#8b0000,36.5 °C (ΔT: +1.1 °C),45.0 °C (Extreme Danger),Open 24/7 cooling centers,"🚨 EMERGENCY: Open 24/7 cooling centers, halt outdoor labor (11am-4pm), dispatch emergency water tankers to slum clusters, activate hospital heat-stroke protocols."
088N,Ward 088N (South East Delhi),North Delhi MCD,South East Delhi,28.6413,77.2368,2.53,0.88,0.219,0.67,20.3,17180,28.1,29.0,81.2,5.3,716.0,35.4,Moderate Risk,#fb8c00,29.0 °C (ΔT: +0.9 °C),35.4 °C (Moderate Risk),Enforce hydration breaks for outdoor workers,"⚠️ ADVISORY: Enforce hydration breaks for outdoor workers, distribute ORS at transit hubs, maintain continuous water supplies in high-density settlements.",29.5,30.4,81.6,2.7,675.0,37.6,Moderate Risk,#fb8c00,30.4 °C (ΔT: +0.9 °C),37.6 °C (Moderate Risk),Enforce hydration breaks for outdoor workers,"⚠️ ADVISORY: Enforce hydration breaks for outdoor workers, distribute ORS at transit hubs, maintain continuous water supplies in high-density settlements.",31.8,32.7,74.0,6.0,727.0,39.7,Critical Heat,#e53935,32.7 °C (ΔT: +0.9 °C),39.7 °C (Critical Heat),Activate municipal misting fans,"🔥 CRITICAL: Activate municipal misting fans, set up ORS hydration booths, advise elderly/children to remain indoors, halt non-essential outdoor work.",33.6,34.5,65.8,7.9,762.0,41.3,Critical Heat,#e53935,34.5 °C (ΔT: +0.9 °C),41.3 °C (Critical Heat),Activate municipal misting fans,"🔥 CRITICAL: Activate municipal misting fans, set up ORS hydration booths, advise elderly/children to remain indoors, halt non-essential outdoor work.",35.4,36.3,55.7,8.3,786.0,42.7,Critical Heat,#e53935,36.3 °C (ΔT: +0.9 °C),42.7 °C (Critical Heat),Activate municipal misting fans,"🔥 CRITICAL: Activate municipal misting fans, set up ORS hydration booths, advise elderly/children to remain indoors, halt non-essential outdoor work.",35.4,36.3,71.7,6.0,786.0,44.7,Extreme Danger,#8b0000,36.3 °C (ΔT: +0.9 °C),44.7 °C (Extreme Danger),Open 24/7 cooling centers,"🚨 EMERGENCY: Open 24/7 cooling centers, halt outdoor labor (11am-4pm), dispatch emergency water tankers to slum clusters, activate hospital heat-stroke protocols.",35.4,36.3,71.7,6.0,786.0,44.7,Extreme Danger,#8b0000,36.3 °C (ΔT: +0.9 °C),44.7 °C (Extreme Danger),Open 24/7 cooling centers,"🚨 EMERGENCY: Open 24/7 cooling centers, halt outdoor labor (11am-4pm), dispatch emergency water tankers to slum clusters, activate hospital heat-stroke protocols."
013N,Ward 013N (North Delhi),North Delhi MCD,North Delhi,28.6771,77.2107,1.02,1.01,0.185,0.7,18.6,16584,28.5,29.5,78.3,5.6,758.0,35.9,Moderate Risk,#fb8c00,29.5 °C (ΔT: +1.0 °C),35.9 °C (Moderate Risk),Enforce hydration breaks for outdoor workers,"⚠️ ADVISORY: Enforce hydration breaks for outdoor workers, distribute ORS at transit hubs, maintain continuous water supplies in high-density settlements.",29.5,30.5,79.5,2.3,636.0,37.6,Moderate Risk,#fb8c00,30.5 °C (ΔT: +1.0 °C),37.6 °C (Moderate Risk),Enforce hydration breaks for outdoor workers,"⚠️ ADVISORY: Enforce hydration breaks for outdoor workers, distribute ORS at transit hubs, maintain continuous water supplies in high-density settlements.",31.9,32.9,72.1,6.4,730.0,39.8,Critical Heat,#e53935,32.9 °C (ΔT: +1.0 °C),39.8 °C (Critical Heat),Activate municipal misting fans,"🔥 CRITICAL: Activate municipal misting fans, set up ORS hydration booths, advise elderly/children to remain indoors, halt non-essential outdoor work.",33.5,34.5,64.8,8.6,749.0,41.0,Critical Heat,#e53935,34.5 °C (ΔT: +1.0 °C),41.0 °C (Critical Heat),Activate municipal misting fans,"🔥 CRITICAL: Activate municipal misting fans, set up ORS hydration booths, advise elderly/children to remain indoors, halt non-essential outdoor work.",34.9,35.9,56.9,8.7,781.0,42.2,Critical Heat,#e53935,35.9 °C (ΔT: +1.0 °C),42.2 °C (Critical Heat),Activate municipal misting fans,"🔥 CRITICAL: Activate municipal misting fans, set up ORS hydration booths, advise elderly/children to remain indoors, halt non-essential outdoor work.",34.9,35.9,70.3,6.3,781.0,43.9,Extreme Danger,#8b0000,35.9 °C (ΔT: +1.0 °C),43.9 °C (Extreme Danger),Open 24/7 cooling centers,"🚨 EMERGENCY: Open 24/7 cooling centers, halt outdoor labor (11am-4pm), dispatch emergency water tankers to slum clusters, activate hospital heat-stroke protocols.",34.9,35.9,70.3,6.3,781.0,43.9,Extreme Danger,#8b0000,35.9 °C (ΔT: +1.0 °C),43.9 °C (Extreme Danger),Open 24/7 cooling centers,"🚨 EMERGENCY: Open 24/7 cooling centers, halt outdoor labor (11am-4pm), dispatch emergency water tankers to slum clusters, activate hospital heat-stroke protocols."
104N,Ward 104N (Central Delhi),North Delhi MCD,Central Delhi,28.6345,77.1435,2.41,1.47,0.16,0.78,21.8,29774,28.5,30.0,77.5,5.2,754.0,36.6,Moderate Risk,#fb8c00,30.0 °C (ΔT: +1.5 °C),36.6 °C (Moderate Risk),Enforce hydration breaks for outdoor workers,"⚠️ ADVISORY: Enforce hydration breaks for outdoor workers, distribute ORS at transit hubs, maintain continuous water supplies in high-density settlements.",29.6,31.1,78.7,2.4,665.0,38.4,Critical Heat,#e53935,31.1 °C (ΔT: +1.5 °C),38.4 °C (Critical Heat),Activate municipal misting fans,"🔥 CRITICAL: Activate municipal misting fans, set up ORS hydration booths, advise elderly/children to remain indoors, halt non-essential outdoor work.",32.0,33.5,72.2,5.7,730.0,40.7,Critical Heat,#e53935,33.5 °C (ΔT: +1.5 °C),40.7 °C (Critical Heat),Activate municipal misting fans,"🔥 CRITICAL: Activate municipal misting fans, set up ORS hydration booths, advise elderly/children to remain indoors, halt non-essential outdoor work.",33.6,35.1,65.3,7.6,748.0,42.0,Critical Heat,#e53935,35.1 °C (ΔT: +1.5 °C),42.0 °C (Critical Heat),Activate municipal misting fans,"🔥 CRITICAL: Activate municipal misting fans, set up ORS hydration booths, advise elderly/children to remain indoors, halt non-essential outdoor work.",35.1,36.6,57.0,7.7,783.0,43.3,Extreme Danger,#8b0000,36.6 °C (ΔT: +1.5 °C),43.3 °C (Extreme Danger),Open 24/7 cooling centers,"🚨 EMERGENCY: Open 24/7 cooling centers, halt outdoor labor (11am-4pm), dispatch emergency water tankers to slum clusters, activate hospital heat-stroke protocols.",35.1,36.6,70.1,5.7,783.0,45.0,Extreme Danger,#8b0000,36.6 °C (ΔT: +1.5 °C),45.0 °C (Extreme Danger),Open 24/7 cooling centers,"🚨 EMERGENCY: Open 24/7 cooling centers, halt outdoor labor (11am-4pm), dispatch emergency water tankers to slum clusters, activate hospital heat-stroke protocols.",35.1,36.6,70.1,5.7,783.0,45.0,Extreme Danger,#8b0000,36.6 °C (ΔT: +1.5 °C),45.0 °C (Extreme Danger),Open 24/7 cooling centers,"🚨 EMERGENCY: Open 24/7 cooling centers, halt outdoor labor (11am-4pm), dispatch emergency water tankers to slum clusters, activate hospital heat-stroke protocols."
