date,forecast_temp,forecast_rh,forecast_wind,forecast_solar,zone_name,lat,lon,hour,diurnal_sin,diurnal_cos,temp_lag_24h,predicted_delta_T,corrected_temp,utci
2026-09-27 00:00:00,22.4,88,7.8,0.0,Central Delhi,28.6437,77.1648,0,0.0,1.0,25.3,0.073047236,22.4730472356081,16.5
2026-09-27 01:00:00,22.5,88,2.4,0.0,Central Delhi,28.6437,77.1648,1,0.2588190451025207,0.9659258262890684,24.9,-0.65429235,21.845707654953003,21.6
2026-09-27 02:00:00,22.8,87,2.2,0.0,Central Delhi,28.6437,77.1648,2,0.4999999999999999,0.8660254037844387,24.5,-0.6632781,22.136721897125245,22.2
2026-09-27 03:00:00,22.9,85,1.3,0.0,Central Delhi,28.6437,77.1648,3,0.7071067811865476,0.7071067811865476,24.1,-0.7241563,22.175843679904936,23.4
2026-09-27 04:00:00,23.0,83,2.0,0.0,Central Delhi,28.6437,77.1648,4,0.8660254037844386,0.5000000000000001,23.9,-0.7741552,22.22584480047226,22.4
2026-09-27 05:00:00,23.0,84,3.1,0.0,Central Delhi,28.6437,77.1648,5,0.9659258262890684,0.2588190451025207,24.0,-0.67897063,22.321029365062717,20.9
2026-09-27 06:00:00,23.0,83,3.0,1.0,Central Delhi,28.6437,77.1648,6,1.0,6.123233995736766e-17,23.5,-0.72733736,22.27266263961792,20.9
2026-09-27 07:00:00,23.3,84,2.3,51.0,Central Delhi,28.6437,77.1648,7,0.9659258262890684,-0.2588190451025206,24.0,-1.1346847,22.16531531810761,22.1
2026-09-27 08:00:00,24.2,82,2.3,163.0,Central Delhi,28.6437,77.1648,8,0.8660254037844387,-0.4999999999999998,25.1,-0.78071845,23.419281554222103,23.8
2026-09-27 09:00:00,25.7,76,2.7,336.0,Central Delhi,28.6437,77.1648,9,0.7071067811865476,-0.7071067811865475,26.7,-1.0152087,24.68479127883911,24.9
2026-09-27 10:00:00,27.3,68,3.4,566.0,Central Delhi,28.6437,77.1648,10,0.4999999999999999,-0.8660254037844387,28.5,-1.0875448,26.212455201148988,26.0
2026-09-27 11:00:00,28.3,64,7.4,699.0,Central Delhi,28.6437,77.1648,11,0.258819045102521,-0.9659258262890682,27.9,-1.2178814,27.082118558883668,24.4
2026-09-27 12:00:00,28.5,64,8.3,754.0,Central Delhi,28.6437,77.1648,12,1.2246467991473532e-16,-1.0,29.1,-1.7225362,26.777463793754578,23.9
2026-09-27 13:00:00,28.4,65,8.8,675.0,Central Delhi,28.6437,77.1648,13,-0.2588190451025208,-0.9659258262890684,29.7,-0.9208918,27.47910817861557,24.9
2026-09-27 14:00:00,28.5,63,9.0,626.0,Central Delhi,28.6437,77.1648,14,-0.4999999999999997,-0.8660254037844388,29.4,-0.9033653,27.596634685993195,24.8
2026-09-27 15:00:00,28.4,63,8.1,499.0,Central Delhi,28.6437,77.1648,15,-0.7071067811865471,-0.7071067811865479,28.4,-0.27942953,28.12057047486305,25.5
2026-09-27 16:00:00,27.9,65,8.5,321.0,Central Delhi,28.6437,77.1648,16,-0.8660254037844385,-0.5000000000000004,27.4,0.13311727,28.033117273449896,25.1
2026-09-27 17:00:00,26.8,70,7.6,149.0,Central Delhi,28.6437,77.1648,17,-0.9659258262890684,-0.2588190451025206,24.7,0.1332025,26.93320249319077,23.4
2026-09-27 18:00:00,25.8,76,4.9,19.0,Central Delhi,28.6437,77.1648,18,-1.0,-1.8369701987210294e-16,23.6,-0.07180415,25.728195849061013,23.0
2026-09-27 19:00:00,25.3,79,4.3,0.0,Central Delhi,28.6437,77.1648,19,-0.9659258262890684,0.2588190451025203,23.2,-0.052177213,25.24782278686762,23.0
2026-09-27 20:00:00,24.6,82,6.2,0.0,Central Delhi,28.6437,77.1648,20,-0.8660254037844386,0.5000000000000001,23.4,-0.21559119,24.38440880775452,20.3
2026-09-27 21:00:00,23.9,86,6.7,0.0,Central Delhi,28.6437,77.1648,21,-0.7071067811865477,0.7071067811865474,23.1,-0.280819,23.61918100118637,19.0
2026-09-27 22:00:00,23.4,87,6.4,0.0,Central Delhi,28.6437,77.1648,22,-0.5000000000000004,0.8660254037844384,22.8,-0.28485695,23.115143054723735,18.4
2026-09-27 23:00:00,22.9,89,5.9,0.0,Central Delhi,28.6437,77.1648,23,-0.2588190451025215,0.965925826289068,22.4,0.045184057,22.945184057205918,18.7
2026-09-28 00:00:00,22.7,90,3.4,0.0,Central Delhi,28.6437,77.1648,0,0.0,1.0,22.4,-0.3610235,22.338976514339446,20.8
2026-09-28 01:00:00,22.5,91,2.4,0.0,Central Delhi,28.6437,77.1648,1,0.2588190451025207,0.9659258262890684,22.5,-0.65429235,21.845707654953003,21.8
2026-09-28 02:00:00,22.3,91,1.0,0.0,Central Delhi,28.6437,77.1648,2,0.4999999999999999,0.8660254037844387,22.8,-0.45383897,21.84616102576256,23.7
2026-09-28 03:00:00,22.2,92,1.0,0.0,Central Delhi,28.6437,77.1648,3,0.7071067811865476,0.7071067811865476,22.9,-0.47075942,21.72924057841301,23.7
2026-09-28 04:00:00,22.2,92,0.3,0.0,Central Delhi,28.6437,77.1648,4,0.8660254037844386,0.5000000000000001,23.0,-0.52075833,21.67924166917801,
2026-09-28 05:00:00,22.1,92,0.6,0.0,Central Delhi,28.6437,77.1648,5,0.9659258262890684,0.2588190451025207,23.0,-0.48496208,21.61503792405129,23.9
2026-09-28 06:00:00,22.0,94,1.6,2.0,Central Delhi,28.6437,77.1648,6,1.0,6.123233995736766e-17,23.0,-0.53332883,21.46667116880417,22.7
2026-09-28 07:00:00,22.9,91,1.0,78.0,Central Delhi,28.6437,77.1648,7,0.9659258262890684,-0.2588190451025206,23.3,-0.7352361,22.16476389169693,24.4
2026-09-28 08:00:00,24.4,82,2.4,244.0,Central Delhi,28.6437,77.1648,8,0.8660254037844387,-0.4999999999999998,24.2,-0.7728684,23.627131605148318,24.2
2026-09-28 09:00:00,26.0,75,2.0,428.0,Central Delhi,28.6437,77.1648,9,0.7071067811865476,-0.7071067811865475,25.7,-1.4195715,24.58042848110199,25.9
2026-09-28 10:00:00,27.5,68,3.3,587.0,Central Delhi,28.6437,77.1648,10,0.4999999999999999,-0.8660254037844387,27.3,-1.2142959,26.285704135894772,26.3
2026-09-28 11:00:00,28.5,64,2.6,665.0,Central Delhi,28.6437,77.1648,11,0.258819045102521,-0.9659258262890682,28.3,-1.8244745,26.675525546073917,27.6
2026-09-28 12:00:00,28.8,64,2.6,521.0,Central Delhi,28.6437,77.1648,12,1.2246467991473532e-16,-1.0,28.5,-1.8844568,26.915543246269227,27.5
2026-09-28 13:00:00,29.3,62,4.6,584.0,Central Delhi,28.6437,77.1648,13,-0.2588190451025208,-0.9659258262890684,28.4,-1.6505952,27.64940481185913,26.3
2026-09-28 14:00:00,29.5,62,4.8,574.0,Central Delhi,28.6437,77.1648,14,-0.4999999999999997,-0.8660254037844388,28.5,-1.5522213,27.947778701782227,26.6
2026-09-28 15:00:00,29.6,62,3.9,477.0,Central Delhi,28.6437,77.1648,15,-0.7071067811865471,-0.7071067811865479,28.4,-1.6055025,27.99449751377106,27.2
2026-09-28 16:00:00,29.5,64,4.0,331.0,Central Delhi,28.6437,77.1648,16,-0.8660254037844385,-0.5000000000000004,27.9,-0.940466,28.55953401327133,27.7
2026-09-28 17:00:00,28.9,68,2.3,143.0,Central Delhi,28.6437,77.1648,17,-0.9659258262890684,-0.2588190451025206,26.8,-0.39834985,28.50165014863014,29.3
2026-09-28 18:00:00,28.0,75,2.3,18.0,Central Delhi,28.6437,77.1648,18,-1.0,-1.8369701987210294e-16,25.8,-0.8305481,27.169451892375942,27.8
2026-09-28 19:00:00,27.4,78,2.7,0.0,Central Delhi,28.6437,77.1648,19,-0.9659258262890684,0.2588190451025203,25.3,-1.0461923,26.353807711601256,26.5
2026-09-28 20:00:00,26.8,80,2.7,0.0,Central Delhi,28.6437,77.1648,20,-0.8660254037844386,0.5000000000000001,24.6,-0.8543897,25.94561027288437,26.1
2026-09-28 21:00:00,26.3,82,2.7,0.0,Central Delhi,28.6437,77.1648,21,-0.7071067811865477,0.7071067811865474,23.9,-0.5513024,25.74869762659073,26.0
2026-09-28 22:00:00,25.9,84,2.0,0.0,Central Delhi,28.6437,77.1648,22,-0.5000000000000004,0.8660254037844384,23.4,-0.5100427,25.38995727300644,26.5
2026-09-28 23:00:00,25.5,85,2.3,0.0,Central Delhi,28.6437,77.1648,23,-0.2588190451025215,0.965925826289068,22.9,-0.21268062,25.287319377064705,26.1
2026-09-29 00:00:00,25.1,85,3.7,0.0,Central Delhi,28.6437,77.1648,0,0.0,1.0,22.7,-0.3772,24.72279999256134,23.4
2026-09-29 01:00:00,24.7,86,3.2,0.0,Central Delhi,28.6437,77.1648,1,0.2588190451025207,0.9659258262890684,22.5,-0.5912169,24.108783078193664,23.3
2026-09-29 02:00:00,24.3,88,2.8,0.0,Central Delhi,28.6437,77.1648,2,0.4999999999999999,0.8660254037844387,22.3,-0.45383897,23.84616102576256,23.7
2026-09-29 03:00:00,24.0,90,3.0,0.0,Central Delhi,28.6437,77.1648,3,0.7071067811865476,0.7071067811865476,22.2,-0.4381893,23.56181070208549,23.1
2026-09-29 04:00:00,23.9,90,3.4,0.0,Central Delhi,28.6437,77.1648,4,0.8660254037844386,0.5000000000000001,22.2,-0.49618542,23.40381457805633,22.3
2026-09-29 05:00:00,23.8,90,4.5,0.0,Central Delhi,28.6437,77.1648,5,0.9659258262890684,0.2588190451025207,22.1,-0.26611114,23.533888864517213,21.1
2026-09-29 06:00:00,23.8,89,4.8,2.0,Central Delhi,28.6437,77.1648,6,1.0,6.123233995736766e-17,22.0,-0.3255109,23.47448911070824,20.6
2026-09-29 07:00:00,24.6,87,4.7,79.0,Central Delhi,28.6437,77.1648,7,0.9659258262890684,-0.2588190451025206,22.9,-0.577431,24.02256897687912,21.6
2026-09-29 08:00:00,26.3,81,4.9,246.0,Central Delhi,28.6437,77.1648,8,0.8660254037844387,-0.4999999999999998,24.4,-0.5425223,25.75747768878937,24.0
2026-09-29 09:00:00,28.2,73,6.1,431.0,Central Delhi,28.6437,77.1648,9,0.7071067811865476,-0.7071067811865475,26.0,-1.2156371,26.98436291217804,24.8
2026-09-29 10:00:00,29.7,64,7.1,591.0,Central Delhi,28.6437,77.1648,10,0.4999999999999999,-0.8660254037844387,27.5,-1.6989222,28.0010778427124,25.7
2026-09-29 11:00:00,30.6,60,7.4,681.0,Central Delhi,28.6437,77.1648,11,0.258819045102521,-0.9659258262890682,28.5,-1.962795,28.63720498085022,26.6
2026-09-29 12:00:00,31.4,56,8.2,730.0,Central Delhi,28.6437,77.1648,12,1.2246467991473532e-16,-1.0,28.8,-2.2213633,29.178636693954463,27.2
2026-09-29 13:00:00,31.8,53,8.5,707.0,Central Delhi,28.6437,77.1648,13,-0.2588190451025208,-0.9659258262890684,29.3,-2.0165603,29.783439683914185,27.8
2026-09-29 14:00:00,32.0,50,9.7,620.0,Central Delhi,28.6437,77.1648,14,-0.4999999999999997,-0.8660254037844388,29.5,-1.7089907,30.29100930690765,28.3
2026-09-29 15:00:00,31.8,50,9.7,496.0,Central Delhi,28.6437,77.1648,15,-0.7071067811865471,-0.7071067811865479,29.6,-1.6345946,30.165405440330503,27.8
2026-09-29 16:00:00,31.4,52,8.9,323.0,Central Delhi,28.6437,77.1648,16,-0.8660254037844385,-0.5000000000000004,29.5,-1.6184199,29.781580114364623,27.0
2026-09-29 17:00:00,30.5,57,6.9,142.0,Central Delhi,28.6437,77.1648,17,-0.9659258262890684,-0.2588190451025206,28.9,-1.4271654,29.072834610939022,25.9
2026-09-29 18:00:00,29.0,65,5.2,16.0,Central Delhi,28.6437,77.1648,18,-1.0,-1.8369701987210294e-16,28.0,-1.0529488,27.947051167488095,25.2
2026-09-29 19:00:00,28.3,69,4.8,0.0,Central Delhi,28.6437,77.1648,19,-0.9659258262890684,0.2588190451025203,27.4,-0.76049984,27.539500164985657,25.2
2026-09-29 20:00:00,27.6,72,4.7,0.0,Central Delhi,28.6437,77.1648,20,-0.8660254037844386,0.5000000000000001,26.8,-0.63554424,26.9644557595253,24.6
2026-09-29 21:00:00,27.0,74,4.7,0.0,Central Delhi,28.6437,77.1648,21,-0.7071067811865477,0.7071067811865474,26.3,-0.79492676,26.20507323741913,23.7
2026-09-29 22:00:00,26.5,75,4.9,0.0,Central Delhi,28.6437,77.1648,22,-0.5000000000000004,0.8660254037844384,25.9,-0.9336072,25.56639277935028,22.6
2026-09-29 23:00:00,26.1,76,5.1,0.0,Central Delhi,28.6437,77.1648,23,-0.2588190451025215,0.965925826289068,25.5,-0.632216,25.467784023284917,22.4
2026-09-30 00:00:00,25.7,77,5.2,0.0,Central Delhi,28.6437,77.1648,0,0.0,1.0,25.1,-0.7627398,24.937260222435,21.5
2026-09-30 01:00:00,25.3,79,5.3,0.0,Central Delhi,28.6437,77.1648,1,0.2588190451025207,0.9659258262890684,24.7,-0.57416695,24.72583304643631,21.3
2026-09-30 02:00:00,25.0,80,5.7,0.0,Central Delhi,28.6437,77.1648,2,0.4999999999999999,0.8660254037844387,24.3,-0.38605645,24.61394354701042,20.9
2026-09-30 03:00:00,24.7,80,5.4,0.0,Central Delhi,28.6437,77.1648,3,0.7071067811865476,0.7071067811865476,24.0,-0.27988312,24.42011688351631,20.8
2026-09-30 04:00:00,24.4,81,5.6,0.0,Central Delhi,28.6437,77.1648,4,0.8660254037844386,0.5000000000000001,23.9,-0.5726088,23.827391171455385,19.8
2026-09-30 05:00:00,23.9,83,5.8,0.0,Central Delhi,28.6437,77.1648,5,0.9659258262890684,0.2588190451025207,23.8,-0.4643652,23.435634785890574,19.1
2026-09-30 06:00:00,23.6,85,5.8,2.0,Central Delhi,28.6437,77.1648,6,1.0,6.123233995736766e-17,23.8,-0.53847826,23.06152174472809,18.7
2026-09-30 07:00:00,24.7,82,6.2,82.0,Central Delhi,28.6437,77.1648,7,0.9659258262890684,-0.2588190451025206,24.6,-0.42072842,24.27927158474922,20.3
2026-09-30 08:00:00,26.4,76,4.9,259.0,Central Delhi,28.6437,77.1648,8,0.8660254037844387,-0.4999999999999998,26.3,-0.89321154,25.50678845643997,23.2
2026-09-30 09:00:00,28.7,65,5.9,450.0,Central Delhi,28.6437,77.1648,9,0.7071067811865476,-0.7071067811865475,28.2,-1.109507,27.590493035316467,25.3
2026-09-30 10:00:00,30.6,57,8.3,613.0,Central Delhi,28.6437,77.1648,10,0.4999999999999999,-0.8660254037844387,29.7,-1.7207222,28.879277801513677,26.5
2026-09-30 11:00:00,32.0,51,10.4,724.0,Central Delhi,28.6437,77.1648,11,0.258819045102521,-0.9659258262890682,30.6,-2.021569,29.97843098640442,28.0
2026-09-30 12:00:00,32.9,47,12.2,748.0,Central Delhi,28.6437,77.1648,12,1.2246467991473532e-16,-1.0,31.4,-2.1685948,30.73140516281128,28.5
2026-09-30 13:00:00,33.4,43,13.8,717.0,Central Delhi,28.6437,77.1648,13,-0.2588190451025208,-0.9659258262890684,31.8,-2.6103523,30.78964772224426,27.3
2026-09-30 14:00:00,33.6,42,14.4,627.0,Central Delhi,28.6437,77.1648,14,-0.4999999999999997,-0.8660254037844388,32.0,-2.567822,31.032178020477296,27.0
2026-09-30 15:00:00,33.3,43,13.4,480.0,Central Delhi,28.6437,77.1648,15,-0.7071067811865471,-0.7071067811865479,31.8,-2.3489344,30.951065587997437,27.4
2026-09-30 16:00:00,32.6,46,11.4,325.0,Central Delhi,28.6437,77.1648,16,-0.8660254037844385,-0.5000000000000004,31.4,-1.8797555,30.72024450302124,27.8
2026-09-30 17:00:00,31.8,50,9.5,155.0,Central Delhi,28.6437,77.1648,17,-0.9659258262890684,-0.2588190451025206,30.5,-1.6801776,30.119822430610657,27.0
2026-09-30 18:00:00,30.7,55,7.5,15.0,Central Delhi,28.6437,77.1648,18,-1.0,-1.8369701987210294e-16,29.0,-1.6990774,29.000922632217407,25.3
2026-09-30 19:00:00,29.5,62,5.6,0.0,Central Delhi,28.6437,77.1648,19,-0.9659258262890684,0.2588190451025203,28.3,-1.6936998,27.806300163269043,24.5
2026-09-30 20:00:00,28.5,68,4.5,0.0,Central Delhi,28.6437,77.1648,20,-0.8660254037844386,0.5000000000000001,27.6,-1.0873951,27.412604928016663,25.2
2026-09-30 21:00:00,27.8,71,4.4,0.0,Central Delhi,28.6437,77.1648,21,-0.7071067811865477,0.7071067811865474,27.0,-0.67995846,27.12004153728485,25.1
2026-09-30 22:00:00,27.3,72,5.0,0.0,Central Delhi,28.6437,77.1648,22,-0.5000000000000004,0.8660254037844384,26.5,-0.9452502,26.35474978685379,23.5
2026-09-30 23:00:00,26.9,73,5.4,0.0,Central Delhi,28.6437,77.1648,23,-0.2588190451025215,0.965925826289068,26.1,-0.887339,26.012661004066462,22.7
2026-10-01 00:00:00,26.4,74,5.2,0.0,Central Delhi,28.6437,77.1648,0,0.0,1.0,25.7,-1.1592604,25.240739607810973,21.8
2026-10-01 01:00:00,25.9,75,4.9,0.0,Central Delhi,28.6437,77.1648,1,0.2588190451025207,0.9659258262890684,25.3,-1.1842861,24.715713882446288,21.3
2026-10-01 02:00:00,25.5,76,4.7,0.0,Central Delhi,28.6437,77.1648,2,0.4999999999999999,0.8660254037844387,25.0,-0.87489474,24.625105261802677,21.5
2026-10-01 03:00:00,24.9,77,5.0,0.0,Central Delhi,28.6437,77.1648,3,0.7071067811865476,0.7071067811865476,24.7,-0.9117266,23.988273406028743,20.3
2026-10-01 04:00:00,24.4,79,5.6,0.0,Central Delhi,28.6437,77.1648,4,0.8660254037844386,0.5000000000000001,24.4,-0.70732796,23.692672038078307,19.4
2026-10-01 05:00:00,24.3,78,6.1,0.0,Central Delhi,28.6437,77.1648,5,0.9659258262890684,0.2588190451025207,23.9,-0.5990843,23.700915682315827,19.0
2026-10-01 06:00:00,24.8,76,6.2,1.0,Central Delhi,28.6437,77.1648,6,1.0,6.123233995736766e-17,23.6,-0.66911376,24.130886244773865,19.5
2026-10-01 07:00:00,25.7,72,6.1,84.0,Central Delhi,28.6437,77.1648,7,0.9659258262890684,-0.2588190451025206,24.7,-1.0876337,24.61236627101898,20.2
2026-10-01 08:00:00,27.0,66,6.2,254.0,Central Delhi,28.6437,77.1648,8,0.8660254037844387,-0.4999999999999998,26.4,-0.99148256,26.00851744413376,22.3
2026-10-01 09:00:00,28.9,56,7.2,462.0,Central Delhi,28.6437,77.1648,9,0.7071067811865476,-0.7071067811865475,28.7,-1.2495443,27.65045573711395,24.3
2026-10-01 10:00:00,31.2,47,8.9,617.0,Central Delhi,28.6437,77.1648,10,0.4999999999999999,-0.8660254037844387,30.6,-1.3388416,29.861158442497253,27.3
2026-10-01 11:00:00,33.1,40,10.4,721.0,Central Delhi,28.6437,77.1648,11,0.258819045102521,-0.9659258262890682,32.0,-2.1657968,30.934203243255617,28.8
2026-10-01 12:00:00,34.2,36,11.7,783.0,Central Delhi,28.6437,77.1648,12,1.2246467991473532e-16,-1.0,32.9,-2.7604854,31.43951458930969,29.2
2026-10-01 13:00:00,34.9,33,12.6,752.0,Central Delhi,28.6437,77.1648,13,-0.2588190451025208,-0.9659258262890684,33.4,-2.9422414,31.95775856971741,29.5
2026-10-01 14:00:00,35.1,32,13.0,655.0,Central Delhi,28.6437,77.1648,14,-0.4999999999999997,-0.8660254037844388,33.6,-2.9686599,32.1313401222229,29.4
2026-10-01 15:00:00,34.8,34,12.3,486.0,Central Delhi,28.6437,77.1648,15,-0.7071067811865471,-0.7071067811865479,33.3,-3.0538464,31.746153640747067,28.8
2026-10-01 16:00:00,34.0,37,11.1,330.0,Central Delhi,28.6437,77.1648,16,-0.8660254037844385,-0.5000000000000004,32.6,-2.882951,31.117048978805546,28.0
2026-10-01 17:00:00,33.0,41,9.7,158.0,Central Delhi,28.6437,77.1648,17,-0.9659258262890684,-0.2588190451025206,31.8,-2.1466148,30.85338521003723,27.6
2026-10-01 18:00:00,31.8,46,8.2,15.0,Central Delhi,28.6437,77.1648,18,-1.0,-1.8369701987210294e-16,30.7,-1.7590818,30.040918159484864,26.3
2026-10-01 19:00:00,30.4,52,6.7,0.0,Central Delhi,28.6437,77.1648,19,-0.9659258262890684,0.2588190451025203,29.5,-1.8679973,28.53200271129608,24.4
2026-10-01 20:00:00,29.2,57,5.5,0.0,Central Delhi,28.6437,77.1648,20,-0.8660254037844386,0.5000000000000001,28.5,-1.6811599,27.51884014606476,23.7
2026-10-01 21:00:00,28.5,60,5.3,0.0,Central Delhi,28.6437,77.1648,21,-0.7071067811865477,0.7071067811865474,27.8,-1.2202734,27.27972662448883,23.7
2026-10-01 22:00:00,28.0,61,5.6,0.0,Central Delhi,28.6437,77.1648,22,-0.5000000000000004,0.8660254037844384,27.3,-0.9940618,27.005938172340397,23.2
2026-10-01 23:00:00,27.5,62,5.8,0.0,Central Delhi,28.6437,77.1648,23,-0.2588190451025215,0.965925826289068,26.9,-0.75962275,26.740377247333527,22.8
2026-09-27 00:00:00,21.9,91,8.0,0.0,East Delhi,28.6294,77.292,0,0.0,1.0,25.1,0.6328768,22.53287681341171,16.7
2026-09-27 01:00:00,22.3,90,2.2,0.0,East Delhi,28.6294,77.292,1,0.2588190451025207,0.9659258262890684,24.8,0.060619514,22.36061951443553,22.7
2026-09-27 02:00:00,22.5,90,3.2,0.0,East Delhi,28.6294,77.292,2,0.4999999999999999,0.8660254037844387,24.4,0.12425724,22.62425723671913,21.5
2026-09-27 03:00:00,22.5,89,1.5,0.0,East Delhi,28.6294,77.292,3,0.7071067811865476,0.7071067811865476,24.0,0.09410128,22.594101279973984,23.9
2026-09-27 04:00:00,22.5,90,1.6,0.0,East Delhi,28.6294,77.292,4,0.8660254037844386,0.5000000000000001,23.5,0.027532954,22.52753295376897,23.8
2026-09-27 05:00:00,22.5,90,3.1,0.0,East Delhi,28.6294,77.292,5,0.9659258262890684,0.2588190451025207,23.8,0.09014748,22.59014748036861,21.6
2026-09-27 06:00:00,22.5,91,2.9,1.0,East Delhi,28.6294,77.292,6,1.0,6.123233995736766e-17,23.5,0.025431976,22.525431975722316,21.9
2026-09-27 07:00:00,23.0,88,1.9,38.0,East Delhi,28.6294,77.292,7,0.9659258262890684,-0.2588190451025206,24.0,-0.1750355,22.824964493513107,23.7
2026-09-27 08:00:00,23.8,85,1.7,123.0,East Delhi,28.6294,77.292,8,0.8660254037844387,-0.4999999999999998,24.9,-0.1669265,23.633073496818543,25.0
2026-09-27 09:00:00,25.2,78,3.0,279.0,East Delhi,28.6294,77.292,9,0.7071067811865476,-0.7071067811865475,26.7,-0.023332845,25.176667154580358,25.2
2026-09-27 10:00:00,26.9,71,3.2,539.0,East Delhi,28.6294,77.292,10,0.4999999999999999,-0.8660254037844387,28.5,-0.62331563,26.276684367656703,26.5
2026-09-27 11:00:00,27.7,68,8.0,668.0,East Delhi,28.6294,77.292,11,0.258819045102521,-0.9659258262890682,27.6,-0.58710504,27.11289496421814,24.6
2026-09-27 12:00:00,27.7,68,8.5,727.0,East Delhi,28.6294,77.292,12,1.2246467991473532e-16,-1.0,29.0,-0.62896657,27.071033430099487,24.6
2026-09-27 13:00:00,27.9,65,8.4,689.0,East Delhi,28.6294,77.292,13,-0.2588190451025208,-0.9659258262890684,29.6,-0.39432758,27.5056724190712,25.0
2026-09-27 14:00:00,28.2,62,8.3,634.0,East Delhi,28.6294,77.292,14,-0.4999999999999997,-0.8660254037844388,28.8,-0.43858632,27.761413675546645,25.1
2026-09-27 15:00:00,28.2,63,9.0,501.0,East Delhi,28.6294,77.292,15,-0.7071067811865471,-0.7071067811865479,27.2,-0.10090572,28.09909428358078,25.4
2026-09-27 16:00:00,27.4,66,8.8,319.0,East Delhi,28.6294,77.292,16,-0.8660254037844385,-0.5000000000000004,25.8,0.16952325,27.569523254036906,24.3
2026-09-27 17:00:00,26.4,71,6.7,148.0,East Delhi,28.6294,77.292,17,-0.9659258262890684,-0.2588190451025206,24.5,0.543164,26.943164014816283,23.7
2026-09-27 18:00:00,25.5,78,4.8,19.0,East Delhi,28.6294,77.292,18,-1.0,-1.8369701987210294e-16,23.2,0.4185733,25.918573290109634,23.5
2026-09-27 19:00:00,25.0,81,5.7,0.0,East Delhi,28.6294,77.292,19,-0.9659258262890684,0.2588190451025203,23.1,0.5892315,25.589231491088867,22.5
2026-09-27 20:00:00,24.2,85,6.4,0.0,East Delhi,28.6294,77.292,20,-0.8660254037844386,0.5000000000000001,23.2,0.28791767,24.4879176735878,20.5
2026-09-27 21:00:00,23.6,88,6.9,0.0,East Delhi,28.6294,77.292,21,-0.7071067811865477,0.7071067811865474,22.9,0.569045,24.169045007228853,19.9
2026-09-27 22:00:00,23.1,89,7.0,0.0,East Delhi,28.6294,77.292,22,-0.5000000000000004,0.8660254037844384,22.5,0.53364104,23.63364104032517,19.0
2026-09-27 23:00:00,22.7,90,5.8,0.0,East Delhi,28.6294,77.292,23,-0.2588190451025215,0.965925826289068,22.1,0.64027,23.34026999473572,19.5
2026-09-28 00:00:00,22.5,92,3.0,0.0,East Delhi,28.6294,77.292,0,0.0,1.0,21.9,0.2512022,22.7512021958828,22.2
2026-09-28 01:00:00,22.2,94,1.6,0.0,East Delhi,28.6294,77.292,1,0.2588190451025207,0.9659258262890684,22.3,0.060619514,22.26061951443553,23.8
2026-09-28 02:00:00,22.0,95,0.3,0.0,East Delhi,28.6294,77.292,2,0.4999999999999999,0.8660254037844387,22.5,0.12425724,22.12425723671913,
2026-09-28 03:00:00,21.8,96,1.3,0.0,East Delhi,28.6294,77.292,3,0.7071067811865476,0.7071067811865476,22.5,0.09410128,21.894101279973984,23.8
2026-09-28 04:00:00,21.8,96,0.9,0.0,East Delhi,28.6294,77.292,4,0.8660254037844386,0.5000000000000001,22.5,0.027532954,21.82753295376897,24.2
2026-09-28 05:00:00,21.7,97,0.2,0.0,East Delhi,28.6294,77.292,5,0.9659258262890684,0.2588190451025207,22.5,0.0633292,21.763329197466373,
2026-09-28 06:00:00,21.8,96,1.0,2.0,East Delhi,28.6294,77.292,6,1.0,6.123233995736766e-17,22.5,-0.0013862909,21.798613709118214,24.1
2026-09-28 07:00:00,22.7,93,1.2,78.0,East Delhi,28.6294,77.292,7,0.9659258262890684,-0.2588190451025206,23.0,-0.1585975,22.541402500867843,24.8
2026-09-28 08:00:00,24.2,84,2.4,241.0,East Delhi,28.6294,77.292,8,0.8660254037844387,-0.4999999999999998,23.8,-0.21457237,23.98542762994766,24.8
2026-09-28 09:00:00,25.8,76,1.5,420.0,East Delhi,28.6294,77.292,9,0.7071067811865476,-0.7071067811865475,25.2,-0.92912465,24.87087534666061,27.0
2026-09-28 10:00:00,27.2,70,3.1,585.0,East Delhi,28.6294,77.292,10,0.4999999999999999,-0.8660254037844387,26.9,-0.9579559,26.2420441031456,26.6
2026-09-28 11:00:00,28.1,66,2.7,662.0,East Delhi,28.6294,77.292,11,0.258819045102521,-0.9659258262890682,27.7,-1.2406604,26.859339570999147,27.8
2026-09-28 12:00:00,28.6,65,1.7,565.0,East Delhi,28.6294,77.292,12,1.2246467991473532e-16,-1.0,27.7,-1.5795089,27.020491099357606,28.9
2026-09-28 13:00:00,29.2,62,2.9,577.0,East Delhi,28.6294,77.292,13,-0.2588190451025208,-0.9659258262890684,27.9,-1.2928203,27.90717966556549,28.4
2026-09-28 14:00:00,29.7,61,3.7,611.0,East Delhi,28.6294,77.292,14,-0.4999999999999997,-0.8660254037844388,28.2,-2.0242016,27.67579836845398,27.2
2026-09-28 15:00:00,29.6,62,3.8,489.0,East Delhi,28.6294,77.292,15,-0.7071067811865471,-0.7071067811865479,28.2,-1.2961466,28.30385336875916,27.7
2026-09-28 16:00:00,29.4,64,3.7,325.0,East Delhi,28.6294,77.292,16,-0.8660254037844385,-0.5000000000000004,27.4,-0.73161674,28.668383264541625,28.1
2026-09-28 17:00:00,28.8,67,3.2,140.0,East Delhi,28.6294,77.292,17,-0.9659258262890684,-0.2588190451025206,26.4,-0.17255802,28.62744197547436,28.4
2026-09-28 18:00:00,27.7,76,3.6,17.0,East Delhi,28.6294,77.292,18,-1.0,-1.8369701987210294e-16,25.5,-0.04160341,27.658396591246127,27.1
2026-09-28 19:00:00,27.0,80,4.1,0.0,East Delhi,28.6294,77.292,19,-0.9659258262890684,0.2588190451025203,25.0,-0.1447168,26.85528320074081,25.7
2026-09-28 20:00:00,26.6,82,4.0,0.0,East Delhi,28.6294,77.292,20,-0.8660254037844386,0.5000000000000001,24.2,-0.23436707,26.36563292741776,25.3
2026-09-28 21:00:00,26.1,84,3.3,0.0,East Delhi,28.6294,77.292,21,-0.7071067811865477,0.7071067811865474,23.6,0.09508874,26.1950887426734,26.0
2026-09-28 22:00:00,25.6,86,2.6,0.0,East Delhi,28.6294,77.292,22,-0.5000000000000004,0.8660254037844384,23.1,0.33269227,25.93269226551056,26.7
2026-09-28 23:00:00,25.3,87,2.9,0.0,East Delhi,28.6294,77.292,23,-0.2588190451025215,0.965925826289068,22.7,0.50594896,25.805948960781095,26.2
2026-09-29 00:00:00,24.9,87,4.6,0.0,East Delhi,28.6294,77.292,0,0.0,1.0,22.5,0.3130795,25.213079506158827,23.3
2026-09-29 01:00:00,24.5,87,3.6,0.0,East Delhi,28.6294,77.292,1,0.2588190451025207,0.9659258262890684,22.2,-0.12747,24.37252999842167,23.2
2026-09-29 02:00:00,24.2,88,3.1,0.0,East Delhi,28.6294,77.292,2,0.4999999999999999,0.8660254037844387,22.0,0.12425724,24.32425723671913,23.9
2026-09-29 03:00:00,24.0,89,3.5,0.0,East Delhi,28.6294,77.292,3,0.7071067811865476,0.7071067811865476,21.8,0.06816678,24.06816677749157,23.1
2026-09-29 04:00:00,24.0,90,4.1,0.0,East Delhi,28.6294,77.292,4,0.8660254037844386,0.5000000000000001,21.8,0.07917881,24.07917881011963,22.4
2026-09-29 05:00:00,24.1,89,4.7,0.0,East Delhi,28.6294,77.292,5,0.9659258262890684,0.2588190451025207,21.7,0.18742241,24.287422409653665,21.9
2026-09-29 06:00:00,24.1,88,5.2,2.0,East Delhi,28.6294,77.292,6,1.0,6.123233995736766e-17,21.8,0.11167391,24.211673906445505,21.2
2026-09-29 07:00:00,24.8,86,5.0,79.0,East Delhi,28.6294,77.292,7,0.9659258262890684,-0.2588190451025206,22.7,-0.041743483,24.758256516605616,22.3
2026-09-29 08:00:00,26.4,81,4.9,246.0,East Delhi,28.6294,77.292,8,0.8660254037844387,-0.4999999999999998,24.2,-0.1639475,26.236052507162093,24.7
2026-09-29 09:00:00,28.2,73,6.0,430.0,East Delhi,28.6294,77.292,9,0.7071067811865476,-0.7071067811865475,25.8,-0.85597074,27.3440292596817,25.4
2026-09-29 10:00:00,29.6,65,6.9,588.0,East Delhi,28.6294,77.292,10,0.4999999999999999,-0.8660254037844387,27.2,-1.4244549,28.175545072555543,26.1
2026-09-29 11:00:00,30.6,61,6.9,682.0,East Delhi,28.6294,77.292,11,0.258819045102521,-0.9659258262890682,28.1,-1.5705377,29.02946231365204,27.3
2026-09-29 12:00:00,31.4,57,7.7,730.0,East Delhi,28.6294,77.292,12,1.2246467991473532e-16,-1.0,28.6,-1.8036052,29.59639480113983,27.9
2026-09-29 13:00:00,31.8,54,8.2,709.0,East Delhi,28.6294,77.292,13,-0.2588190451025208,-0.9659258262890684,29.2,-1.7153561,30.08464388847351,28.4
2026-09-29 14:00:00,32.0,50,8.8,618.0,East Delhi,28.6294,77.292,14,-0.4999999999999997,-0.8660254037844388,29.7,-1.4477835,30.55221652984619,28.7
2026-09-29 15:00:00,31.8,49,9.8,493.0,East Delhi,28.6294,77.292,15,-0.7071067811865471,-0.7071067811865479,29.6,-1.328534,30.471465992927552,28.2
2026-09-29 16:00:00,31.4,51,8.9,316.0,East Delhi,28.6294,77.292,16,-0.8660254037844385,-0.5000000000000004,29.4,-1.2724226,30.127577447891237,27.4
2026-09-29 17:00:00,30.6,56,6.2,139.0,East Delhi,28.6294,77.292,17,-0.9659258262890684,-0.2588190451025206,28.8,-1.1538104,29.446189618110655,26.6
2026-09-29 18:00:00,29.3,63,4.9,16.0,East Delhi,28.6294,77.292,18,-1.0,-1.8369701987210294e-16,27.7,-1.12253,28.177470016479493,25.6
2026-09-29 19:00:00,28.6,67,4.9,0.0,East Delhi,28.6294,77.292,19,-0.9659258262890684,0.2588190451025203,27.0,-0.8000135,27.799986517429357,25.3
2026-09-29 20:00:00,27.9,71,5.2,0.0,East Delhi,28.6294,77.292,20,-0.8660254037844386,0.5000000000000001,26.6,-0.5017205,27.39827951192856,24.8
2026-09-29 21:00:00,27.3,73,5.3,0.0,East Delhi,28.6294,77.292,21,-0.7071067811865477,0.7071067811865474,26.1,-0.41142994,26.888570058345795,24.2
2026-09-29 22:00:00,26.9,74,5.9,0.0,East Delhi,28.6294,77.292,22,-0.5000000000000004,0.8660254037844384,25.6,-0.39946336,26.50053664445877,23.3
2026-09-29 23:00:00,26.5,75,6.1,0.0,East Delhi,28.6294,77.292,23,-0.2588190451025215,0.965925826289068,25.3,-0.12902963,26.370970368385315,23.0
2026-09-30 00:00:00,26.0,76,5.9,0.0,East Delhi,28.6294,77.292,0,0.0,1.0,24.9,-0.32956168,25.670438319444656,22.1
2026-09-30 01:00:00,25.6,77,6.2,0.0,East Delhi,28.6294,77.292,1,0.2588190451025207,0.9659258262890684,24.5,-0.33259016,25.267409837245943,21.3
2026-09-30 02:00:00,25.2,79,6.3,0.0,East Delhi,28.6294,77.292,2,0.4999999999999999,0.8660254037844387,24.2,-0.13213412,25.06786587536335,21.1
2026-09-30 03:00:00,24.9,79,6.1,0.0,East Delhi,28.6294,77.292,3,0.7071067811865476,0.7071067811865476,24.0,-0.19482012,24.705179879069327,20.6
2026-09-30 04:00:00,24.6,79,5.8,0.0,East Delhi,28.6294,77.292,4,0.8660254037844386,0.5000000000000001,24.0,-0.2818158,24.31818420290947,20.2
2026-09-30 05:00:00,24.2,80,6.1,0.0,East Delhi,28.6294,77.292,5,0.9659258262890684,0.2588190451025207,24.1,-0.038853098,24.16114690229297,19.8
2026-09-30 06:00:00,23.9,82,6.5,2.0,East Delhi,28.6294,77.292,6,1.0,6.123233995736766e-17,24.1,-0.11460163,23.785398373007773,19.1
2026-09-30 07:00:00,24.8,80,6.3,83.0,East Delhi,28.6294,77.292,7,0.9659258262890684,-0.2588190451025206,24.8,-0.11212753,24.687872472405434,20.8
2026-09-30 08:00:00,26.5,74,4.9,260.0,East Delhi,28.6294,77.292,8,0.8660254037844387,-0.4999999999999998,26.4,-0.4453596,26.054640412330627,23.9
2026-09-30 09:00:00,28.7,64,6.0,452.0,East Delhi,28.6294,77.292,9,0.7071067811865476,-0.7071067811865475,28.2,-0.9234868,27.776513171195983,25.4
2026-09-30 10:00:00,30.6,55,8.1,614.0,East Delhi,28.6294,77.292,10,0.4999999999999999,-0.8660254037844387,29.6,-1.3917767,29.20822331905365,26.9
2026-09-30 11:00:00,32.1,49,9.9,726.0,East Delhi,28.6294,77.292,11,0.258819045102521,-0.9659258262890682,30.6,-1.5751774,30.524822568893438,28.8
2026-09-30 12:00:00,33.1,45,11.6,763.0,East Delhi,28.6294,77.292,12,1.2246467991473532e-16,-1.0,31.4,-1.8218676,31.27813241481781,29.6
2026-09-30 13:00:00,33.7,42,13.2,731.0,East Delhi,28.6294,77.292,13,-0.2588190451025208,-0.9659258262890684,31.8,-2.3685079,31.33149213790894,28.6
2026-09-30 14:00:00,33.9,40,13.9,636.0,East Delhi,28.6294,77.292,14,-0.4999999999999997,-0.8660254037844388,32.0,-2.2647333,31.63526668548584,28.4
2026-09-30 15:00:00,33.6,41,13.4,477.0,East Delhi,28.6294,77.292,15,-0.7071067811865471,-0.7071067811865479,31.8,-2.0993428,31.50065717697144,28.2
2026-09-30 16:00:00,32.9,44,11.8,323.0,East Delhi,28.6294,77.292,16,-0.8660254037844385,-0.5000000000000004,31.4,-1.612528,31.28747203350067,28.6
2026-09-30 17:00:00,32.1,48,10.2,155.0,East Delhi,28.6294,77.292,17,-0.9659258262890684,-0.2588190451025206,30.6,-1.3635049,30.736495113372804,27.9
2026-09-30 18:00:00,31.1,53,8.2,15.0,East Delhi,28.6294,77.292,18,-1.0,-1.8369701987210294e-16,29.3,-1.320001,29.7799989938736,26.4
2026-09-30 19:00:00,30.0,58,6.2,0.0,East Delhi,28.6294,77.292,19,-0.9659258262890684,0.2588190451025203,28.6,-1.5507929,28.449207067489624,24.9
2026-09-30 20:00:00,29.1,63,5.1,0.0,East Delhi,28.6294,77.292,20,-0.8660254037844386,0.5000000000000001,27.9,-1.287366,27.8126339673996,24.9
2026-09-30 21:00:00,28.5,66,5.4,0.0,East Delhi,28.6294,77.292,21,-0.7071067811865477,0.7071067811865474,27.3,-0.9214274,27.57857257127762,24.6
2026-09-30 22:00:00,28.1,67,6.2,0.0,East Delhi,28.6294,77.292,22,-0.5000000000000004,0.8660254037844384,26.9,-0.8814791,27.21852091550827,23.7
2026-09-30 23:00:00,27.6,68,6.8,0.0,East Delhi,28.6294,77.292,23,-0.2588190451025215,0.965925826289068,26.5,-0.36129454,27.23870546221733,23.6
2026-10-01 00:00:00,27.1,70,6.7,0.0,East Delhi,28.6294,77.292,0,0.0,1.0,26.0,-0.60320807,26.49679193496704,22.6
2026-10-01 01:00:00,26.6,71,6.0,0.0,East Delhi,28.6294,77.292,1,0.2588190451025207,0.9659258262890684,25.6,-0.65603113,25.943968868255617,22.1
2026-10-01 02:00:00,26.2,72,5.8,0.0,East Delhi,28.6294,77.292,2,0.4999999999999999,0.8660254037844387,25.2,-0.8277959,25.372204077243804,21.4
2026-10-01 03:00:00,25.6,74,6.3,0.0,East Delhi,28.6294,77.292,3,0.7071067811865476,0.7071067811865476,24.9,-0.52407163,25.07592836618424,20.8
2026-10-01 04:00:00,25.0,76,7.2,0.0,East Delhi,28.6294,77.292,4,0.8660254037844386,0.5000000000000001,24.6,-0.5688042,24.43119579553604,19.4
2026-10-01 05:00:00,24.9,76,7.8,0.0,East Delhi,28.6294,77.292,5,0.9659258262890684,0.2588190451025207,24.2,-0.3612006,24.538799399137496,19.3
2026-10-01 06:00:00,25.3,73,7.3,1.0,East Delhi,28.6294,77.292,6,1.0,6.123233995736766e-17,23.9,-0.6948455,24.605154502391816,19.4
2026-10-01 07:00:00,26.2,69,6.2,86.0,East Delhi,28.6294,77.292,7,0.9659258262890684,-0.2588190451025206,24.8,-0.9052499,25.29475010633469,21.0
2026-10-01 08:00:00,27.5,62,5.7,256.0,East Delhi,28.6294,77.292,8,0.8660254037844387,-0.4999999999999998,26.5,-0.98610723,26.513892769813538,23.1
2026-10-01 09:00:00,29.5,53,6.5,462.0,East Delhi,28.6294,77.292,9,0.7071067811865476,-0.7071067811865475,28.7,-1.2629085,28.237091541290283,25.1
2026-10-01 10:00:00,31.8,43,8.2,616.0,East Delhi,28.6294,77.292,10,0.4999999999999999,-0.8660254037844387,30.6,-1.5753185,30.22468154430389,27.6
2026-10-01 11:00:00,33.7,36,9.8,719.0,East Delhi,28.6294,77.292,11,0.258819045102521,-0.9659258262890682,32.1,-1.9772594,31.72274060249329,29.9
2026-10-01 12:00:00,34.8,32,11.1,782.0,East Delhi,28.6294,77.292,12,1.2246467991473532e-16,-1.0,33.1,-2.4060953,32.393904733657834,30.8
2026-10-01 13:00:00,35.5,30,12.4,750.0,East Delhi,28.6294,77.292,13,-0.2588190451025208,-0.9659258262890684,33.7,-2.8884766,32.611523389816284,30.6
2026-10-01 14:00:00,35.7,29,13.0,651.0,East Delhi,28.6294,77.292,14,-0.4999999999999997,-0.8660254037844388,33.9,-2.8726125,32.827387523651126,30.4
2026-10-01 15:00:00,35.3,31,12.8,479.0,East Delhi,28.6294,77.292,15,-0.7071067811865471,-0.7071067811865479,33.6,-2.943166,32.35683398246765,29.5
2026-10-01 16:00:00,34.4,34,12.1,327.0,East Delhi,28.6294,77.292,16,-0.8660254037844385,-0.5000000000000004,32.9,-2.55211,31.847890043258666,28.7
2026-10-01 17:00:00,33.5,38,11.0,158.0,East Delhi,28.6294,77.292,17,-0.9659258262890684,-0.2588190451025206,32.1,-2.3654456,31.13455438613892,27.7
2026-10-01 18:00:00,32.5,42,9.8,15.0,East Delhi,28.6294,77.292,18,-1.0,-1.8369701987210294e-16,31.1,-1.9421674,30.55783259868622,26.9
2026-10-01 19:00:00,31.3,47,8.2,0.0,East Delhi,28.6294,77.292,19,-0.9659258262890684,0.2588190451025203,30.0,-2.0369895,29.26301054954529,25.0
2026-10-01 20:00:00,30.4,51,7.3,0.0,East Delhi,28.6294,77.292,20,-0.8660254037844386,0.5000000000000001,29.1,-1.6790588,28.72094120979309,24.5
2026-10-01 21:00:00,29.7,53,7.1,0.0,East Delhi,28.6294,77.292,21,-0.7071067811865477,0.7071067811865474,28.5,-1.7385205,27.96147949695587,23.5
2026-10-01 22:00:00,29.2,54,7.3,0.0,East Delhi,28.6294,77.292,22,-0.5000000000000004,0.8660254037844384,28.1,-1.6503135,27.54968650341034,22.9
2026-10-01 23:00:00,28.7,56,7.3,0.0,East Delhi,28.6294,77.292,23,-0.2588190451025215,0.965925826289068,27.6,-1.099066,27.60093398094177,23.1
2026-09-27 00:00:00,21.6,91,13.4,0.0,Faridabad,28.3521,77.3427,0,0.0,1.0,24.1,1.1858534,22.78585336208344,13.3
2026-09-27 01:00:00,21.7,90,9.4,0.0,Faridabad,28.3521,77.3427,1,0.2588190451025207,0.9659258262890684,23.8,1.2165248,22.916524839401244,16.6
2026-09-27 02:00:00,21.9,90,4.7,0.0,Faridabad,28.3521,77.3427,2,0.4999999999999999,0.8660254037844387,23.4,0.73036134,22.630361342430117,19.5
2026-09-27 03:00:00,22.0,91,5.2,0.0,Faridabad,28.3521,77.3427,3,0.7071067811865476,0.7071067811865476,23.0,0.6614471,22.6614471077919,19.0
2026-09-27 04:00:00,21.9,92,4.1,0.0,Faridabad,28.3521,77.3427,4,0.8660254037844386,0.5000000000000001,22.7,0.5524932,22.45249321460724,20.1
2026-09-27 05:00:00,22.1,91,2.3,0.0,Faridabad,28.3521,77.3427,5,0.9659258262890684,0.2588190451025207,23.5,0.4300977,22.530097699165346,22.9
2026-09-27 06:00:00,22.1,91,1.7,2.0,Faridabad,28.3521,77.3427,6,1.0,6.123233995736766e-17,23.3,0.3457873,22.445787286758424,23.6
2026-09-27 07:00:00,22.9,86,1.5,61.0,Faridabad,28.3521,77.3427,7,0.9659258262890684,-0.2588190451025206,23.4,-0.15460867,22.74539133310318,24.1
2026-09-27 08:00:00,24.1,80,0.9,165.0,Faridabad,28.3521,77.3427,8,0.8660254037844387,-0.4999999999999998,24.4,0.14149177,24.241491770744325,26.4
2026-09-27 09:00:00,25.2,74,3.3,317.0,Faridabad,28.3521,77.3427,9,0.7071067811865476,-0.7071067811865475,26.2,-0.029185425,25.17081457450986,24.6
2026-09-27 10:00:00,26.8,69,4.6,559.0,Faridabad,28.3521,77.3427,10,0.4999999999999999,-0.8660254037844387,27.9,0.25301898,27.053018975257874,25.9
2026-09-27 11:00:00,27.2,69,9.6,656.0,Faridabad,28.3521,77.3427,11,0.258819045102521,-0.9659258262890682,27.6,-0.13615951,27.063840490579604,24.3
2026-09-27 12:00:00,27.7,67,8.8,690.0,Faridabad,28.3521,77.3427,12,1.2246467991473532e-16,-1.0,28.8,-0.10635593,27.59364407211542,25.2
2026-09-27 13:00:00,27.9,66,9.0,600.0,Faridabad,28.3521,77.3427,13,-0.2588190451025208,-0.9659258262890684,28.3,0.024115447,27.924115446954964,25.5
2026-09-27 14:00:00,28.3,63,9.8,633.0,Faridabad,28.3521,77.3427,14,-0.4999999999999997,-0.8660254037844388,27.8,-0.7460147,27.553985285758973,24.6
2026-09-27 15:00:00,28.3,63,9.4,507.0,Faridabad,28.3521,77.3427,15,-0.7071067811865471,-0.7071067811865479,27.1,-0.15735012,28.14264987707138,25.4
2026-09-27 16:00:00,27.6,66,9.6,323.0,Faridabad,28.3521,77.3427,16,-0.8660254037844385,-0.5000000000000004,25.9,0.07695317,27.67695317268372,24.4
2026-09-27 17:00:00,26.5,71,8.0,150.0,Faridabad,28.3521,77.3427,17,-0.9659258262890684,-0.2588190451025206,22.9,1.0849557,27.58495569229126,24.5
2026-09-27 18:00:00,25.3,79,6.5,19.0,Faridabad,28.3521,77.3427,18,-1.0,-1.8369701987210294e-16,22.6,0.9717066,26.27170662879944,23.0
2026-09-27 19:00:00,24.6,83,6.0,0.0,Faridabad,28.3521,77.3427,19,-0.9659258262890684,0.2588190451025203,22.5,0.87831116,25.478311157226564,22.3
2026-09-27 20:00:00,24.0,86,7.2,0.0,Faridabad,28.3521,77.3427,20,-0.8660254037844386,0.5000000000000001,22.7,0.8440209,24.844020903110504,20.8
2026-09-27 21:00:00,23.2,89,7.8,0.0,Faridabad,28.3521,77.3427,21,-0.7071067811865477,0.7071067811865474,22.9,1.1782851,24.378285121917724,20.0
2026-09-27 22:00:00,22.6,92,7.8,0.0,Faridabad,28.3521,77.3427,22,-0.5000000000000004,0.8660254037844384,22.5,1.1782851,23.77828512191773,19.1
2026-09-27 23:00:00,22.2,93,7.1,0.0,Faridabad,28.3521,77.3427,23,-0.2588190451025215,0.965925826289068,21.9,1.3851548,23.585154843330383,19.2
2026-09-28 00:00:00,21.9,95,4.3,0.0,Faridabad,28.3521,77.3427,0,0.0,1.0,21.6,0.8121024,22.712102377414706,20.4
2026-09-28 01:00:00,21.7,96,1.9,0.0,Faridabad,28.3521,77.3427,1,0.2588190451025207,0.9659258262890684,21.7,0.6283746,22.328374576568603,23.6
2026-09-28 02:00:00,21.5,97,0.7,0.0,Faridabad,28.3521,77.3427,2,0.4999999999999999,0.8660254037844387,21.9,0.64727736,22.14727735519409,24.8
2026-09-28 03:00:00,21.4,98,1.7,0.0,Faridabad,28.3521,77.3427,3,0.7071067811865476,0.7071067811865476,22.0,0.46086976,21.86086975932121,23.4
2026-09-28 04:00:00,21.3,98,1.7,0.0,Faridabad,28.3521,77.3427,4,0.8660254037844386,0.5000000000000001,21.9,0.4134544,21.713454413414,23.2
2026-09-28 05:00:00,21.2,98,1.5,0.0,Faridabad,28.3521,77.3427,5,0.9659258262890684,0.2588190451025207,22.1,0.4300977,21.630097699165344,23.4
2026-09-28 06:00:00,21.2,99,1.1,2.0,Faridabad,28.3521,77.3427,6,1.0,6.123233995736766e-17,22.1,0.3457873,21.545787286758426,23.9
2026-09-28 07:00:00,22.3,93,0.9,80.0,Faridabad,28.3521,77.3427,7,0.9659258262890684,-0.2588190451025206,22.9,0.16226663,22.46226662695408,25.0
2026-09-28 08:00:00,24.0,84,2.5,245.0,Faridabad,28.3521,77.3427,8,0.8660254037844387,-0.4999999999999998,24.1,0.08287012,24.08287011831999,24.8
2026-09-28 09:00:00,25.6,77,2.2,431.0,Faridabad,28.3521,77.3427,9,0.7071067811865476,-0.7071067811865475,25.2,-0.19484824,25.40515176057816,26.9
2026-09-28 10:00:00,27.2,70,2.8,588.0,Faridabad,28.3521,77.3427,10,0.4999999999999999,-0.8660254037844387,26.8,-0.14054318,27.059456822276115,28.1
2026-09-28 11:00:00,28.3,66,3.5,699.0,Faridabad,28.3521,77.3427,11,0.258819045102521,-0.9659258262890682,27.2,-0.5154152,27.78458480834961,28.2
2026-09-28 12:00:00,29.2,64,2.7,726.0,Faridabad,28.3521,77.3427,12,1.2246467991473532e-16,-1.0,27.7,-0.9807412,28.21925879716873,29.6
2026-09-28 13:00:00,29.7,62,5.4,710.0,Faridabad,28.3521,77.3427,13,-0.2588190451025208,-0.9659258262890684,27.9,-1.1406662,28.55933375358581,27.3
2026-09-28 14:00:00,29.8,61,6.8,635.0,Faridabad,28.3521,77.3427,14,-0.4999999999999997,-0.8660254037844388,28.3,-0.66530377,29.134696233272557,27.4
2026-09-28 15:00:00,29.5,62,6.0,496.0,Faridabad,28.3521,77.3427,15,-0.7071067811865471,-0.7071067811865479,28.3,-0.18607424,29.31392575800419,27.7
2026-09-28 16:00:00,29.1,64,5.0,311.0,Faridabad,28.3521,77.3427,16,-0.8660254037844385,-0.5000000000000004,27.6,0.62088424,29.720884239673616,28.6
2026-09-28 17:00:00,28.4,67,3.7,141.0,Faridabad,28.3521,77.3427,17,-0.9659258262890684,-0.2588190451025206,26.5,0.60638314,29.006383144855494,28.4
2026-09-28 18:00:00,26.9,78,6.1,17.0,Faridabad,28.3521,77.3427,18,-1.0,-1.8369701987210294e-16,25.3,0.659353,27.559353017807005,25.3
2026-09-28 19:00:00,26.0,81,6.3,0.0,Faridabad,28.3521,77.3427,19,-0.9659258262890684,0.2588190451025203,24.6,0.88185334,26.881853342056274,24.3
2026-09-28 20:00:00,25.4,82,5.8,0.0,Faridabad,28.3521,77.3427,20,-0.8660254037844386,0.5000000000000001,24.0,0.97649133,26.376491332054137,23.8
2026-09-28 21:00:00,25.0,83,4.9,0.0,Faridabad,28.3521,77.3427,21,-0.7071067811865477,0.7071067811865474,23.2,0.84716403,25.847164034843445,23.7
2026-09-28 22:00:00,24.6,84,5.5,0.0,Faridabad,28.3521,77.3427,22,-0.5000000000000004,0.8660254037844384,22.6,0.74643946,25.3464394569397,22.5
2026-09-28 23:00:00,24.2,86,6.6,0.0,Faridabad,28.3521,77.3427,23,-0.2588190451025215,0.965925826289068,22.2,1.0031061,25.20310611724853,21.7
2026-09-29 00:00:00,23.9,87,6.4,0.0,Faridabad,28.3521,77.3427,0,0.0,1.0,21.9,0.7837114,24.683711373806,21.0
2026-09-29 01:00:00,23.7,89,5.2,0.0,Faridabad,28.3521,77.3427,1,0.2588190451025207,0.9659258262890684,21.7,0.7953472,24.49534721374512,21.8
2026-09-29 02:00:00,23.5,92,5.5,0.0,Faridabad,28.3521,77.3427,2,0.4999999999999999,0.8660254037844387,21.5,0.78072786,24.280727863311768,21.4
2026-09-29 03:00:00,23.2,94,5.5,0.0,Faridabad,28.3521,77.3427,3,0.7071067811865476,0.7071067811865476,21.4,0.71181375,23.91181374788284,21.0
2026-09-29 04:00:00,23.0,95,5.5,0.0,Faridabad,28.3521,77.3427,4,0.8660254037844386,0.5000000000000001,21.3,0.690022,23.690021991729736,20.7
2026-09-29 05:00:00,23.0,94,5.9,0.0,Faridabad,28.3521,77.3427,5,0.9659258262890684,0.2588190451025207,21.2,0.7791125,23.77911251783371,20.4
2026-09-29 06:00:00,23.1,92,6.7,2.0,Faridabad,28.3521,77.3427,6,1.0,6.123233995736766e-17,21.2,0.8086228,23.908622777462007,19.9
2026-09-29 07:00:00,24.4,87,6.5,82.0,Faridabad,28.3521,77.3427,7,0.9659258262890684,-0.2588190451025206,22.3,0.47499305,24.874993050098418,21.5
2026-09-29 08:00:00,26.4,79,5.8,254.0,Faridabad,28.3521,77.3427,8,0.8660254037844387,-0.4999999999999998,24.0,0.3237351,26.72373508810997,24.7
2026-09-29 09:00:00,28.4,71,7.7,441.0,Faridabad,28.3521,77.3427,9,0.7071067811865476,-0.7071067811865475,25.6,-0.3373984,28.062601590156557,26.0
2026-09-29 10:00:00,29.7,63,7.8,602.0,Faridabad,28.3521,77.3427,10,0.4999999999999999,-0.8660254037844387,27.2,-0.6487078,29.051292192935943,27.3
2026-09-29 11:00:00,30.5,59,7.3,678.0,Faridabad,28.3521,77.3427,11,0.258819045102521,-0.9659258262890682,28.3,-0.5127559,29.987244129180908,28.6
2026-09-29 12:00:00,31.0,57,8.4,725.0,Faridabad,28.3521,77.3427,12,1.2246467991473532e-16,-1.0,29.2,-0.68261,30.317390024662014,29.1
2026-09-29 13:00:00,31.5,54,8.7,704.0,Faridabad,28.3521,77.3427,13,-0.2588190451025208,-0.9659258262890684,29.7,-0.88397694,30.616023063659668,29.3
2026-09-29 14:00:00,31.8,51,9.3,630.0,Faridabad,28.3521,77.3427,14,-0.4999999999999997,-0.8660254037844388,29.8,-0.8088827,30.99111728668213,29.5
2026-09-29 15:00:00,31.8,50,9.6,495.0,Faridabad,28.3521,77.3427,15,-0.7071067811865471,-0.7071067811865479,29.5,-0.6267209,31.17327909469605,29.5
2026-09-29 16:00:00,31.4,51,8.2,318.0,Faridabad,28.3521,77.3427,16,-0.8660254037844385,-0.5000000000000004,29.1,-0.6542363,30.74576368331909,28.4
2026-09-29 17:00:00,30.1,60,6.1,141.0,Faridabad,28.3521,77.3427,17,-0.9659258262890684,-0.2588190451025206,28.4,0.19321436,30.293214356899263,28.3
2026-09-29 18:00:00,28.7,67,6.2,16.0,Faridabad,28.3521,77.3427,18,-1.0,-1.8369701987210294e-16,26.9,0.197339,28.89733899831772,26.4
2026-09-29 19:00:00,28.0,69,7.5,0.0,Faridabad,28.3521,77.3427,19,-0.9659258262890684,0.2588190451025203,26.0,0.041185483,28.04118548333645,24.8
2026-09-29 20:00:00,27.3,72,7.3,0.0,Faridabad,28.3521,77.3427,20,-0.8660254037844386,0.5000000000000001,25.4,0.11823891,27.41823891103268,24.1
2026-09-29 21:00:00,26.7,74,6.8,0.0,Faridabad,28.3521,77.3427,21,-0.7071067811865477,0.7071067811865474,25.0,0.30909663,27.00909663438797,23.7
2026-09-29 22:00:00,26.1,77,6.8,0.0,Faridabad,28.3521,77.3427,22,-0.5000000000000004,0.8660254037844384,24.6,0.5768081,26.67680809497833,23.4
2026-09-29 23:00:00,25.7,79,7.3,0.0,Faridabad,28.3521,77.3427,23,-0.2588190451025215,0.965925826289068,24.2,1.1150793,26.815079283714294,23.6
2026-09-30 00:00:00,25.3,80,7.6,0.0,Faridabad,28.3521,77.3427,0,0.0,1.0,23.9,0.907283,26.207283008098603,22.6
2026-09-30 01:00:00,24.9,81,8.1,0.0,Faridabad,28.3521,77.3427,1,0.2588190451025207,0.9659258262890684,23.7,0.8243268,25.724326813220976,21.7
2026-09-30 02:00:00,24.7,81,8.7,0.0,Faridabad,28.3521,77.3427,2,0.4999999999999999,0.8660254037844387,23.5,0.7546072,25.45460720062256,21.0
2026-09-30 03:00:00,24.4,82,8.6,0.0,Faridabad,28.3521,77.3427,3,0.7071067811865476,0.7071067811865476,23.2,0.534602,24.934601986408232,20.2
2026-09-30 04:00:00,24.0,84,8.5,0.0,Faridabad,28.3521,77.3427,4,0.8660254037844386,0.5000000000000001,23.0,0.48550487,24.48550486564636,19.5
2026-09-30 05:00:00,23.7,85,8.5,0.0,Faridabad,28.3521,77.3427,5,0.9659258262890684,0.2588190451025207,23.0,0.5745956,24.27459557056427,19.2
2026-09-30 06:00:00,23.5,86,8.5,2.0,Faridabad,28.3521,77.3427,6,1.0,6.123233995736766e-17,23.1,0.528365,24.02836501598358,18.8
2026-09-30 07:00:00,24.7,82,7.3,85.0,Faridabad,28.3521,77.3427,7,0.9659258262890684,-0.2588190451025206,24.4,0.47529757,25.175297570228576,21.2
2026-09-30 08:00:00,26.8,75,5.4,263.0,Faridabad,28.3521,77.3427,8,0.8660254037844387,-0.4999999999999998,26.4,0.20558298,27.00558297634125,25.0
2026-09-30 09:00:00,29.0,66,6.7,456.0,Faridabad,28.3521,77.3427,9,0.7071067811865476,-0.7071067811865475,28.4,-0.459509,28.54049101471901,26.5
2026-09-30 10:00:00,30.7,58,8.9,617.0,Faridabad,28.3521,77.3427,10,0.4999999999999999,-0.8660254037844387,29.7,-0.43154514,30.26845486164093,28.9
2026-09-30 11:00:00,31.8,53,11.0,728.0,Faridabad,28.3521,77.3427,11,0.258819045102521,-0.9659258262890682,30.5,-1.0470369,30.75296311378479,29.4
2026-09-30 12:00:00,32.8,47,12.8,756.0,Faridabad,28.3521,77.3427,12,1.2246467991473532e-16,-1.0,31.0,-1.3761028,31.423897194862363,29.5
2026-09-30 13:00:00,33.4,42,14.3,722.0,Faridabad,28.3521,77.3427,13,-0.2588190451025208,-0.9659258262890684,31.5,-1.871185,31.52881505489349,28.3
2026-09-30 14:00:00,33.5,40,14.9,628.0,Faridabad,28.3521,77.3427,14,-0.4999999999999997,-0.8660254037844388,31.8,-1.7180989,31.781901121139526,28.0
2026-09-30 15:00:00,33.1,42,13.6,472.0,Faridabad,28.3521,77.3427,15,-0.7071067811865471,-0.7071067811865479,31.8,-1.2537217,31.846278285980222,28.8
2026-09-30 16:00:00,32.2,47,11.4,321.0,Faridabad,28.3521,77.3427,16,-0.8660254037844385,-0.5000000000000004,31.4,-0.6806091,31.51939089298249,29.3
2026-09-30 17:00:00,31.2,52,9.5,154.0,Faridabad,28.3521,77.3427,17,-0.9659258262890684,-0.2588190451025206,30.1,-0.44242227,30.75757772922516,28.3
2026-09-30 18:00:00,30.2,56,8.8,15.0,Faridabad,28.3521,77.3427,18,-1.0,-1.8369701987210294e-16,28.7,-0.074414924,30.12558507621288,27.2
2026-09-30 19:00:00,29.1,61,8.6,0.0,Faridabad,28.3521,77.3427,19,-0.9659258262890684,0.2588190451025203,28.0,-0.18066394,28.91933605670929,25.6
2026-09-30 20:00:00,28.2,65,8.5,0.0,Faridabad,28.3521,77.3427,20,-0.8660254037844386,0.5000000000000001,27.3,-0.064762734,28.13523726612329,24.5
2026-09-30 21:00:00,27.6,68,8.5,0.0,Faridabad,28.3521,77.3427,21,-0.7071067811865477,0.7071067811865474,26.7,0.10780356,27.7078035607934,24.0
2026-09-30 22:00:00,27.2,69,9.0,0.0,Faridabad,28.3521,77.3427,22,-0.5000000000000004,0.8660254037844384,26.1,0.06577127,27.26577126681805,23.3
2026-09-30 23:00:00,26.8,71,8.9,0.0,Faridabad,28.3521,77.3427,23,-0.2588190451025215,0.965925826289068,25.7,0.5195233,27.31952332258225,23.6
2026-10-01 00:00:00,26.3,73,8.4,0.0,Faridabad,28.3521,77.3427,0,0.0,1.0,25.3,0.3730596,26.67305960059166,22.6
2026-10-01 01:00:00,25.7,76,8.0,0.0,Faridabad,28.3521,77.3427,1,0.2588190451025207,0.9659258262890684,24.9,0.5522162,26.25221617221832,22.2
2026-10-01 02:00:00,25.3,77,8.0,0.0,Faridabad,28.3521,77.3427,2,0.4999999999999999,0.8660254037844387,24.7,0.3946221,25.69462208747864,21.3
2026-10-01 03:00:00,24.8,77,8.3,0.0,Faridabad,28.3521,77.3427,3,0.7071067811865476,0.7071067811865476,24.4,0.4342529,25.23425288796425,20.4
2026-10-01 04:00:00,24.3,77,8.6,0.0,Faridabad,28.3521,77.3427,4,0.8660254037844386,0.5000000000000001,24.0,0.24877827,24.54877826869488,19.1
2026-10-01 05:00:00,24.2,76,8.7,0.0,Faridabad,28.3521,77.3427,5,0.9659258262890684,0.2588190451025207,23.7,0.3378689,24.53786889910698,19.0
2026-10-01 06:00:00,24.7,73,7.8,1.0,Faridabad,28.3521,77.3427,6,1.0,6.123233995736766e-17,23.5,0.37789023,25.07789022922516,20.0
2026-10-01 07:00:00,25.7,69,6.6,88.0,Faridabad,28.3521,77.3427,7,0.9659258262890684,-0.2588190451025206,24.7,0.13228126,25.83228125870228,21.7
2026-10-01 08:00:00,26.9,64,6.1,260.0,Faridabad,28.3521,77.3427,8,0.8660254037844387,-0.4999999999999998,26.8,0.20312467,27.10312467217445,23.9
2026-10-01 09:00:00,28.8,56,6.7,468.0,Faridabad,28.3521,77.3427,9,0.7071067811865476,-0.7071067811865475,29.0,-0.39818487,28.40181513428688,25.6
2026-10-01 10:00:00,30.9,48,8.5,623.0,Faridabad,28.3521,77.3427,10,0.4999999999999999,-0.8660254037844387,30.7,-0.3613948,30.538605207204817,28.5
2026-10-01 11:00:00,32.7,42,10.2,728.0,Faridabad,28.3521,77.3427,11,0.258819045102521,-0.9659258262890682,31.8,-1.2758994,31.4241005897522,29.8
2026-10-01 12:00:00,33.9,37,11.7,795.0,Faridabad,28.3521,77.3427,12,1.2246467991473532e-16,-1.0,32.8,-1.5439374,32.35606255531311,30.9
2026-10-01 13:00:00,34.8,33,13.1,762.0,Faridabad,28.3521,77.3427,13,-0.2588190451025208,-0.9659258262890684,33.4,-2.2625325,32.53746752738952,30.3
2026-10-01 14:00:00,35.0,32,14.0,660.0,Faridabad,28.3521,77.3427,14,-0.4999999999999997,-0.8660254037844388,33.5,-2.2281759,32.77182412147522,29.9
2026-10-01 15:00:00,34.5,33,13.5,481.0,Faridabad,28.3521,77.3427,15,-0.7071067811865471,-0.7071067811865479,33.1,-2.0482144,32.45178556442261,29.4
2026-10-01 16:00:00,33.5,37,12.2,327.0,Faridabad,28.3521,77.3427,16,-0.8660254037844385,-0.5000000000000004,32.2,-1.4826975,32.01730251312256,29.2
2026-10-01 17:00:00,32.4,41,11.2,158.0,Faridabad,28.3521,77.3427,17,-0.9659258262890684,-0.2588190451025206,31.2,-1.0096233,31.39037671089172,28.4
2026-10-01 18:00:00,31.4,45,10.9,15.0,Faridabad,28.3521,77.3427,18,-1.0,-1.8369701987210294e-16,30.2,-0.75102925,30.648970746994017,27.1
2026-10-01 19:00:00,30.3,50,11.0,0.0,Faridabad,28.3521,77.3427,19,-0.9659258262890684,0.2588190451025203,29.1,-0.4024632,29.89753680229187,26.1
2026-10-01 20:00:00,29.3,53,11.0,0.0,Faridabad,28.3521,77.3427,20,-0.8660254037844386,0.5000000000000001,28.2,-0.25221854,29.047781455516816,24.8
2026-10-01 21:00:00,28.8,55,10.8,0.0,Faridabad,28.3521,77.3427,21,-0.7071067811865477,0.7071067811865474,27.6,-0.499942,28.300057995319367,23.7
2026-10-01 22:00:00,28.4,56,10.3,0.0,Faridabad,28.3521,77.3427,22,-0.5000000000000004,0.8660254037844384,27.2,-0.40155226,27.99844774007797,23.3
2026-10-01 23:00:00,27.9,57,9.8,0.0,Faridabad,28.3521,77.3427,23,-0.2588190451025215,0.965925826289068,26.8,0.20641318,28.106413179636,23.7
2026-09-27 00:00:00,21.9,90,6.8,0.0,Ghaziabad,28.7687,77.4766,0,0.0,1.0,24.4,1.0990105,22.999010467529292,18.1
2026-09-27 01:00:00,22.1,89,6.3,0.0,Ghaziabad,28.7687,77.4766,1,0.2588190451025207,0.9659258262890684,23.8,0.78914464,22.889144635200505,18.2
2026-09-27 02:00:00,22.2,90,3.2,0.0,Ghaziabad,28.7687,77.4766,2,0.4999999999999999,0.8660254037844387,23.5,0.5217146,22.721714627742767,21.7
2026-09-27 03:00:00,22.0,92,4.5,0.0,Ghaziabad,28.7687,77.4766,3,0.7071067811865476,0.7071067811865476,23.0,0.45574203,22.45574203133583,19.6
2026-09-27 04:00:00,21.8,93,6.0,0.0,Ghaziabad,28.7687,77.4766,4,0.8660254037844386,0.5000000000000001,22.6,0.5309374,22.330937373638157,17.8
2026-09-27 05:00:00,21.9,93,2.0,0.0,Ghaziabad,28.7687,77.4766,5,0.9659258262890684,0.2588190451025207,23.2,0.28006327,22.18006327152252,23.0
2026-09-27 06:00:00,22.0,93,2.7,1.0,Ghaziabad,28.7687,77.4766,6,1.0,6.123233995736766e-17,23.3,0.21534783,22.215347826480865,22.0
2026-09-27 07:00:00,22.3,93,2.3,24.0,Ghaziabad,28.7687,77.4766,7,0.9659258262890684,-0.2588190451025206,23.0,0.04644468,22.346444680541754,22.8
2026-09-27 08:00:00,23.0,92,1.4,87.0,Ghaziabad,28.7687,77.4766,8,0.8660254037844387,-0.4999999999999998,23.8,0.13450015,23.13450014591217,25.2
2026-09-27 09:00:00,24.1,86,3.5,210.0,Ghaziabad,28.7687,77.4766,9,0.7071067811865476,-0.7071067811865475,25.1,0.23005103,24.33005102574825,23.8
2026-09-27 10:00:00,25.4,81,10.6,458.0,Ghaziabad,28.7687,77.4766,10,0.4999999999999999,-0.8660254037844387,26.5,0.57018304,25.970183038711543,22.4
2026-09-27 11:00:00,25.7,77,12.1,556.0,Ghaziabad,28.7687,77.4766,11,0.258819045102521,-0.9659258262890682,26.6,-0.5132486,25.18675137758255,20.0
2026-09-27 12:00:00,26.0,77,10.4,585.0,Ghaziabad,28.7687,77.4766,12,1.2246467991473532e-16,-1.0,28.0,-0.41356716,25.58643284440041,21.7
2026-09-27 13:00:00,27.5,68,10.2,715.0,Ghaziabad,28.7687,77.4766,13,-0.2588190451025208,-0.9659258262890684,27.0,-0.45003065,27.049969345331192,24.1
2026-09-27 14:00:00,27.6,67,11.7,619.0,Ghaziabad,28.7687,77.4766,14,-0.4999999999999997,-0.8660254037844388,25.4,-0.8760824,26.72391757965088,22.6
2026-09-27 15:00:00,27.0,69,12.8,489.0,Ghaziabad,28.7687,77.4766,15,-0.7071067811865471,-0.7071067811865479,23.7,-0.80533814,26.194661855697632,20.7
2026-09-27 16:00:00,26.5,71,9.7,315.0,Ghaziabad,28.7687,77.4766,16,-0.8660254037844385,-0.5000000000000004,23.3,0.24046543,26.740465432405472,23.0
2026-09-27 17:00:00,25.7,77,7.0,142.0,Ghaziabad,28.7687,77.4766,17,-0.9659258262890684,-0.2588190451025206,23.0,1.225529,26.925528955459598,24.0
2026-09-27 18:00:00,24.1,84,6.3,18.0,Ghaziabad,28.7687,77.4766,18,-1.0,-1.8369701987210294e-16,22.7,0.95998657,25.05998656749725,21.5
2026-09-27 19:00:00,23.3,87,6.2,0.0,Ghaziabad,28.7687,77.4766,19,-0.9659258262890684,0.2588190451025203,22.8,0.9891283,24.289128291606904,20.5
2026-09-27 20:00:00,22.8,89,6.0,0.0,Ghaziabad,28.7687,77.4766,20,-0.8660254037844386,0.5000000000000001,22.3,1.1201926,23.920192646980286,20.2
2026-09-27 21:00:00,22.3,92,6.1,0.0,Ghaziabad,28.7687,77.4766,21,-0.7071067811865477,0.7071067811865474,22.2,1.0570859,23.357085871696476,19.4
2026-09-27 22:00:00,21.8,94,5.2,0.0,Ghaziabad,28.7687,77.4766,22,-0.5000000000000004,0.8660254037844384,22.0,1.0253174,22.825317430496217,19.5
2026-09-27 23:00:00,21.3,97,4.2,0.0,Ghaziabad,28.7687,77.4766,23,-0.2588190451025215,0.965925826289068,21.8,1.0994359,22.399435925483704,20.3
2026-09-28 00:00:00,21.0,98,3.1,0.0,Ghaziabad,28.7687,77.4766,0,0.0,1.0,21.9,0.744795,21.74479502439499,21.0
2026-09-28 01:00:00,20.8,98,0.5,0.0,Ghaziabad,28.7687,77.4766,1,0.2588190451025207,0.9659258262890684,22.1,0.56170255,21.36170254945755,24.1
2026-09-28 02:00:00,20.5,99,2.9,0.0,Ghaziabad,28.7687,77.4766,2,0.4999999999999999,0.8660254037844387,22.2,0.5217146,21.021714627742767,20.4
2026-09-28 03:00:00,20.5,99,3.5,0.0,Ghaziabad,28.7687,77.4766,3,0.7071067811865476,0.7071067811865476,22.0,0.35572413,20.85572412610054,19.2
2026-09-28 04:00:00,20.5,99,3.0,0.0,Ghaziabad,28.7687,77.4766,4,0.8660254037844386,0.5000000000000001,21.8,0.35728344,20.85728344321251,20.0
2026-09-28 05:00:00,20.6,99,4.0,0.0,Ghaziabad,28.7687,77.4766,5,0.9659258262890684,0.2588190451025207,21.9,0.5486117,21.148611700534826,18.8
2026-09-28 06:00:00,20.7,99,4.2,2.0,Ghaziabad,28.7687,77.4766,6,1.0,6.123233995736766e-17,22.0,0.47286323,21.172863227128985,18.5
2026-09-28 07:00:00,21.9,94,1.6,75.0,Ghaziabad,28.7687,77.4766,7,0.9659258262890684,-0.2588190451025206,22.3,-0.16177624,21.73822375535965,23.3
2026-09-28 08:00:00,23.8,85,0.8,232.0,Ghaziabad,28.7687,77.4766,8,0.8660254037844387,-0.4999999999999998,23.0,-0.33749974,23.46250026226044,26.1
2026-09-28 09:00:00,25.0,80,3.4,335.0,Ghaziabad,28.7687,77.4766,9,0.7071067811865476,-0.7071067811865475,24.1,0.09894863,25.098948627710342,24.8
2026-09-28 10:00:00,26.4,75,3.8,507.0,Ghaziabad,28.7687,77.4766,10,0.4999999999999999,-0.8660254037844387,25.4,-0.20920852,26.19079148173332,25.9
2026-09-28 11:00:00,27.2,73,3.5,568.0,Ghaziabad,28.7687,77.4766,11,0.258819045102521,-0.9659258262890682,25.7,-0.33462572,26.865374279022216,27.2
2026-09-28 12:00:00,28.1,70,0.9,636.0,Ghaziabad,28.7687,77.4766,12,1.2246467991473532e-16,-1.0,26.0,-1.2128527,26.88714728355408,30.0
2026-09-28 13:00:00,28.6,68,2.7,562.0,Ghaziabad,28.7687,77.4766,13,-0.2588190451025208,-0.9659258262890684,27.5,-0.6431606,27.956839418411256,29.1
2026-09-28 14:00:00,28.8,69,3.7,571.0,Ghaziabad,28.7687,77.4766,14,-0.4999999999999997,-0.8660254037844388,27.6,-0.41266286,28.387337136268616,28.7
2026-09-28 15:00:00,28.9,68,3.8,467.0,Ghaziabad,28.7687,77.4766,15,-0.7071067811865471,-0.7071067811865479,27.0,0.09172971,28.99172970801592,29.1
2026-09-28 16:00:00,28.6,70,4.2,311.0,Ghaziabad,28.7687,77.4766,16,-0.8660254037844385,-0.5000000000000004,26.5,0.44388777,29.04388777017593,28.7
2026-09-28 17:00:00,27.6,78,3.1,134.0,Ghaziabad,28.7687,77.4766,17,-0.9659258262890684,-0.2588190451025206,25.7,1.0634674,28.663467383384702,29.6
2026-09-28 18:00:00,26.2,84,2.7,15.0,Ghaziabad,28.7687,77.4766,18,-1.0,-1.8369701987210294e-16,24.1,0.781781,26.981781017780303,27.9
2026-09-28 19:00:00,25.3,88,2.4,0.0,Ghaziabad,28.7687,77.4766,19,-0.9659258262890684,0.2588190451025203,23.3,0.8889485,26.188948500156403,27.5
2026-09-28 20:00:00,24.7,90,2.4,0.0,Ghaziabad,28.7687,77.4766,20,-0.8660254037844386,0.5000000000000001,22.8,0.9044418,25.60444177389145,26.9
2026-09-28 21:00:00,24.3,92,2.7,0.0,Ghaziabad,28.7687,77.4766,21,-0.7071067811865477,0.7071067811865474,22.3,0.8626843,25.16268430948257,26.0
2026-09-28 22:00:00,24.0,93,3.0,0.0,Ghaziabad,28.7687,77.4766,22,-0.5000000000000004,0.8660254037844384,21.8,0.8132964,24.813296377658844,25.2
2026-09-28 23:00:00,23.8,94,3.7,0.0,Ghaziabad,28.7687,77.4766,23,-0.2588190451025215,0.965925826289068,21.3,1.0570536,24.857053565979005,24.4
2026-09-29 00:00:00,23.6,95,3.6,0.0,Ghaziabad,28.7687,77.4766,0,0.0,1.0,21.0,0.76614475,24.366144752502443,23.9
2026-09-29 01:00:00,23.5,95,4.5,0.0,Ghaziabad,28.7687,77.4766,1,0.2588190451025207,0.9659258262890684,20.8,0.66385376,24.163853764534,22.5
2026-09-29 02:00:00,23.3,95,4.6,0.0,Ghaziabad,28.7687,77.4766,2,0.4999999999999999,0.8660254037844387,20.5,0.65285987,23.95285986661911,22.0
2026-09-29 03:00:00,23.3,95,4.6,0.0,Ghaziabad,28.7687,77.4766,3,0.7071067811865476,0.7071067811865476,20.5,0.5429044,23.842904376983643,21.8
2026-09-29 04:00:00,23.2,95,4.3,0.0,Ghaziabad,28.7687,77.4766,4,0.8660254037844386,0.5000000000000001,20.5,0.43136683,23.631366831064224,21.9
2026-09-29 05:00:00,23.1,95,4.7,0.0,Ghaziabad,28.7687,77.4766,5,0.9659258262890684,0.2588190451025207,20.6,0.63577396,23.735773956775667,21.6
2026-09-29 06:00:00,23.2,94,4.9,2.0,Ghaziabad,28.7687,77.4766,6,1.0,6.123233995736766e-17,20.7,0.56002545,23.760025453567504,21.3
2026-09-29 07:00:00,24.7,88,6.6,78.0,Ghaziabad,28.7687,77.4766,7,0.9659258262890684,-0.2588190451025206,21.9,0.58577996,25.285779964923854,22.2
2026-09-29 08:00:00,26.3,81,6.7,241.0,Ghaziabad,28.7687,77.4766,8,0.8660254037844387,-0.4999999999999998,23.8,0.2561364,26.556136387586594,24.1
2026-09-29 09:00:00,27.9,77,8.2,422.0,Ghaziabad,28.7687,77.4766,9,0.7071067811865476,-0.7071067811865475,25.0,-0.61654603,27.28345396518707,25.0
2026-09-29 10:00:00,29.1,72,10.6,581.0,Ghaziabad,28.7687,77.4766,10,0.4999999999999999,-0.8660254037844387,26.4,-1.0071898,28.09281024932861,26.0
2026-09-29 11:00:00,29.9,69,10.8,683.0,Ghaziabad,28.7687,77.4766,11,0.258819045102521,-0.9659258262890682,27.2,-1.1666236,28.73337640762329,27.1
2026-09-29 12:00:00,30.4,66,10.5,730.0,Ghaziabad,28.7687,77.4766,12,1.2246467991473532e-16,-1.0,28.1,-1.6225395,28.777460479736327,27.1
2026-09-29 13:00:00,30.7,64,10.5,709.0,Ghaziabad,28.7687,77.4766,13,-0.2588190451025208,-0.9659258262890684,28.6,-1.4574566,29.24254341125488,27.7
2026-09-29 14:00:00,30.8,62,11.2,622.0,Ghaziabad,28.7687,77.4766,14,-0.4999999999999997,-0.8660254037844388,28.8,-1.2306451,29.569354939460755,27.8
2026-09-29 15:00:00,30.6,61,11.4,487.0,Ghaziabad,28.7687,77.4766,15,-0.7071067811865471,-0.7071067811865479,28.9,-0.86726683,29.732733166217805,27.6
2026-09-29 16:00:00,30.0,63,10.7,306.0,Ghaziabad,28.7687,77.4766,16,-0.8660254037844385,-0.5000000000000004,28.6,-0.7415057,29.258494317531586,26.8
2026-09-29 17:00:00,28.6,71,6.2,134.0,Ghaziabad,28.7687,77.4766,17,-0.9659258262890684,-0.2588190451025206,27.6,0.67557067,29.27557066679001,27.6
2026-09-29 18:00:00,27.0,76,5.8,15.0,Ghaziabad,28.7687,77.4766,18,-1.0,-1.8369701987210294e-16,26.2,0.61559856,27.615598559379578,25.3
2026-09-29 19:00:00,26.5,77,6.7,0.0,Ghaziabad,28.7687,77.4766,19,-0.9659258262890684,0.2588190451025203,25.3,0.4677122,26.967712193727493,23.9
2026-09-29 20:00:00,26.0,78,7.2,0.0,Ghaziabad,28.7687,77.4766,20,-0.8660254037844386,0.5000000000000001,24.7,0.7091394,26.70913940668106,23.4
2026-09-29 21:00:00,25.6,79,7.6,0.0,Ghaziabad,28.7687,77.4766,21,-0.7071067811865477,0.7071067811865474,24.3,0.9172893,26.517289316654207,23.0
2026-09-29 22:00:00,25.2,80,7.9,0.0,Ghaziabad,28.7687,77.4766,22,-0.5000000000000004,0.8660254037844384,24.0,1.0288604,26.228860449790957,22.5
2026-09-29 23:00:00,24.8,82,7.5,0.0,Ghaziabad,28.7687,77.4766,23,-0.2588190451025215,0.965925826289068,23.8,1.23573,26.035730051994324,22.5
2026-09-30 00:00:00,24.5,82,7.9,0.0,Ghaziabad,28.7687,77.4766,0,0.0,1.0,23.6,0.8341038,25.33410382270813,21.1
2026-09-30 01:00:00,24.3,82,7.9,0.0,Ghaziabad,28.7687,77.4766,1,0.2588190451025207,0.9659258262890684,23.5,0.6510114,24.951011407375336,20.4
2026-09-30 02:00:00,24.0,83,7.9,0.0,Ghaziabad,28.7687,77.4766,2,0.4999999999999999,0.8660254037844387,23.3,0.49185485,24.49185484647751,19.7
2026-09-30 03:00:00,23.7,83,7.7,0.0,Ghaziabad,28.7687,77.4766,3,0.7071067811865476,0.7071067811865476,23.3,0.38189945,24.081899446249007,19.0
2026-09-30 04:00:00,23.4,84,7.2,0.0,Ghaziabad,28.7687,77.4766,4,0.8660254037844386,0.5000000000000001,23.2,0.2775404,23.677540385723116,18.7
2026-09-30 05:00:00,23.0,85,7.3,0.0,Ghaziabad,28.7687,77.4766,5,0.9659258262890684,0.2588190451025207,23.1,0.3947853,23.394785314798355,18.2
2026-09-30 06:00:00,22.8,85,7.7,2.0,Ghaziabad,28.7687,77.4766,6,1.0,6.123233995736766e-17,23.2,0.38855836,23.188558357954022,17.6
2026-09-30 07:00:00,24.1,82,9.2,84.0,Ghaziabad,28.7687,77.4766,7,0.9659258262890684,-0.2588190451025206,24.7,0.3722167,24.47221670150757,19.3
2026-09-30 08:00:00,25.9,76,8.1,258.0,Ghaziabad,28.7687,77.4766,8,0.8660254037844387,-0.4999999999999998,26.3,-0.38245156,25.51754843592644,21.5
2026-09-30 09:00:00,27.7,70,9.1,449.0,Ghaziabad,28.7687,77.4766,9,0.7071067811865476,-0.7071067811865475,27.9,-0.74471414,26.95528585910797,23.8
2026-09-30 10:00:00,29.3,64,10.2,612.0,Ghaziabad,28.7687,77.4766,10,0.4999999999999999,-0.8660254037844387,29.1,-1.1560562,28.14394383430481,25.6
2026-09-30 11:00:00,30.3,58,11.8,724.0,Ghaziabad,28.7687,77.4766,11,0.258819045102521,-0.9659258262890682,29.9,-1.1064306,29.193569350242612,26.7
2026-09-30 12:00:00,31.1,55,13.5,777.0,Ghaziabad,28.7687,77.4766,12,1.2246467991473532e-16,-1.0,30.4,-1.273789,29.82621095180512,26.8
2026-09-30 13:00:00,31.6,53,15.1,746.0,Ghaziabad,28.7687,77.4766,13,-0.2588190451025208,-0.9659258262890684,30.7,-1.766935,29.833065009117128,25.4
2026-09-30 14:00:00,31.6,53,15.5,649.0,Ghaziabad,28.7687,77.4766,14,-0.4999999999999997,-0.8660254037844388,30.8,-1.4857578,30.11424217224121,25.4
2026-09-30 15:00:00,31.0,57,13.4,481.0,Ghaziabad,28.7687,77.4766,15,-0.7071067811865471,-0.7071067811865479,30.6,-1.0519879,29.948012113571167,26.7
2026-09-30 16:00:00,29.9,64,9.7,327.0,Ghaziabad,28.7687,77.4766,16,-0.8660254037844385,-0.5000000000000004,30.0,-0.65700287,29.24299713373184,27.0
2026-09-30 17:00:00,28.9,70,7.2,157.0,Ghaziabad,28.7687,77.4766,17,-0.9659258262890684,-0.2588190451025206,28.6,0.3939353,29.29393529295921,27.4
2026-09-30 18:00:00,27.8,74,6.4,15.0,Ghaziabad,28.7687,77.4766,18,-1.0,-1.8369701987210294e-16,27.0,0.68294156,28.48294155597687,26.3
2026-09-30 19:00:00,26.7,76,6.8,0.0,Ghaziabad,28.7687,77.4766,19,-0.9659258262890684,0.2588190451025203,26.5,0.43831515,27.138315153121948,24.1
2026-09-30 20:00:00,25.8,78,7.2,0.0,Ghaziabad,28.7687,77.4766,20,-0.8660254037844386,0.5000000000000001,26.0,0.7658978,26.565897810459138,23.1
2026-09-30 21:00:00,25.3,80,7.3,0.0,Ghaziabad,28.7687,77.4766,21,-0.7071067811865477,0.7071067811865474,25.6,1.0938866,26.393886613845822,23.0
2026-09-30 22:00:00,25.0,82,7.6,0.0,Ghaziabad,28.7687,77.4766,22,-0.5000000000000004,0.8660254037844384,25.2,1.0745263,26.07452630996704,22.5
2026-09-30 23:00:00,24.7,83,7.8,0.0,Ghaziabad,28.7687,77.4766,23,-0.2588190451025215,0.965925826289068,24.8,1.2728041,25.972804141044616,22.3
2026-10-01 00:00:00,24.4,83,7.9,0.0,Ghaziabad,28.7687,77.4766,0,0.0,1.0,24.5,0.8341038,25.23410382270813,21.0
2026-10-01 01:00:00,24.2,84,7.9,0.0,Ghaziabad,28.7687,77.4766,1,0.2588190451025207,0.9659258262890684,24.3,0.609592,24.809592020511623,20.3
2026-10-01 02:00:00,23.9,84,7.9,0.0,Ghaziabad,28.7687,77.4766,2,0.4999999999999999,0.8660254037844387,24.0,0.47714165,24.37714164853096,19.6
2026-10-01 03:00:00,23.6,85,8.0,0.0,Ghaziabad,28.7687,77.4766,3,0.7071067811865476,0.7071067811865476,23.7,0.3671862,23.967186188697816,18.9
2026-10-01 04:00:00,23.2,85,8.5,0.0,Ghaziabad,28.7687,77.4766,4,0.8660254037844386,0.5000000000000001,23.4,0.33021903,23.53021903038025,17.9
2026-10-01 05:00:00,23.3,85,8.7,0.0,Ghaziabad,28.7687,77.4766,5,0.9659258262890684,0.2588190451025207,23.0,0.44746396,23.74746395945549,18.2
2026-10-01 06:00:00,24.1,83,8.0,1.0,Ghaziabad,28.7687,77.4766,6,1.0,6.123233995736766e-17,22.8,0.41430464,24.5143046438694,19.7
2026-10-01 07:00:00,25.2,80,7.1,87.0,Ghaziabad,28.7687,77.4766,7,0.9659258262890684,-0.2588190451025206,24.1,0.13461907,25.334619072079654,21.4
2026-10-01 08:00:00,26.6,76,6.7,255.0,Ghaziabad,28.7687,77.4766,8,0.8660254037844387,-0.4999999999999998,25.9,-0.3252436,26.274756407737733,23.2
2026-10-01 09:00:00,28.2,68,7.6,457.0,Ghaziabad,28.7687,77.4766,9,0.7071067811865476,-0.7071067811865475,27.7,-0.6503572,27.54964281320572,24.9
2026-10-01 10:00:00,30.0,60,9.3,608.0,Ghaziabad,28.7687,77.4766,10,0.4999999999999999,-0.8660254037844387,29.3,-1.1247045,28.8752955198288,26.7
2026-10-01 11:00:00,31.3,54,10.7,711.0,Ghaziabad,28.7687,77.4766,11,0.258819045102521,-0.9659258262890682,30.3,-1.2850775,30.014922547340397,28.2
2026-10-01 12:00:00,32.1,51,11.4,774.0,Ghaziabad,28.7687,77.4766,12,1.2246467991473532e-16,-1.0,31.1,-1.4446187,30.655381298065187,29.0
2026-10-01 13:00:00,32.6,49,12.0,744.0,Ghaziabad,28.7687,77.4766,13,-0.2588190451025208,-0.9659258262890684,31.6,-1.620307,30.97969303131104,29.2
2026-10-01 14:00:00,32.5,49,12.0,648.0,Ghaziabad,28.7687,77.4766,14,-0.4999999999999997,-0.8660254037844388,31.6,-1.5527039,30.947296142578125,28.9
2026-10-01 15:00:00,31.7,53,10.9,477.0,Ghaziabad,28.7687,77.4766,15,-0.7071067811865471,-0.7071067811865479,31.0,-1.1857702,30.51422984600067,28.5
2026-10-01 16:00:00,30.5,60,9.2,329.0,Ghaziabad,28.7687,77.4766,16,-0.8660254037844385,-0.5000000000000004,29.9,-0.5781694,29.92183059453964,27.9
2026-10-01 17:00:00,29.2,67,8.0,160.0,Ghaziabad,28.7687,77.4766,17,-0.9659258262890684,-0.2588190451025206,28.9,0.16008097,29.360080969333648,27.2
2026-10-01 18:00:00,28.2,69,7.9,15.0,Ghaziabad,28.7687,77.4766,18,-1.0,-1.8369701987210294e-16,27.8,0.41109994,28.61109994053841,25.8
2026-10-01 19:00:00,27.1,71,8.6,0.0,Ghaziabad,28.7687,77.4766,19,-0.9659258262890684,0.2588190451025203,26.7,0.3013966,27.401396608352663,23.7
2026-10-01 20:00:00,26.2,72,8.8,0.0,Ghaziabad,28.7687,77.4766,20,-0.8660254037844386,0.5000000000000001,25.8,0.4853617,26.68536169528961,22.5
2026-10-01 21:00:00,25.5,74,8.4,0.0,Ghaziabad,28.7687,77.4766,21,-0.7071067811865477,0.7071067811865474,25.3,0.8259737,26.32597368955612,22.1
2026-10-01 22:00:00,24.9,76,7.9,0.0,Ghaziabad,28.7687,77.4766,22,-0.5000000000000004,0.8660254037844384,25.0,0.75130975,25.651309752464293,21.2
2026-10-01 23:00:00,24.4,78,7.7,0.0,Ghaziabad,28.7687,77.4766,23,-0.2588190451025215,0.965925826289068,24.7,0.920858,25.32085802555084,20.8
2026-09-27 00:00:00,23.4,71,5.6,0.0,Gurugram,28.3688,76.9408,0,0.0,1.0,24.5,-0.48176026,22.918239736557005,17.7
2026-09-27 01:00:00,23.0,75,3.5,0.0,Gurugram,28.3688,76.9408,1,0.2588190451025207,0.9659258262890684,23.9,-0.9622904,22.037709593772888,19.3
2026-09-27 02:00:00,22.9,77,2.9,0.0,Gurugram,28.3688,76.9408,2,0.4999999999999999,0.8660254037844387,23.5,-0.7730622,22.126937770843504,20.5
2026-09-27 03:00:00,22.8,78,4.2,0.0,Gurugram,28.3688,76.9408,3,0.7071067811865476,0.7071067811865476,23.1,-0.5828551,22.217144894599915,18.7
2026-09-27 04:00:00,22.7,78,1.3,0.0,Gurugram,28.3688,76.9408,4,0.8660254037844386,0.5000000000000001,22.8,-0.6739117,22.026088309288024,22.8
2026-09-27 05:00:00,22.5,80,3.6,0.0,Gurugram,28.3688,76.9408,5,0.9659258262890684,0.2588190451025207,23.7,-0.54995817,21.950041830539703,19.3
2026-09-27 06:00:00,22.4,81,4.8,1.0,Gurugram,28.3688,76.9408,6,1.0,6.123233995736766e-17,23.4,-0.42936367,21.970636332035063,17.8
2026-09-27 07:00:00,23.4,77,4.3,77.0,Gurugram,28.3688,76.9408,7,0.9659258262890684,-0.2588190451025206,23.6,-0.63384116,22.766158843040465,19.5
2026-09-27 08:00:00,25.1,70,4.1,250.0,Gurugram,28.3688,76.9408,8,0.8660254037844387,-0.4999999999999998,25.1,-0.4494984,24.65050161480904,22.4
2026-09-27 09:00:00,26.9,64,5.5,446.0,Gurugram,28.3688,76.9408,9,0.7071067811865476,-0.7071067811865475,26.5,-0.39800215,26.50199785232544,23.8
2026-09-27 10:00:00,28.3,60,6.2,625.0,Gurugram,28.3688,76.9408,10,0.4999999999999999,-0.8660254037844387,28.2,-0.73593813,27.56406186819077,25.1
2026-09-27 11:00:00,29.4,58,7.7,743.0,Gurugram,28.3688,76.9408,11,0.258819045102521,-0.9659258262890682,28.5,-0.6892233,28.71077671051025,26.6
2026-09-27 12:00:00,30.1,55,6.7,775.0,Gurugram,28.3688,76.9408,12,1.2246467991473532e-16,-1.0,29.1,-1.3343464,28.76565358638764,26.7
2026-09-27 13:00:00,30.2,56,7.6,712.0,Gurugram,28.3688,76.9408,13,-0.2588190451025208,-0.9659258262890684,30.0,-1.4181188,28.78188116550445,26.5
2026-09-27 14:00:00,30.5,54,7.5,657.0,Gurugram,28.3688,76.9408,14,-0.4999999999999997,-0.8660254037844388,30.4,-1.2994237,29.200576305389404,26.9
2026-09-27 15:00:00,30.0,56,9.3,502.0,Gurugram,28.3688,76.9408,15,-0.7071067811865471,-0.7071067811865479,30.3,-0.7546975,29.245302498340607,26.7
2026-09-27 16:00:00,28.7,62,12.1,315.0,Gurugram,28.3688,76.9408,16,-0.8660254037844385,-0.5000000000000004,29.7,-0.38621518,28.313784819841384,24.4
2026-09-27 17:00:00,27.2,68,12.4,158.0,Gurugram,28.3688,76.9408,17,-0.9659258262890684,-0.2588190451025206,25.8,-0.07953944,27.120460559427737,22.0
2026-09-27 18:00:00,25.8,75,8.3,21.0,Gurugram,28.3688,76.9408,18,-1.0,-1.8369701987210294e-16,24.3,0.30954334,26.10954334139824,21.9
2026-09-27 19:00:00,24.9,78,7.9,0.0,Gurugram,28.3688,76.9408,19,-0.9659258262890684,0.2588190451025203,23.6,0.18494566,25.08494565784931,20.4
2026-09-27 20:00:00,24.3,81,7.4,0.0,Gurugram,28.3688,76.9408,20,-0.8660254037844386,0.5000000000000001,23.3,-0.08848881,24.211511190235612,19.3
2026-09-27 21:00:00,23.9,84,7.7,0.0,Gurugram,28.3688,76.9408,21,-0.7071067811865477,0.7071067811865474,23.6,-0.14158247,23.758417525887488,18.5
2026-09-27 22:00:00,23.3,87,8.1,0.0,Gurugram,28.3688,76.9408,22,-0.5000000000000004,0.8660254037844384,23.2,-0.100758515,23.199241484701638,17.6
2026-09-27 23:00:00,22.8,90,7.6,0.0,Gurugram,28.3688,76.9408,23,-0.2588190451025215,0.965925826289068,23.4,0.48843604,23.28843604326248,18.2
2026-09-28 00:00:00,22.4,92,6.6,0.0,Gurugram,28.3688,76.9408,0,0.0,1.0,23.4,0.09324062,22.493240618705748,17.6
2026-09-28 01:00:00,22.0,93,4.2,0.0,Gurugram,28.3688,76.9408,1,0.2588190451025207,0.9659258262890684,23.0,-0.2881506,21.71184939146042,18.9
2026-09-28 02:00:00,21.6,95,3.1,0.0,Gurugram,28.3688,76.9408,2,0.4999999999999999,0.8660254037844387,22.9,-0.16108645,21.438913545012475,20.4
2026-09-28 03:00:00,21.4,96,1.7,0.0,Gurugram,28.3688,76.9408,3,0.7071067811865476,0.7071067811865476,22.8,-0.20268813,21.19731187224388,22.4
2026-09-28 04:00:00,21.2,98,2.5,0.0,Gurugram,28.3688,76.9408,4,0.8660254037844386,0.5000000000000001,22.7,-0.23353413,20.966465872526168,20.9
2026-09-28 05:00:00,21.1,98,3.0,0.0,Gurugram,28.3688,76.9408,5,0.9659258262890684,0.2588190451025207,22.5,-0.17762138,20.92237862050533,20.0
2026-09-28 06:00:00,21.2,97,4.3,2.0,Gurugram,28.3688,76.9408,6,1.0,6.123233995736766e-17,22.4,-0.13760385,21.062396150827407,18.1
2026-09-28 07:00:00,22.8,89,4.2,81.0,Gurugram,28.3688,76.9408,7,0.9659258262890684,-0.2588190451025206,23.4,-0.061629996,22.738370004296304,20.4
2026-09-28 08:00:00,25.1,77,2.7,256.0,Gurugram,28.3688,76.9408,8,0.8660254037844387,-0.4999999999999998,25.1,-0.8333638,24.266636228561403,24.3
2026-09-28 09:00:00,26.9,68,2.7,448.0,Gurugram,28.3688,76.9408,9,0.7071067811865476,-0.7071067811865475,26.9,-0.7400008,26.159999215602877,26.6
2026-09-28 10:00:00,28.2,64,3.4,610.0,Gurugram,28.3688,76.9408,10,0.4999999999999999,-0.8660254037844387,28.3,-0.98816913,27.211830866336825,27.2
2026-09-28 11:00:00,29.3,61,3.5,716.0,Gurugram,28.3688,76.9408,11,0.258819045102521,-0.9659258262890682,29.4,-1.0373393,28.262660670280457,28.5
2026-09-28 12:00:00,30.1,58,6.4,742.0,Gurugram,28.3688,76.9408,12,1.2246467991473532e-16,-1.0,30.1,-1.4405934,28.659406638145448,26.8
2026-09-28 13:00:00,30.1,57,8.5,647.0,Gurugram,28.3688,76.9408,13,-0.2588190451025208,-0.9659258262890684,30.2,-1.1846682,28.91533181667328,26.6
2026-09-28 14:00:00,30.2,56,10.5,637.0,Gurugram,28.3688,76.9408,14,-0.4999999999999997,-0.8660254037844388,30.5,-1.1523373,29.047662687301635,26.5
2026-09-28 15:00:00,30.1,55,8.4,523.0,Gurugram,28.3688,76.9408,15,-0.7071067811865471,-0.7071067811865479,30.0,-0.8925792,29.207420802116395,26.7
2026-09-28 16:00:00,29.8,57,4.8,334.0,Gurugram,28.3688,76.9408,16,-0.8660254037844385,-0.5000000000000004,28.7,-0.32700357,29.472996431589127,27.8
2026-09-28 17:00:00,28.8,65,2.9,148.0,Gurugram,28.3688,76.9408,17,-0.9659258262890684,-0.2588190451025206,27.2,0.19252379,28.992523792386056,29.0
2026-09-28 18:00:00,27.4,73,1.1,19.0,Gurugram,28.3688,76.9408,18,-1.0,-1.8369701987210294e-16,25.8,-0.41277936,26.9872206389904,28.6
2026-09-28 19:00:00,26.6,76,0.6,0.0,Gurugram,28.3688,76.9408,19,-0.9659258262890684,0.2588190451025203,24.9,-0.67277086,25.927229142189027,27.8
2026-09-28 20:00:00,25.5,82,3.7,0.0,Gurugram,28.3688,76.9408,20,-0.8660254037844386,0.5000000000000001,24.3,-0.056471635,25.44352836534381,24.3
2026-09-28 21:00:00,24.9,86,6.6,0.0,Gurugram,28.3688,76.9408,21,-0.7071067811865477,0.7071067811865474,23.9,0.14231972,25.042319723963736,21.4
2026-09-28 22:00:00,24.3,89,4.1,0.0,Gurugram,28.3688,76.9408,22,-0.5000000000000004,0.8660254037844384,23.3,0.0033816814,24.30338168139569,22.6
2026-09-28 23:00:00,23.8,92,3.3,0.0,Gurugram,28.3688,76.9408,23,-0.2588190451025215,0.965925826289068,22.8,0.052177254,23.852177254110572,23.3
2026-09-29 00:00:00,23.4,94,2.6,0.0,Gurugram,28.3688,76.9408,0,0.0,1.0,22.4,-0.2839115,23.116088503599165,23.4
2026-09-29 01:00:00,23.1,94,2.7,0.0,Gurugram,28.3688,76.9408,1,0.2588190451025207,0.9659258262890684,22.0,-0.43288204,22.667117959260946,22.6
2026-09-29 02:00:00,22.8,94,3.4,0.0,Gurugram,28.3688,76.9408,2,0.4999999999999999,0.8660254037844387,21.6,-0.19470736,22.605292636156083,21.5
2026-09-29 03:00:00,22.6,94,4.8,0.0,Gurugram,28.3688,76.9408,3,0.7071067811865476,0.7071067811865476,21.4,-0.117004454,22.482995545864107,19.4
2026-09-29 04:00:00,22.5,94,6.0,0.0,Gurugram,28.3688,76.9408,4,0.8660254037844386,0.5000000000000001,21.2,-0.0173286,22.482671400532126,18.2
2026-09-29 05:00:00,22.4,94,5.6,0.0,Gurugram,28.3688,76.9408,5,0.9659258262890684,0.2588190451025207,21.1,0.045251843,22.445251842588185,18.5
2026-09-29 06:00:00,22.3,95,5.5,2.0,Gurugram,28.3688,76.9408,6,1.0,6.123233995736766e-17,21.2,-0.03374285,22.26625715121627,18.4
2026-09-29 07:00:00,23.9,89,7.0,82.0,Gurugram,28.3688,76.9408,7,0.9659258262890684,-0.2588190451025206,22.8,0.16708466,24.067084664106368,20.0
2026-09-29 08:00:00,26.2,79,6.3,258.0,Gurugram,28.3688,76.9408,8,0.8660254037844387,-0.4999999999999998,25.1,-0.18357655,26.016423445940017,23.3
2026-09-29 09:00:00,28.4,70,8.1,449.0,Gurugram,28.3688,76.9408,9,0.7071067811865476,-0.7071067811865475,26.9,-0.58196855,27.818031454086302,25.4
2026-09-29 10:00:00,29.8,61,8.5,613.0,Gurugram,28.3688,76.9408,10,0.4999999999999999,-0.8660254037844387,28.2,-0.82049036,28.97950963973999,27.0
2026-09-29 11:00:00,30.8,56,9.6,711.0,Gurugram,28.3688,76.9408,11,0.258819045102521,-0.9659258262890682,29.3,-1.308287,29.49171297550201,27.6
2026-09-29 12:00:00,31.8,50,11.2,755.0,Gurugram,28.3688,76.9408,12,1.2246467991473532e-16,-1.0,30.1,-1.6216581,30.178341913223267,28.1
2026-09-29 13:00:00,32.2,46,12.5,733.0,Gurugram,28.3688,76.9408,13,-0.2588190451025208,-0.9659258262890684,30.1,-1.6022223,30.59777767658234,28.0
2026-09-29 14:00:00,32.3,46,11.7,637.0,Gurugram,28.3688,76.9408,14,-0.4999999999999997,-0.8660254037844388,30.2,-1.3112254,30.988774585723878,28.8
2026-09-29 15:00:00,32.2,47,12.2,516.0,Gurugram,28.3688,76.9408,15,-0.7071067811865471,-0.7071067811865479,30.1,-1.3552413,30.844758701324466,28.2
2026-09-29 16:00:00,31.5,49,12.0,341.0,Gurugram,28.3688,76.9408,16,-0.8660254037844385,-0.5000000000000004,29.8,-1.0293875,30.47061252593994,27.5
2026-09-29 17:00:00,30.0,57,7.5,151.0,Gurugram,28.3688,76.9408,17,-0.9659258262890684,-0.2588190451025206,28.8,-0.5372404,29.462759613990784,26.5
2026-09-29 18:00:00,27.9,64,6.8,19.0,Gurugram,28.3688,76.9408,18,-1.0,-1.8369701987210294e-16,27.4,0.037819915,27.937819914519785,24.4
2026-09-29 19:00:00,26.9,70,6.1,0.0,Gurugram,28.3688,76.9408,19,-0.9659258262890684,0.2588190451025203,26.6,-0.26529747,26.63470252752304,23.0
2026-09-29 20:00:00,26.5,72,5.8,0.0,Gurugram,28.3688,76.9408,20,-0.8660254037844386,0.5000000000000001,25.5,-0.47893718,26.021062821149822,22.4
2026-09-29 21:00:00,25.9,74,5.9,0.0,Gurugram,28.3688,76.9408,21,-0.7071067811865477,0.7071067811865474,24.9,-0.2493498,25.65065019726753,21.9
2026-09-29 22:00:00,25.2,77,6.1,0.0,Gurugram,28.3688,76.9408,22,-0.5000000000000004,0.8660254037844384,24.3,-0.14151137,25.058488634228706,21.1
2026-09-29 23:00:00,24.6,80,5.9,0.0,Gurugram,28.3688,76.9408,23,-0.2588190451025215,0.965925826289068,23.8,-0.091467895,24.50853210538626,20.5
2026-09-30 00:00:00,24.1,83,5.6,0.0,Gurugram,28.3688,76.9408,0,0.0,1.0,23.4,-0.3554214,23.744578605890275,19.8
2026-09-30 01:00:00,23.7,85,5.4,0.0,Gurugram,28.3688,76.9408,1,0.2588190451025207,0.9659258262890684,23.1,-0.5346568,23.16534317731857,19.2
2026-09-30 02:00:00,23.4,86,5.6,0.0,Gurugram,28.3688,76.9408,2,0.4999999999999999,0.8660254037844387,22.8,-0.4001024,22.99989759325981,18.8
2026-09-30 03:00:00,23.2,87,6.1,0.0,Gurugram,28.3688,76.9408,3,0.7071067811865476,0.7071067811865476,22.6,-0.2964145,22.90358550548553,18.3
2026-09-30 04:00:00,23.1,86,6.6,0.0,Gurugram,28.3688,76.9408,4,0.8660254037844386,0.5000000000000001,22.5,-0.3406597,22.75934029221535,17.6
2026-09-30 05:00:00,23.0,86,7.0,0.0,Gurugram,28.3688,76.9408,5,0.9659258262890684,0.2588190451025207,22.4,-0.25156906,22.74843093752861,17.3
2026-09-30 06:00:00,23.0,86,7.3,2.0,Gurugram,28.3688,76.9408,6,1.0,6.123233995736766e-17,22.3,-0.28145084,22.71854916214943,17.1
2026-09-30 07:00:00,24.7,79,9.1,82.0,Gurugram,28.3688,76.9408,7,0.9659258262890684,-0.2588190451025206,23.9,-0.05060463,24.64939536973834,19.5
2026-09-30 08:00:00,27.1,72,7.2,261.0,Gurugram,28.3688,76.9408,8,0.8660254037844387,-0.4999999999999998,26.2,-0.64228934,26.457710659503935,23.1
2026-09-30 09:00:00,29.4,63,8.6,456.0,Gurugram,28.3688,76.9408,9,0.7071067811865476,-0.7071067811865475,28.4,-0.6369307,28.763069295883177,26.4
2026-09-30 10:00:00,31.2,55,11.2,620.0,Gurugram,28.3688,76.9408,10,0.4999999999999999,-0.8660254037844387,29.8,-1.1336383,30.06636173725128,28.1
2026-09-30 11:00:00,32.6,47,14.9,733.0,Gurugram,28.3688,76.9408,11,0.258819045102521,-0.9659258262890682,30.8,-1.8019509,30.79804906845093,26.9
2026-09-30 12:00:00,33.4,43,16.5,752.0,Gurugram,28.3688,76.9408,12,1.2246467991473532e-16,-1.0,31.8,-2.1351397,31.26486029624939,26.4
2026-09-30 13:00:00,33.8,40,17.3,719.0,Gurugram,28.3688,76.9408,13,-0.2588190451025208,-0.9659258262890684,32.2,-2.1276774,31.672322559356687,
2026-09-30 14:00:00,33.7,39,16.9,629.0,Gurugram,28.3688,76.9408,14,-0.4999999999999997,-0.8660254037844388,32.3,-2.0960531,31.60394687652588,26.3
2026-09-30 15:00:00,33.0,42,14.5,475.0,Gurugram,28.3688,76.9408,15,-0.7071067811865471,-0.7071067811865479,32.2,-1.613342,31.38665795326233,27.4
2026-09-30 16:00:00,31.9,47,11.1,328.0,Gurugram,28.3688,76.9408,16,-0.8660254037844385,-0.5000000000000004,31.5,-1.0737772,30.82622280120849,28.2
2026-09-30 17:00:00,30.6,53,8.4,163.0,Gurugram,28.3688,76.9408,17,-0.9659258262890684,-0.2588190451025206,30.0,-0.8224607,29.77753928899765,26.7
2026-09-30 18:00:00,29.4,58,6.9,18.0,Gurugram,28.3688,76.9408,18,-1.0,-1.8369701987210294e-16,27.9,-0.46118096,28.938819044828413,25.5
2026-09-30 19:00:00,28.1,64,5.8,0.0,Gurugram,28.3688,76.9408,19,-0.9659258262890684,0.2588190451025203,26.9,-0.31503284,27.78496716022492,24.5
2026-09-30 20:00:00,26.9,69,5.3,0.0,Gurugram,28.3688,76.9408,20,-0.8660254037844386,0.5000000000000001,26.5,-0.47455904,26.42544096112251,23.1
2026-09-30 21:00:00,26.1,73,5.5,0.0,Gurugram,28.3688,76.9408,21,-0.7071067811865477,0.7071067811865474,25.9,-0.36772132,25.732278680801397,22.2
2026-09-30 22:00:00,25.4,75,5.9,0.0,Gurugram,28.3688,76.9408,22,-0.5000000000000004,0.8660254037844384,25.2,-0.14145494,25.258545064926142,21.4
2026-09-30 23:00:00,24.9,76,6.1,0.0,Gurugram,28.3688,76.9408,23,-0.2588190451025215,0.965925826289068,24.6,-0.020909635,24.87909036464989,20.7
2026-10-01 00:00:00,24.4,78,5.7,0.0,Gurugram,28.3688,76.9408,0,0.0,1.0,24.1,-0.40875286,23.991247141361235,19.7
2026-10-01 01:00:00,23.9,79,6.3,0.0,Gurugram,28.3688,76.9408,1,0.2588190451025207,0.9659258262890684,23.7,-0.5577234,23.34227659702301,18.3
2026-10-01 02:00:00,23.5,79,7.0,0.0,Gurugram,28.3688,76.9408,2,0.4999999999999999,0.8660254037844387,23.4,-0.38892385,23.11107614636421,17.5
2026-10-01 03:00:00,23.0,78,7.1,0.0,Gurugram,28.3688,76.9408,3,0.7071067811865476,0.7071067811865476,23.2,-0.38797387,22.61202612519264,16.5
2026-10-01 04:00:00,22.5,77,6.7,0.0,Gurugram,28.3688,76.9408,4,0.8660254037844386,0.5000000000000001,23.1,-0.57738644,21.92261356115341,15.6
2026-10-01 05:00:00,22.6,74,6.6,0.0,Gurugram,28.3688,76.9408,5,0.9659258262890684,0.2588190451025207,23.0,-0.4882958,22.11170420646668,15.8
2026-10-01 06:00:00,23.5,70,7.1,0.0,Gurugram,28.3688,76.9408,6,1.0,6.123233995736766e-17,23.0,-0.45259598,23.047404021024704,16.8
2026-10-01 07:00:00,25.0,65,7.9,87.0,Gurugram,28.3688,76.9408,7,0.9659258262890684,-0.2588190451025206,24.7,-0.46126094,24.538739055395126,18.8
2026-10-01 08:00:00,26.7,60,8.8,264.0,Gurugram,28.3688,76.9408,8,0.8660254037844387,-0.4999999999999998,27.1,-0.25556555,26.44443444609642,21.8
2026-10-01 09:00:00,28.8,53,10.1,473.0,Gurugram,28.3688,76.9408,9,0.7071067811865476,-0.7071067811865475,29.4,-0.6184551,28.18154488801956,24.5
2026-10-01 10:00:00,31.2,47,12.0,628.0,Gurugram,28.3688,76.9408,10,0.4999999999999999,-0.8660254037844387,31.2,-0.9603521,30.23964787721634,27.4
2026-10-01 11:00:00,33.1,41,13.6,732.0,Gurugram,28.3688,76.9408,11,0.258819045102521,-0.9659258262890682,32.6,-1.8206984,31.27930161952973,28.2
2026-10-01 12:00:00,34.2,36,15.2,793.0,Gurugram,28.3688,76.9408,12,1.2246467991473532e-16,-1.0,33.4,-2.5097415,31.69025845527649,27.6
2026-10-01 13:00:00,34.8,32,16.9,760.0,Gurugram,28.3688,76.9408,13,-0.2588190451025208,-0.9659258262890684,33.8,-2.5133684,32.28663163185119,27.4
2026-10-01 14:00:00,34.8,31,17.0,660.0,Gurugram,28.3688,76.9408,14,-0.4999999999999997,-0.8660254037844388,33.7,-2.6230326,32.17696743011474,26.8
2026-10-01 15:00:00,34.0,34,14.7,493.0,Gurugram,28.3688,76.9408,15,-0.7071067811865471,-0.7071067811865479,33.0,-2.4517837,31.548216342926025,26.9
2026-10-01 16:00:00,32.4,41,10.9,331.0,Gurugram,28.3688,76.9408,16,-0.8660254037844385,-0.5000000000000004,31.9,-1.1479404,31.252059602737425,28.5
2026-10-01 17:00:00,30.9,48,8.0,157.0,Gurugram,28.3688,76.9408,17,-0.9659258262890684,-0.2588190451025206,30.6,-0.8903349,30.00966509580612,26.7
2026-10-01 18:00:00,29.5,54,7.0,15.0,Gurugram,28.3688,76.9408,18,-1.0,-1.8369701987210294e-16,29.4,-0.3890908,29.1109091937542,25.5
2026-10-01 19:00:00,28.1,60,6.8,0.0,Gurugram,28.3688,76.9408,19,-0.9659258262890684,0.2588190451025203,28.1,-0.27433193,27.825668072700505,23.9
2026-10-01 20:00:00,26.8,65,6.2,0.0,Gurugram,28.3688,76.9408,20,-0.8660254037844386,0.5000000000000001,26.9,-0.28146338,26.518536615371705,22.4
2026-10-01 21:00:00,25.9,68,4.8,0.0,Gurugram,28.3688,76.9408,21,-0.7071067811865477,0.7071067811865474,26.1,-0.37972486,25.520275139808653,22.1
2026-10-01 22:00:00,25.2,70,5.1,0.0,Gurugram,28.3688,76.9408,22,-0.5000000000000004,0.8660254037844384,25.4,-0.33319363,24.866806370019912,21.0
2026-10-01 23:00:00,24.7,70,6.4,0.0,Gurugram,28.3688,76.9408,23,-0.2588190451025215,0.965925826289068,24.9,-0.033093933,24.666906066983938,19.8
2026-09-27 00:00:00,22.2,86,9.4,0.0,New Delhi,28.6041,77.2046,0,0.0,1.0,24.8,-0.1730843,22.026915696263316,14.7
2026-09-27 01:00:00,22.4,87,2.5,0.0,New Delhi,28.6041,77.2046,1,0.2588190451025207,0.9659258262890684,24.4,-0.9459059,21.45409407615661,20.9
2026-09-27 02:00:00,22.5,88,3.6,0.0,New Delhi,28.6041,77.2046,2,0.4999999999999999,0.8660254037844387,24.0,-0.5472882,21.952711820602417,19.8
2026-09-27 03:00:00,22.7,86,1.8,0.0,New Delhi,28.6041,77.2046,3,0.7071067811865476,0.7071067811865476,23.7,-0.8685928,21.83140720129013,22.4
2026-09-27 04:00:00,22.7,86,2.2,0.0,New Delhi,28.6041,77.2046,4,0.8660254037844386,0.5000000000000001,23.3,-0.9185918,21.78140820264816,21.7
2026-09-27 05:00:00,22.6,86,3.5,0.0,New Delhi,28.6041,77.2046,5,0.9659258262890684,0.2588190451025207,23.7,-0.78316987,21.816830134391783,19.7
2026-09-27 06:00:00,22.6,87,3.5,1.0,New Delhi,28.6041,77.2046,6,1.0,6.123233995736766e-17,23.2,-0.7875788,21.81242117881775,19.7
2026-09-27 07:00:00,23.0,86,2.3,53.0,New Delhi,28.6041,77.2046,7,0.9659258262890684,-0.2588190451025206,23.8,-1.1893185,21.810681462287903,21.7
2026-09-27 08:00:00,24.2,81,1.9,175.0,New Delhi,28.6041,77.2046,8,0.8660254037844387,-0.4999999999999998,24.9,-0.8743911,23.325608921051025,24.3
2026-09-27 09:00:00,25.6,76,3.1,343.0,New Delhi,28.6041,77.2046,9,0.7071067811865476,-0.7071067811865475,26.5,-1.004047,24.59595296382904,24.3
2026-09-27 10:00:00,27.1,70,3.6,570.0,New Delhi,28.6041,77.2046,10,0.4999999999999999,-0.8660254037844387,28.3,-1.3047928,25.795207238197328,25.4
2026-09-27 11:00:00,28.0,66,7.7,697.0,New Delhi,28.6041,77.2046,11,0.258819045102521,-0.9659258262890682,27.4,-1.3834445,26.6165554523468,23.8
2026-09-27 12:00:00,28.2,65,8.1,741.0,New Delhi,28.6041,77.2046,12,1.2246467991473532e-16,-1.0,29.0,-1.5914285,26.60857148170471,23.7
2026-09-27 13:00:00,28.1,67,9.0,647.0,New Delhi,28.6041,77.2046,13,-0.2588190451025208,-0.9659258262890684,29.6,-0.92872673,27.171273267269136,24.4
2026-09-27 14:00:00,28.2,65,9.3,628.0,New Delhi,28.6041,77.2046,14,-0.4999999999999997,-0.8660254037844388,29.2,-0.8573701,27.34262992143631,24.4
2026-09-27 15:00:00,28.1,64,8.6,502.0,New Delhi,28.6041,77.2046,15,-0.7071067811865471,-0.7071067811865479,28.2,-0.28300914,27.816990858316423,25.0
2026-09-27 16:00:00,27.6,66,8.9,316.0,New Delhi,28.6041,77.2046,16,-0.8660254037844385,-0.5000000000000004,27.2,-0.13001989,27.46998011171818,24.1
2026-09-27 17:00:00,26.6,71,7.9,150.0,New Delhi,28.6041,77.2046,17,-0.9659258262890684,-0.2588190451025206,24.5,0.033267144,26.63326714411378,22.9
2026-09-27 18:00:00,25.4,78,5.1,19.0,New Delhi,28.6041,77.2046,18,-1.0,-1.8369701987210294e-16,23.4,-0.046884723,25.35311527699232,22.4
2026-09-27 19:00:00,25.0,80,4.7,0.0,New Delhi,28.6041,77.2046,19,-0.9659258262890684,0.2588190451025203,23.0,0.010947235,25.010947234928608,22.3
2026-09-27 20:00:00,24.5,82,6.8,0.0,New Delhi,28.6041,77.2046,20,-0.8660254037844386,0.5000000000000001,23.2,-0.20791833,24.29208166897297,19.8
2026-09-27 21:00:00,23.8,86,7.1,0.0,New Delhi,28.6041,77.2046,21,-0.7071067811865477,0.7071067811865474,23.0,-0.2857381,23.514261889457703,18.6
2026-09-27 22:00:00,23.1,89,6.6,0.0,New Delhi,28.6041,77.2046,22,-0.5000000000000004,0.8660254037844384,22.7,-0.06774482,23.03225517868996,18.3
2026-09-27 23:00:00,22.6,91,6.5,0.0,New Delhi,28.6041,77.2046,23,-0.2588190451025215,0.965925826289068,22.2,0.12653285,22.72653285264969,18.0
2026-09-28 00:00:00,22.3,92,3.7,0.0,New Delhi,28.6041,77.2046,0,0.0,1.0,22.2,-0.39116,21.908839988708497,19.9
2026-09-28 01:00:00,22.0,93,2.4,0.0,New Delhi,28.6041,77.2046,1,0.2588190451025207,0.9659258262890684,22.4,-0.7364667,21.263533294200897,21.2
2026-09-28 02:00:00,21.8,94,1.3,0.0,New Delhi,28.6041,77.2046,2,0.4999999999999999,0.8660254037844387,22.5,-0.5982753,21.201724696159364,22.8
2026-09-28 03:00:00,21.7,95,1.0,0.0,New Delhi,28.6041,77.2046,3,0.7071067811865476,0.7071067811865476,22.7,-0.61519575,21.084804248809814,23.1
2026-09-28 04:00:00,21.7,95,0.4,0.0,New Delhi,28.6041,77.2046,4,0.8660254037844386,0.5000000000000001,22.7,-0.6651947,21.03480530977249,
2026-09-28 05:00:00,21.6,95,0.7,0.0,New Delhi,28.6041,77.2046,5,0.9659258262890684,0.2588190451025207,22.6,-0.6293984,20.97060159444809,23.3
2026-09-28 06:00:00,21.6,96,1.5,2.0,New Delhi,28.6041,77.2046,6,1.0,6.123233995736766e-17,22.6,-0.67776513,20.922234869003297,22.3
2026-09-28 07:00:00,22.7,90,0.6,79.0,New Delhi,28.6041,77.2046,7,0.9659258262890684,-0.2588190451025206,23.0,-0.8063075,21.89369250535965,24.3
2026-09-28 08:00:00,24.2,82,2.2,246.0,New Delhi,28.6041,77.2046,8,0.8660254037844387,-0.4999999999999998,24.2,-0.866541,23.333458971977237,24.1
2026-09-28 09:00:00,25.8,76,1.8,431.0,New Delhi,28.6041,77.2046,9,0.7071067811865476,-0.7071067811865475,25.6,-1.5163428,24.283657240867612,25.9
2026-09-28 10:00:00,27.2,70,2.8,591.0,New Delhi,28.6041,77.2046,10,0.4999999999999999,-0.8660254037844387,27.1,-1.4056435,25.794356536865237,26.5
2026-09-28 11:00:00,28.3,66,3.2,680.0,New Delhi,28.6041,77.2046,11,0.258819045102521,-0.9659258262890682,28.0,-1.6205512,26.679448771476743,27.0
2026-09-28 12:00:00,28.7,65,3.0,576.0,New Delhi,28.6041,77.2046,12,1.2246467991473532e-16,-1.0,28.2,-2.1001227,26.599877309799197,26.8
2026-09-28 13:00:00,29.2,63,4.7,589.0,New Delhi,28.6041,77.2046,13,-0.2588190451025208,-0.9659258262890684,28.1,-1.5094792,27.69052083492279,26.4
2026-09-28 14:00:00,29.5,62,5.0,597.0,New Delhi,28.6041,77.2046,14,-0.4999999999999997,-0.8660254037844388,28.2,-1.6880573,27.81194269657135,26.3
2026-09-28 15:00:00,29.6,62,4.5,486.0,New Delhi,28.6041,77.2046,15,-0.7071067811865471,-0.7071067811865479,28.1,-1.5481199,28.051880097389223,26.7
2026-09-28 16:00:00,29.4,63,3.6,331.0,New Delhi,28.6041,77.2046,16,-0.8660254037844385,-0.5000000000000004,27.6,-1.3357435,28.064256453514098,27.3
2026-09-28 17:00:00,28.7,70,3.0,144.0,New Delhi,28.6041,77.2046,17,-0.9659258262890684,-0.2588190451025206,26.6,-0.7556656,27.944334399700164,27.9
2026-09-28 18:00:00,27.6,77,2.9,18.0,New Delhi,28.6041,77.2046,18,-1.0,-1.8369701987210294e-16,25.4,-0.6107863,26.98921368122101,27.0
2026-09-28 19:00:00,26.9,79,4.1,0.0,New Delhi,28.6041,77.2046,19,-0.9659258262890684,0.2588190451025203,25.0,-0.74128526,26.158714735507964,24.6
2026-09-28 20:00:00,26.3,82,4.6,0.0,New Delhi,28.6041,77.2046,20,-0.8660254037844386,0.5000000000000001,24.5,-0.3950959,25.90490408539772,24.0
2026-09-28 21:00:00,25.6,84,4.3,0.0,New Delhi,28.6041,77.2046,21,-0.7071067811865477,0.7071067811865474,23.8,-0.11774532,25.48225468248129,23.8
2026-09-28 22:00:00,25.1,86,3.6,0.0,New Delhi,28.6041,77.2046,22,-0.5000000000000004,0.8660254037844384,23.1,-0.3505532,24.749446785449983,23.7
2026-09-28 23:00:00,24.8,86,3.5,0.0,New Delhi,28.6041,77.2046,23,-0.2588190451025215,0.965925826289068,22.6,-0.14980315,24.650196853280068,23.7
2026-09-29 00:00:00,24.4,87,4.5,0.0,New Delhi,28.6041,77.2046,0,0.0,1.0,22.3,-0.4105054,23.989494585990904,21.5
2026-09-29 01:00:00,23.9,89,3.8,0.0,New Delhi,28.6041,77.2046,1,0.2588190451025207,0.9659258262890684,22.0,-0.58174235,23.318257653713225,21.6
2026-09-29 02:00:00,23.6,91,3.5,0.0,New Delhi,28.6041,77.2046,2,0.4999999999999999,0.8660254037844387,21.8,-0.5472882,23.05271182060242,21.8
2026-09-29 03:00:00,23.4,92,3.4,0.0,New Delhi,28.6041,77.2046,3,0.7071067811865476,0.7071067811865476,21.7,-0.5642087,22.835791313648222,21.7
2026-09-29 04:00:00,23.4,92,4.1,0.0,New Delhi,28.6041,77.2046,4,0.8660254037844386,0.5000000000000001,21.7,-0.37927386,23.020726138353343,21.0
2026-09-29 05:00:00,23.4,91,5.7,0.0,New Delhi,28.6041,77.2046,5,0.9659258262890684,0.2588190451025207,21.6,-0.23060052,23.16939947903156,19.3
2026-09-29 06:00:00,23.4,91,6.4,2.0,New Delhi,28.6041,77.2046,6,1.0,6.123233995736766e-17,21.6,-0.2900003,23.109999710321425,18.7
2026-09-29 07:00:00,24.3,88,6.0,80.0,New Delhi,28.6041,77.2046,7,0.9659258262890684,-0.2588190451025206,22.7,-0.28465933,24.015340673923493,20.4
2026-09-29 08:00:00,26.1,82,5.6,248.0,New Delhi,28.6041,77.2046,8,0.8660254037844387,-0.4999999999999998,24.2,-0.5225368,25.5774631857872,23.2
2026-09-29 09:00:00,28.0,74,6.8,434.0,New Delhi,28.6041,77.2046,9,0.7071067811865476,-0.7071067811865475,25.8,-1.266447,26.733553051948547,24.2
2026-09-29 10:00:00,29.4,66,7.4,594.0,New Delhi,28.6041,77.2046,10,0.4999999999999999,-0.8660254037844387,27.2,-1.8099962,27.590003752708437,25.2
2026-09-29 11:00:00,30.4,60,7.8,682.0,New Delhi,28.6041,77.2046,11,0.258819045102521,-0.9659258262890682,28.3,-1.9318973,28.4681027173996,26.2
2026-09-29 12:00:00,31.1,58,8.4,731.0,New Delhi,28.6041,77.2046,12,1.2246467991473532e-16,-1.0,28.7,-1.9775237,29.122476315498357,27.2
2026-09-29 13:00:00,31.6,53,8.7,711.0,New Delhi,28.6041,77.2046,13,-0.2588190451025208,-0.9659258262890684,29.2,-2.2186959,29.381304121017457,27.2
2026-09-29 14:00:00,31.8,50,9.6,622.0,New Delhi,28.6041,77.2046,14,-0.4999999999999997,-0.8660254037844388,29.5,-1.8621212,29.93787877559662,27.7
2026-09-29 15:00:00,31.6,50,10.1,498.0,New Delhi,28.6041,77.2046,15,-0.7071067811865471,-0.7071067811865479,29.6,-1.7020843,29.89791569709778,27.3
2026-09-29 16:00:00,31.2,52,9.2,324.0,New Delhi,28.6041,77.2046,16,-0.8660254037844385,-0.5000000000000004,29.4,-1.4390157,29.76098425388336,26.9
2026-09-29 17:00:00,30.1,58,7.4,142.0,New Delhi,28.6041,77.2046,17,-0.9659258262890684,-0.2588190451025206,28.7,-1.5949316,28.50506839752197,25.0
2026-09-29 18:00:00,28.6,65,5.8,16.0,New Delhi,28.6041,77.2046,18,-1.0,-1.8369701987210294e-16,27.6,-0.8106305,27.78936949968338,24.6
2026-09-29 19:00:00,28.0,69,5.4,0.0,New Delhi,28.6041,77.2046,19,-0.9659258262890684,0.2588190451025203,26.9,-0.7241456,27.275854408741,24.4
2026-09-29 20:00:00,27.4,71,5.4,0.0,New Delhi,28.6041,77.2046,20,-0.8660254037844386,0.5000000000000001,26.3,-0.85839224,26.54160776138305,23.4
2026-09-29 21:00:00,27.0,73,5.4,0.0,New Delhi,28.6041,77.2046,21,-0.7071067811865477,0.7071067811865474,25.6,-0.9148128,26.085187196731567,22.8
2026-09-29 22:00:00,26.4,75,5.2,0.0,New Delhi,28.6041,77.2046,22,-0.5000000000000004,0.8660254037844384,25.1,-0.9047792,25.49522080421448,22.2
2026-09-29 23:00:00,25.9,77,5.5,0.0,New Delhi,28.6041,77.2046,23,-0.2588190451025215,0.965925826289068,24.8,-0.3808797,25.51912029981613,22.2
2026-09-30 00:00:00,25.6,78,5.8,0.0,New Delhi,28.6041,77.2046,0,0.0,1.0,24.4,-0.33398622,25.266013777256013,21.7
2026-09-30 01:00:00,25.2,79,6.1,0.0,New Delhi,28.6041,77.2046,1,0.2588190451025207,0.9659258262890684,23.9,-0.52835655,24.671643447875976,20.6
2026-09-30 02:00:00,24.9,80,6.4,0.0,New Delhi,28.6041,77.2046,2,0.4999999999999999,0.8660254037844387,23.6,-0.4109695,24.489030504226683,20.2
2026-09-30 03:00:00,24.5,81,6.3,0.0,New Delhi,28.6041,77.2046,3,0.7071067811865476,0.7071067811865476,23.4,-0.5531525,23.9468474984169,19.4
2026-09-30 04:00:00,24.1,83,6.7,0.0,New Delhi,28.6041,77.2046,4,0.8660254037844386,0.5000000000000001,23.4,-0.5775279,23.52247211933136,18.6
2026-09-30 05:00:00,23.7,85,7.1,0.0,New Delhi,28.6041,77.2046,5,0.9659258262890684,0.2588190451025207,23.4,-0.48399752,23.21600247621536,18.0
2026-09-30 06:00:00,23.4,86,7.3,2.0,New Delhi,28.6041,77.2046,6,1.0,6.123233995736766e-17,23.4,-0.5265544,22.87344559431076,17.4
2026-09-30 07:00:00,24.4,84,7.2,83.0,New Delhi,28.6041,77.2046,7,0.9659258262890684,-0.2588190451025206,24.3,-0.6508273,23.74917271137237,19.0
2026-09-30 08:00:00,26.3,77,5.4,260.0,New Delhi,28.6041,77.2046,8,0.8660254037844387,-0.4999999999999998,26.1,-0.9907784,25.309221613407136,22.6
2026-09-30 09:00:00,28.5,68,6.2,452.0,New Delhi,28.6041,77.2046,9,0.7071067811865476,-0.7071067811865475,28.0,-1.3148456,27.1851544380188,24.7
2026-09-30 10:00:00,30.4,59,8.8,614.0,New Delhi,28.6041,77.2046,10,0.4999999999999999,-0.8660254037844387,29.4,-1.762307,28.637692952156065,26.2
2026-09-30 11:00:00,31.8,52,11.2,725.0,New Delhi,28.6041,77.2046,11,0.258819045102521,-0.9659258262890682,30.4,-2.2110088,29.58899121284485,27.2
2026-09-30 12:00:00,32.8,47,13.0,752.0,New Delhi,28.6041,77.2046,12,1.2246467991473532e-16,-1.0,31.1,-2.3008463,30.499153661727902,27.7
2026-09-30 13:00:00,33.3,43,14.5,720.0,New Delhi,28.6041,77.2046,13,-0.2588190451025208,-0.9659258262890684,31.6,-2.6980898,30.601910161972043,26.4
2026-09-30 14:00:00,33.5,41,15.0,629.0,New Delhi,28.6041,77.2046,14,-0.4999999999999997,-0.8660254037844388,31.8,-2.7343862,30.765613794326782,26.0
2026-09-30 15:00:00,33.1,42,13.9,478.0,New Delhi,28.6041,77.2046,15,-0.7071067811865471,-0.7071067811865479,31.6,-2.2007565,30.8992434501648,26.9
2026-09-30 16:00:00,32.3,47,11.7,324.0,New Delhi,28.6041,77.2046,16,-0.8660254037844385,-0.5000000000000004,31.2,-1.7569386,30.54306142330169,27.5
2026-09-30 17:00:00,31.4,51,9.7,155.0,New Delhi,28.6041,77.2046,17,-0.9659258262890684,-0.2588190451025206,30.1,-1.8941658,29.50583424568176,26.0
2026-09-30 18:00:00,30.4,56,7.8,15.0,New Delhi,28.6041,77.2046,18,-1.0,-1.8369701987210294e-16,28.6,-1.7188115,28.68118848800659,24.8
2026-09-30 19:00:00,29.2,62,6.1,0.0,New Delhi,28.6041,77.2046,19,-0.9659258262890684,0.2588190451025203,28.0,-1.4910665,27.70893354415893,24.1
2026-09-30 20:00:00,28.3,67,5.0,0.0,New Delhi,28.6041,77.2046,20,-0.8660254037844386,0.5000000000000001,27.4,-1.0153208,27.28467922210693,24.5
2026-09-30 21:00:00,27.6,70,5.0,0.0,New Delhi,28.6041,77.2046,21,-0.7071067811865477,0.7071067811865474,27.0,-0.8010137,26.798986291885377,24.0
2026-09-30 22:00:00,27.1,72,5.5,0.0,New Delhi,28.6041,77.2046,22,-0.5000000000000004,0.8660254037844384,26.4,-0.99475604,26.105243957042696,22.7
2026-09-30 23:00:00,26.7,73,5.9,0.0,New Delhi,28.6041,77.2046,23,-0.2588190451025215,0.965925826289068,25.9,-0.77500117,25.92499883174896,22.3
2026-10-01 00:00:00,26.2,74,5.8,0.0,New Delhi,28.6041,77.2046,0,0.0,1.0,25.6,-0.8322379,25.367762100696563,21.5
2026-10-01 01:00:00,25.8,76,5.5,0.0,New Delhi,28.6041,77.2046,1,0.2588190451025207,0.9659258262890684,25.2,-1.0123328,24.787667202949525,21.0
2026-10-01 02:00:00,25.3,77,5.6,0.0,New Delhi,28.6041,77.2046,2,0.4999999999999999,0.8660254037844387,24.9,-0.8787279,24.42127208709717,20.4
2026-10-01 03:00:00,24.7,78,6.1,0.0,New Delhi,28.6041,77.2046,3,0.7071067811865476,0.7071067811865476,24.5,-0.4706453,24.22935469150543,19.8
2026-10-01 04:00:00,24.2,79,7.0,0.0,New Delhi,28.6041,77.2046,4,0.8660254037844386,0.5000000000000001,24.1,-0.7122469,23.487753105163574,18.1
2026-10-01 05:00:00,24.0,78,7.6,0.0,New Delhi,28.6041,77.2046,5,0.9659258262890684,0.2588190451025207,23.7,-0.5513248,23.448675215244293,17.7
2026-10-01 06:00:00,24.5,76,7.5,1.0,New Delhi,28.6041,77.2046,6,1.0,6.123233995736766e-17,23.4,-0.8403523,23.659647703170776,17.9
2026-10-01 07:00:00,25.3,72,7.0,85.0,New Delhi,28.6041,77.2046,7,0.9659258262890684,-0.2588190451025206,24.4,-1.1934646,24.106535363197327,18.9
2026-10-01 08:00:00,26.6,66,7.0,256.0,New Delhi,28.6041,77.2046,8,0.8660254037844387,-0.4999999999999998,26.3,-1.0372527,25.56274733543396,21.3
2026-10-01 09:00:00,28.5,58,7.7,464.0,New Delhi,28.6041,77.2046,9,0.7071067811865476,-0.7071067811865475,28.5,-1.5603843,26.939615726470947,23.2
2026-10-01 10:00:00,30.9,48,9.3,619.0,New Delhi,28.6041,77.2046,10,0.4999999999999999,-0.8660254037844387,30.4,-1.6169293,29.28307070732117,26.4
2026-10-01 11:00:00,32.8,41,10.8,723.0,New Delhi,28.6041,77.2046,11,0.258819045102521,-0.9659258262890682,31.8,-2.1086075,30.691392469406125,28.4
2026-10-01 12:00:00,34.0,37,12.0,789.0,New Delhi,28.6041,77.2046,12,1.2246467991473532e-16,-1.0,32.8,-2.922617,31.07738304138184,28.5
2026-10-01 13:00:00,34.7,34,12.9,757.0,New Delhi,28.6041,77.2046,13,-0.2588190451025208,-0.9659258262890684,33.3,-3.002581,31.69741911888123,28.9
2026-10-01 14:00:00,35.0,32,13.4,656.0,New Delhi,28.6041,77.2046,14,-0.4999999999999997,-0.8660254037844388,33.5,-3.145162,31.854837894439697,28.6
2026-10-01 15:00:00,34.6,34,12.9,482.0,New Delhi,28.6041,77.2046,15,-0.7071067811865471,-0.7071067811865479,33.1,-3.0945134,31.50548658370972,28.0
2026-10-01 16:00:00,33.7,37,11.7,327.0,New Delhi,28.6041,77.2046,16,-0.8660254037844385,-0.5000000000000004,32.3,-2.3726585,31.32734150886536,28.2
2026-10-01 17:00:00,32.6,41,10.5,157.0,New Delhi,28.6041,77.2046,17,-0.9659258262890684,-0.2588190451025206,31.4,-2.1394763,30.460523700714116,26.8
2026-10-01 18:00:00,31.5,45,8.9,15.0,New Delhi,28.6041,77.2046,18,-1.0,-1.8369701987210294e-16,30.4,-1.7914485,29.70855152606964,25.6
2026-10-01 19:00:00,30.3,51,7.5,0.0,New Delhi,28.6041,77.2046,19,-0.9659258262890684,0.2588190451025203,29.2,-1.9293878,28.37061219215393,23.9
2026-10-01 20:00:00,29.2,56,6.3,0.0,New Delhi,28.6041,77.2046,20,-0.8660254037844386,0.5000000000000001,28.3,-1.743569,27.456430983543395,23.2
2026-10-01 21:00:00,28.5,59,5.9,0.0,New Delhi,28.6041,77.2046,21,-0.7071067811865477,0.7071067811865474,27.6,-1.3463899,27.153610110282894,23.1
2026-10-01 22:00:00,28.0,60,6.0,0.0,New Delhi,28.6041,77.2046,22,-0.5000000000000004,0.8660254037844384,27.1,-1.0856054,26.91439461708069,22.8
2026-10-01 23:00:00,27.4,61,6.2,0.0,New Delhi,28.6041,77.2046,23,-0.2588190451025215,0.965925826289068,26.7,-0.806056,26.59394397735596,22.3
2026-09-27 00:00:00,21.9,91,13.1,0.0,Noida,28.3951,77.5549,0,0.0,1.0,23.7,1.1591169,23.059116864204405,14.2
2026-09-27 01:00:00,21.8,91,10.5,0.0,Noida,28.3951,77.5549,1,0.2588190451025207,0.9659258262890684,23.3,1.2165248,23.01652483940125,16.3
2026-09-27 02:00:00,21.9,90,6.4,0.0,Noida,28.3951,77.5549,2,0.4999999999999999,0.8660254037844387,22.9,0.78072786,22.68072786331177,17.9
2026-09-27 03:00:00,22.1,87,8.6,0.0,Noida,28.3951,77.5549,3,0.7071067811865476,0.7071067811865476,22.6,0.5299808,22.629980778694154,16.3
2026-09-27 04:00:00,21.8,88,7.7,0.0,Noida,28.3951,77.5549,4,0.8660254037844386,0.5000000000000001,22.4,0.8675543,22.66755430698395,16.9
2026-09-27 05:00:00,21.9,88,5.1,0.0,Noida,28.3951,77.5549,5,0.9659258262890684,0.2588190451025207,23.3,0.72874594,22.62874593734741,18.9
2026-09-27 06:00:00,22.1,90,2.7,2.0,Noida,28.3951,77.5549,6,1.0,6.123233995736766e-17,23.2,0.3457873,22.445787286758424,22.1
2026-09-27 07:00:00,23.0,86,3.1,43.0,Noida,28.3951,77.5549,7,0.9659258262890684,-0.2588190451025206,23.2,0.028557021,23.02855702117085,22.1
2026-09-27 08:00:00,24.0,81,3.1,113.0,Noida,28.3951,77.5549,8,0.8660254037844387,-0.4999999999999998,24.1,0.29685956,24.296859562397003,23.6
2026-09-27 09:00:00,24.9,76,2.9,207.0,Noida,28.3951,77.5549,9,0.7071067811865476,-0.7071067811865475,25.7,0.1207177,25.02071769684553,24.8
2026-09-27 10:00:00,25.7,75,10.0,462.0,Noida,28.3951,77.5549,10,0.4999999999999999,-0.8660254037844387,27.0,0.47825822,26.178258222341537,22.6
2026-09-27 11:00:00,26.3,74,9.2,583.0,Noida,28.3951,77.5549,11,0.258819045102521,-0.9659258262890682,27.0,0.43193656,26.73193656206131,24.0
2026-09-27 12:00:00,27.3,69,10.1,683.0,Noida,28.3951,77.5549,12,1.2246467991473532e-16,-1.0,26.8,-0.23457298,27.06542702317238,24.2
2026-09-27 13:00:00,28.0,65,11.7,628.0,Noida,28.3951,77.5549,13,-0.2588190451025208,-0.9659258262890684,25.3,-1.1591573,26.84084272384644,22.7
2026-09-27 14:00:00,28.2,65,13.2,632.0,Noida,28.3951,77.5549,14,-0.4999999999999997,-0.8660254037844388,24.4,-1.5463328,26.65366716384888,21.3
2026-09-27 15:00:00,27.8,65,13.4,520.0,Noida,28.3951,77.5549,15,-0.7071067811865471,-0.7071067811865479,24.2,-1.1481727,26.651827263832093,20.9
2026-09-27 16:00:00,27.2,67,11.0,338.0,Noida,28.3951,77.5549,16,-0.8660254037844385,-0.5000000000000004,23.5,-0.35626912,26.843730878829955,22.6
2026-09-27 17:00:00,26.1,73,8.0,148.0,Noida,28.3951,77.5549,17,-0.9659258262890684,-0.2588190451025206,22.9,1.1962711,27.29627106189728,24.1
2026-09-27 18:00:00,24.6,79,7.8,18.0,Noida,28.3951,77.5549,18,-1.0,-1.8369701987210294e-16,22.5,0.9013335,25.501333510875703,21.2
2026-09-27 19:00:00,23.9,83,8.7,0.0,Noida,28.3951,77.5549,19,-0.9659258262890684,0.2588190451025203,22.5,0.8619724,24.761972391605376,19.9
2026-09-27 20:00:00,23.2,87,7.4,0.0,Noida,28.3951,77.5549,20,-0.8660254037844386,0.5000000000000001,22.6,0.85411304,24.054113042354583,19.4
2026-09-27 21:00:00,22.6,90,7.3,0.0,Noida,28.3951,77.5549,21,-0.7071067811865477,0.7071067811865474,22.3,1.1782851,23.77828512191773,19.2
2026-09-27 22:00:00,22.2,92,8.5,0.0,Noida,28.3951,77.5549,22,-0.5000000000000004,0.8660254037844384,22.1,1.2646968,23.46469683647156,18.2
2026-09-27 23:00:00,21.8,94,7.3,0.0,Noida,28.3951,77.5549,23,-0.2588190451025215,0.965925826289068,22.1,1.3851548,23.185154843330384,18.4
2026-09-28 00:00:00,21.3,96,3.9,0.0,Noida,28.3951,77.5549,0,0.0,1.0,21.9,0.77389467,22.073894667625428,20.1
2026-09-28 01:00:00,21.0,97,3.2,0.0,Noida,28.3951,77.5549,1,0.2588190451025207,0.9659258262890684,21.8,0.6283746,21.628374576568604,20.6
2026-09-28 02:00:00,20.8,98,3.8,0.0,Noida,28.3951,77.5549,2,0.4999999999999999,0.8660254037844387,21.9,0.6213429,21.42134289741516,19.4
2026-09-28 03:00:00,20.5,99,3.2,0.0,Noida,28.3951,77.5549,3,0.7071067811865476,0.7071067811865476,22.1,0.5482626,21.04826259613037,19.9
2026-09-28 04:00:00,20.3,100,2.7,0.0,Noida,28.3951,77.5549,4,0.8660254037844386,0.5000000000000001,21.8,0.4134544,20.713454413414,20.4
2026-09-28 05:00:00,20.4,99,3.4,0.0,Noida,28.3951,77.5549,5,0.9659258262890684,0.2588190451025207,21.9,0.5401943,20.940194272994997,19.4
2026-09-28 06:00:00,20.6,99,3.1,2.0,Noida,28.3951,77.5549,6,1.0,6.123233995736766e-17,22.1,0.45999834,21.0599983394146,20.1
2026-09-28 07:00:00,22.2,93,3.0,80.0,Noida,28.3951,77.5549,7,0.9659258262890684,-0.2588190451025206,23.0,0.42800575,22.62800575494766,22.3
2026-09-28 08:00:00,24.2,83,3.5,240.0,Noida,28.3951,77.5549,8,0.8660254037844387,-0.4999999999999998,24.0,0.39179677,24.59179676771164,24.0
2026-09-28 09:00:00,26.0,75,3.1,438.0,Noida,28.3951,77.5549,9,0.7071067811865476,-0.7071067811865475,24.9,-0.2281811,25.7718189060688,26.0
2026-09-28 10:00:00,27.4,70,5.7,579.0,Noida,28.3951,77.5549,10,0.4999999999999999,-0.8660254037844387,25.7,0.04433426,27.44433425888419,25.8
2026-09-28 11:00:00,28.3,68,5.1,658.0,Noida,28.3951,77.5549,11,0.258819045102521,-0.9659258262890682,26.3,-0.4598157,27.840184289217,26.8
2026-09-28 12:00:00,28.8,66,3.9,637.0,Noida,28.3951,77.5549,12,1.2246467991473532e-16,-1.0,27.3,-0.84043556,27.959564435482022,27.8
2026-09-28 13:00:00,29.4,65,6.0,683.0,Noida,28.3951,77.5549,13,-0.2588190451025208,-0.9659258262890684,28.0,-0.5511815,28.84881850481033,27.7
2026-09-28 14:00:00,29.3,63,8.4,575.0,Noida,28.3951,77.5549,14,-0.4999999999999997,-0.8660254037844388,28.2,-0.31985807,28.98014192581177,27.1
2026-09-28 15:00:00,29.2,62,6.8,490.0,Noida,28.3951,77.5549,15,-0.7071067811865471,-0.7071067811865479,27.8,0.21742941,29.41742941439152,27.6
2026-09-28 16:00:00,28.6,66,6.8,314.0,Noida,28.3951,77.5549,16,-0.8660254037844385,-0.5000000000000004,27.2,0.653724,29.253724014759065,27.4
2026-09-28 17:00:00,27.4,74,4.7,139.0,Noida,28.3951,77.5549,17,-0.9659258262890684,-0.2588190451025206,26.1,0.71992993,28.11992993354797,26.9
2026-09-28 18:00:00,25.8,81,4.9,16.0,Noida,28.3951,77.5549,18,-1.0,-1.8369701987210294e-16,24.6,1.0772982,26.87729816436768,25.2
2026-09-28 19:00:00,24.9,85,4.4,0.0,Noida,28.3951,77.5549,19,-0.9659258262890684,0.2588190451025203,23.9,0.8315714,25.73157140016556,24.2
2026-09-28 20:00:00,24.7,84,6.3,0.0,Noida,28.3951,77.5549,20,-0.8660254037844386,0.5000000000000001,23.2,0.9453152,25.64531518220901,22.4
2026-09-28 21:00:00,24.0,86,4.8,0.0,Noida,28.3951,77.5549,21,-0.7071067811865477,0.7071067811865474,22.6,0.58434856,24.584348559379578,22.1
2026-09-28 22:00:00,23.6,88,4.6,0.0,Noida,28.3951,77.5549,22,-0.5000000000000004,0.8660254037844384,22.2,0.94488454,24.544884538650518,22.4
2026-09-28 23:00:00,23.5,87,5.4,0.0,Noida,28.3951,77.5549,23,-0.2588190451025215,0.965925826289068,21.8,0.9478497,24.447849690914158,21.4
2026-09-29 00:00:00,23.4,87,6.1,0.0,Noida,28.3951,77.5549,0,0.0,1.0,21.3,0.6910434,24.09104337692261,20.2
2026-09-29 01:00:00,23.2,87,5.5,0.0,Noida,28.3951,77.5549,1,0.2588190451025207,0.9659258262890684,21.0,0.5614056,23.76140559911728,20.2
2026-09-29 02:00:00,22.9,90,4.0,0.0,Noida,28.3951,77.5549,2,0.4999999999999999,0.8660254037844387,20.8,0.6431991,23.54319908618927,21.7
2026-09-29 03:00:00,22.9,91,3.0,0.0,Noida,28.3951,77.5549,3,0.7071067811865476,0.7071067811865476,20.5,0.5482626,23.44826259613037,23.1
2026-09-29 04:00:00,22.6,93,4.0,0.0,Noida,28.3951,77.5549,4,0.8660254037844386,0.5000000000000001,20.3,0.5524932,23.15249321460724,21.4
2026-09-29 05:00:00,22.4,95,4.0,0.0,Noida,28.3951,77.5549,5,0.9659258262890684,0.2588190451025207,20.4,0.64158374,23.04158374071121,21.3
2026-09-29 06:00:00,22.5,96,4.2,2.0,Noida,28.3951,77.5549,6,1.0,6.123233995736766e-17,20.6,0.5462403,23.04624032974243,21.2
2026-09-29 07:00:00,24.4,89,5.8,83.0,Noida,28.3951,77.5549,7,0.9659258262890684,-0.2588190451025206,22.2,0.7872451,25.187245094776152,22.6
2026-09-29 08:00:00,26.5,80,5.8,254.0,Noida,28.3951,77.5549,8,0.8660254037844387,-0.4999999999999998,24.2,0.37191913,26.871919125318527,25.0
2026-09-29 09:00:00,28.4,73,7.5,439.0,Noida,28.3951,77.5549,9,0.7071067811865476,-0.7071067811865475,26.0,-0.3763568,28.02364318966865,26.1
2026-09-29 10:00:00,29.7,67,8.9,597.0,Noida,28.3951,77.5549,10,0.4999999999999999,-0.8660254037844387,27.4,-0.6487078,29.051292192935943,27.5
2026-09-29 11:00:00,30.6,65,8.9,680.0,Noida,28.3951,77.5549,11,0.258819045102521,-0.9659258262890682,28.3,-0.66110873,29.93889126777649,29.1
2026-09-29 12:00:00,31.1,62,9.1,736.0,Noida,28.3951,77.5549,12,1.2246467991473532e-16,-1.0,28.8,-1.1353838,29.96461615562439,29.0
2026-09-29 13:00:00,31.2,61,9.6,713.0,Noida,28.3951,77.5549,13,-0.2588190451025208,-0.9659258262890684,29.4,-1.0102146,30.18978543281555,29.2
2026-09-29 14:00:00,31.4,59,9.2,611.0,Noida,28.3951,77.5549,14,-0.4999999999999997,-0.8660254037844388,29.3,-0.92697006,30.473029935359957,29.3
2026-09-29 15:00:00,31.2,56,10.1,480.0,Noida,28.3951,77.5549,15,-0.7071067811865471,-0.7071067811865479,29.2,-0.5762139,30.623786103725436,29.0
2026-09-29 16:00:00,30.9,58,7.7,304.0,Noida,28.3951,77.5549,16,-0.8660254037844385,-0.5000000000000004,28.6,-0.44456136,30.455438637733454,28.5
2026-09-29 17:00:00,29.4,69,4.6,138.0,Noida,28.3951,77.5549,17,-0.9659258262890684,-0.2588190451025206,27.4,0.38192382,29.78192382454872,29.0
2026-09-29 18:00:00,27.5,74,5.0,15.0,Noida,28.3951,77.5549,18,-1.0,-1.8369701987210294e-16,25.8,0.3259414,27.825941413640976,25.9
2026-09-29 19:00:00,26.7,77,4.8,0.0,Noida,28.3951,77.5549,19,-0.9659258262890684,0.2588190451025203,24.9,0.2860661,26.986066085100173,25.0
2026-09-29 20:00:00,26.1,78,5.8,0.0,Noida,28.3951,77.5549,20,-0.8660254037844386,0.5000000000000001,24.7,0.70829827,26.808298265933992,24.1
2026-09-29 21:00:00,25.8,78,6.2,0.0,Noida,28.3951,77.5549,21,-0.7071067811865477,0.7071067811865474,24.0,0.74161124,26.541611242294312,23.5
2026-09-29 22:00:00,25.5,79,6.7,0.0,Noida,28.3951,77.5549,22,-0.5000000000000004,0.8660254037844384,23.6,0.89866155,26.39866155385971,23.1
2026-09-29 23:00:00,25.1,80,7.3,0.0,Noida,28.3951,77.5549,23,-0.2588190451025215,0.965925826289068,23.5,1.1689101,26.268910145759584,22.8
2026-09-30 00:00:00,24.8,81,7.3,0.0,Noida,28.3951,77.5549,0,0.0,1.0,23.4,0.92308474,25.72308473587036,21.9
2026-09-30 01:00:00,24.6,82,7.4,0.0,Noida,28.3951,77.5549,1,0.2588190451025207,0.9659258262890684,23.2,0.5762204,25.17622039318085,21.0
2026-09-30 02:00:00,24.2,84,7.4,0.0,Noida,28.3951,77.5549,2,0.4999999999999999,0.8660254037844387,22.9,0.5226672,24.722667229175567,20.4
2026-09-30 03:00:00,23.7,85,6.7,0.0,Noida,28.3951,77.5549,3,0.7071067811865476,0.7071067811865476,22.9,0.40107438,24.10107437968254,19.7
2026-09-30 04:00:00,23.3,87,6.0,0.0,Noida,28.3951,77.5549,4,0.8660254037844386,0.5000000000000001,22.6,0.40571368,23.70571367740631,19.7
2026-09-30 05:00:00,23.0,88,6.4,0.0,Noida,28.3951,77.5549,5,0.9659258262890684,0.2588190451025207,22.4,0.7791125,23.77911251783371,19.6
2026-09-30 06:00:00,22.8,89,6.8,2.0,Noida,28.3951,77.5549,6,1.0,6.123233995736766e-17,22.5,0.8086228,23.608622777462006,19.1
2026-09-30 07:00:00,24.4,84,8.0,86.0,Noida,28.3951,77.5549,7,0.9659258262890684,-0.2588190451025206,24.4,0.39511234,24.795112335681917,20.5
2026-09-30 08:00:00,26.6,77,6.5,266.0,Noida,28.3951,77.5549,8,0.8660254037844387,-0.4999999999999998,26.5,0.17473382,26.774733817577363,24.3
2026-09-30 09:00:00,28.8,69,8.0,459.0,Noida,28.3951,77.5549,9,0.7071067811865476,-0.7071067811865475,28.4,-0.17253883,28.627461168169976,26.7
2026-09-30 10:00:00,30.4,61,10.4,621.0,Noida,28.3951,77.5549,10,0.4999999999999999,-0.8660254037844387,29.7,-0.54844874,29.851551258563997,28.4
2026-09-30 11:00:00,31.5,56,11.8,732.0,Noida,28.3951,77.5549,11,0.258819045102521,-0.9659258262890682,30.6,-0.9550828,30.544917225837708,29.1
2026-09-30 12:00:00,32.5,51,13.5,768.0,Noida,28.3951,77.5549,12,1.2246467991473532e-16,-1.0,31.1,-1.567269,30.93273103237152,28.5
2026-09-30 13:00:00,33.0,46,15.2,735.0,Noida,28.3951,77.5549,13,-0.2588190451025208,-0.9659258262890684,31.2,-1.58854,31.411460041999817,27.8
2026-09-30 14:00:00,33.1,45,15.3,639.0,Noida,28.3951,77.5549,14,-0.4999999999999997,-0.8660254037844388,31.4,-1.4552437,31.644756293296812,27.9
2026-09-30 15:00:00,32.3,49,12.6,475.0,Noida,28.3951,77.5549,15,-0.7071067811865471,-0.7071067811865479,31.2,-0.95604354,31.34395645856857,29.1
2026-09-30 16:00:00,31.1,58,8.4,325.0,Noida,28.3951,77.5549,16,-0.8660254037844385,-0.5000000000000004,30.9,-0.55297047,30.54702953100205,28.7
2026-09-30 17:00:00,29.8,66,5.3,157.0,Noida,28.3951,77.5549,17,-0.9659258262890684,-0.2588190451025206,29.4,0.12312884,29.923128838837147,28.6
2026-09-30 18:00:00,28.6,69,4.6,15.0,Noida,28.3951,77.5549,18,-1.0,-1.8369701987210294e-16,27.5,0.124628715,28.724628715217115,27.1
2026-09-30 19:00:00,27.4,71,5.2,0.0,Noida,28.3951,77.5549,19,-0.9659258262890684,0.2588190451025203,26.7,0.21467656,27.614676558971404,25.2
2026-09-30 20:00:00,26.5,72,6.0,0.0,Noida,28.3951,77.5549,20,-0.8660254037844386,0.5000000000000001,26.1,0.32153836,26.821538358926773,23.5
2026-09-30 21:00:00,26.1,74,6.5,0.0,Noida,28.3951,77.5549,21,-0.7071067811865477,0.7071067811865474,25.8,0.56421626,26.664216256141664,23.2
2026-09-30 22:00:00,25.8,75,7.2,0.0,Noida,28.3951,77.5549,22,-0.5000000000000004,0.8660254037844384,25.5,0.6579057,26.45790569782257,22.7
2026-09-30 23:00:00,25.6,76,7.5,0.0,Noida,28.3951,77.5549,23,-0.2588190451025215,0.965925826289068,25.1,0.97202903,26.57202903032303,22.9
2026-10-01 00:00:00,25.3,78,7.5,0.0,Noida,28.3951,77.5549,0,0.0,1.0,24.8,0.79656136,26.096561360359196,22.2
2026-10-01 01:00:00,25.0,79,7.0,0.0,Noida,28.3951,77.5549,1,0.2588190451025207,0.9659258262890684,24.6,0.66692364,25.66692364215851,21.8
2026-10-01 02:00:00,24.6,80,6.7,0.0,Noida,28.3951,77.5549,2,0.4999999999999999,0.8660254037844387,24.2,0.48470178,25.084701782464983,21.0
2026-10-01 03:00:00,24.0,82,6.6,0.0,Noida,28.3951,77.5549,3,0.7071067811865476,0.7071067811865476,23.7,0.41578764,24.41578763723373,20.1
2026-10-01 04:00:00,23.4,84,7.0,0.0,Noida,28.3951,77.5549,4,0.8660254037844386,0.5000000000000001,23.3,0.36669078,23.766690784692763,18.9
2026-10-01 05:00:00,23.3,83,7.3,0.0,Noida,28.3951,77.5549,5,0.9659258262890684,0.2588190451025207,23.0,0.47049454,23.77049453854561,18.7
2026-10-01 06:00:00,24.1,80,7.1,1.0,Noida,28.3951,77.5549,6,1.0,6.123233995736766e-17,22.8,0.435297,24.535297012329103,19.9
2026-10-01 07:00:00,25.4,75,6.6,90.0,Noida,28.3951,77.5549,7,0.9659258262890684,-0.2588190451025206,24.4,0.0681432,25.46814319640398,21.5
2026-10-01 08:00:00,26.9,70,6.5,263.0,Noida,28.3951,77.5549,8,0.8660254037844387,-0.4999999999999998,26.6,0.21996427,27.119964265823363,24.2
2026-10-01 09:00:00,28.7,62,7.4,469.0,Noida,28.3951,77.5549,9,0.7071067811865476,-0.7071067811865475,28.8,-0.12361858,28.576381419599056,26.2
2026-10-01 10:00:00,30.7,53,8.8,623.0,Noida,28.3951,77.5549,10,0.4999999999999999,-0.8660254037844387,30.4,-0.36177963,30.338220369815826,28.6
2026-10-01 11:00:00,32.2,47,10.4,726.0,Noida,28.3951,77.5549,11,0.258819045102521,-0.9659258262890682,31.5,-0.9697077,31.230292272567752,29.8
2026-10-01 12:00:00,33.3,43,11.7,791.0,Noida,28.3951,77.5549,12,1.2246467991473532e-16,-1.0,32.5,-1.597205,31.702794957160947,30.2
2026-10-01 13:00:00,33.9,40,13.1,759.0,Noida,28.3951,77.5549,13,-0.2588190451025208,-0.9659258262890684,33.0,-1.8520818,32.047918224334715,29.9
2026-10-01 14:00:00,34.0,39,13.4,659.0,Noida,28.3951,77.5549,14,-0.4999999999999997,-0.8660254037844388,33.1,-2.310053,31.68994688987732,28.8
2026-10-01 15:00:00,33.1,42,11.7,481.0,Noida,28.3951,77.5549,15,-0.7071067811865471,-0.7071067811865479,32.3,-1.113714,31.98628602027893,30.0
2026-10-01 16:00:00,31.6,49,8.9,331.0,Noida,28.3951,77.5549,16,-0.8660254037844385,-0.5000000000000004,31.1,-0.5147015,31.08529851436615,28.9
2026-10-01 17:00:00,30.2,55,7.0,161.0,Noida,28.3951,77.5549,17,-0.9659258262890684,-0.2588190451025206,29.8,0.2385932,30.438593205809592,27.9
2026-10-01 18:00:00,29.1,58,7.0,15.0,Noida,28.3951,77.5549,18,-1.0,-1.8369701987210294e-16,28.6,0.13556954,29.23556954264641,26.0
2026-10-01 19:00:00,28.1,58,7.7,0.0,Noida,28.3951,77.5549,19,-0.9659258262890684,0.2588190451025203,27.4,0.16398597,28.26398596763611,24.3
2026-10-01 20:00:00,27.3,59,8.5,0.0,Noida,28.3951,77.5549,20,-0.8660254037844386,0.5000000000000001,26.5,0.08221717,27.382217171788216,22.8
2026-10-01 21:00:00,26.8,61,8.8,0.0,Noida,28.3951,77.5549,21,-0.7071067811865477,0.7071067811865474,26.1,0.027597122,26.82759712189436,21.9
2026-10-01 22:00:00,26.6,63,9.5,0.0,Noida,28.3951,77.5549,22,-0.5000000000000004,0.8660254037844384,25.8,0.027597122,26.62759712189436,21.6
2026-10-01 23:00:00,26.2,65,9.7,0.0,Noida,28.3951,77.5549,23,-0.2588190451025215,0.965925826289068,25.6,0.6877275,26.887727510929107,22.2
2026-09-27 00:00:00,22.3,89,7.9,0.0,North Delhi,28.7445,77.1882,0,0.0,1.0,25.6,0.6462696,22.946269619464875,17.4
2026-09-27 01:00:00,22.6,88,0.9,0.0,North Delhi,28.7445,77.1882,1,0.2588190451025207,0.9659258262890684,25.1,0.009428318,22.609428317658605,24.6
2026-09-27 02:00:00,22.7,88,1.6,0.0,North Delhi,28.7445,77.1882,2,0.4999999999999999,0.8660254037844387,24.9,0.06011764,22.76011763960123,23.9
2026-09-27 03:00:00,22.8,87,2.2,0.0,North Delhi,28.7445,77.1882,3,0.7071067811865476,0.7071067811865476,24.5,-0.23274899,22.567251014709477,22.8
2026-09-27 04:00:00,22.9,86,2.3,0.0,North Delhi,28.7445,77.1882,4,0.8660254037844386,0.5000000000000001,24.2,-0.32670563,22.573294365406035,22.6
2026-09-27 05:00:00,23.0,85,3.7,0.0,North Delhi,28.7445,77.1882,5,0.9659258262890684,0.2588190451025207,24.3,-0.15429968,22.845700323581696,20.8
2026-09-27 06:00:00,23.0,86,3.4,1.0,North Delhi,28.7445,77.1882,6,1.0,6.123233995736766e-17,23.6,-0.31525746,22.68474254012108,21.0
2026-09-27 07:00:00,23.3,85,2.2,48.0,North Delhi,28.7445,77.1882,7,0.9659258262890684,-0.2588190451025206,24.1,-0.6771046,22.622895407676697,22.8
2026-09-27 08:00:00,24.2,83,3.0,168.0,North Delhi,28.7445,77.1882,8,0.8660254037844387,-0.4999999999999998,25.2,-0.24584351,23.954156485199928,23.6
2026-09-27 09:00:00,25.7,76,3.0,341.0,North Delhi,28.7445,77.1882,9,0.7071067811865476,-0.7071067811865475,26.8,-0.6999121,25.00008792877197,25.0
2026-09-27 10:00:00,27.3,67,3.6,565.0,North Delhi,28.7445,77.1882,10,0.4999999999999999,-0.8660254037844387,28.6,-0.845447,26.4545529961586,26.0
2026-09-27 11:00:00,28.3,63,7.8,703.0,North Delhi,28.7445,77.1882,11,0.258819045102521,-0.9659258262890682,28.0,-0.7460221,27.55397789478302,25.0
2026-09-27 12:00:00,28.5,63,9.0,758.0,North Delhi,28.7445,77.1882,12,1.2246467991473532e-16,-1.0,28.7,-1.3841975,27.115802526474,24.2
2026-09-27 13:00:00,28.3,65,9.7,684.0,North Delhi,28.7445,77.1882,13,-0.2588190451025208,-0.9659258262890684,29.7,-0.5890914,27.71090857982636,25.1
2026-09-27 14:00:00,28.5,63,9.1,620.0,North Delhi,28.7445,77.1882,14,-0.4999999999999997,-0.8660254037844388,29.5,-0.56032264,27.939677357673645,25.3
2026-09-27 15:00:00,28.4,63,8.4,496.0,North Delhi,28.7445,77.1882,15,-0.7071067811865471,-0.7071067811865479,28.4,0.13164963,28.531649628281592,26.1
2026-09-27 16:00:00,27.9,65,9.4,324.0,North Delhi,28.7445,77.1882,16,-0.8660254037844385,-0.5000000000000004,27.4,0.63170946,28.531709456443785,25.9
2026-09-27 17:00:00,26.9,69,8.0,148.0,North Delhi,28.7445,77.1882,17,-0.9659258262890684,-0.2588190451025206,24.5,0.6209085,27.52090849876404,24.2
2026-09-27 18:00:00,25.8,77,5.3,19.0,North Delhi,28.7445,77.1882,18,-1.0,-1.8369701987210294e-16,23.7,0.57317734,26.373177337646485,23.7
2026-09-27 19:00:00,25.1,82,5.5,0.0,North Delhi,28.7445,77.1882,19,-0.9659258262890684,0.2588190451025203,23.2,0.6822436,25.78224358558655,23.0
2026-09-27 20:00:00,24.5,85,6.6,0.0,North Delhi,28.7445,77.1882,20,-0.8660254037844386,0.5000000000000001,23.3,0.38452062,24.88452062010765,21.1
2026-09-27 21:00:00,23.8,87,7.2,0.0,North Delhi,28.7445,77.1882,21,-0.7071067811865477,0.7071067811865474,23.0,0.36537188,24.165371882915498,19.7
2026-09-27 22:00:00,23.4,88,7.3,0.0,North Delhi,28.7445,77.1882,22,-0.5000000000000004,0.8660254037844384,22.7,0.60769576,24.00769575834274,19.5
2026-09-27 23:00:00,22.9,89,6.5,0.0,North Delhi,28.7445,77.1882,23,-0.2588190451025215,0.965925826289068,22.3,0.7143247,23.61432471275329,19.3
2026-09-28 00:00:00,22.7,90,4.4,0.0,North Delhi,28.7445,77.1882,0,0.0,1.0,22.3,0.34652898,23.046528977155685,20.5
2026-09-28 01:00:00,22.5,92,3.0,0.0,North Delhi,28.7445,77.1882,1,0.2588190451025207,0.9659258262890684,22.6,-0.03623762,22.463762380182743,21.8
2026-09-28 02:00:00,22.4,92,1.4,0.0,North Delhi,28.7445,77.1882,2,0.4999999999999999,0.8660254037844387,22.7,0.06011764,22.46011763960123,24.1
2026-09-28 03:00:00,22.2,93,0.4,0.0,North Delhi,28.7445,77.1882,3,0.7071067811865476,0.7071067811865476,22.8,-0.16572565,22.03427435159683,
2026-09-28 04:00:00,22.0,94,1.1,0.0,North Delhi,28.7445,77.1882,4,0.8660254037844386,0.5000000000000001,22.9,-0.21572456,21.78427544236183,23.8
2026-09-28 05:00:00,22.0,95,1.0,0.0,North Delhi,28.7445,77.1882,5,0.9659258262890684,0.2588190451025207,23.0,-0.17992833,21.820071667432785,24.0
2026-09-28 06:00:00,21.9,96,2.1,2.0,North Delhi,28.7445,77.1882,6,1.0,6.123233995736766e-17,23.0,-0.08587919,21.81412080824375,22.6
2026-09-28 07:00:00,22.8,92,1.9,76.0,North Delhi,28.7445,77.1882,7,0.9659258262890684,-0.2588190451025206,23.3,-0.27765566,22.52234433889389,23.7
2026-09-28 08:00:00,24.5,81,2.7,240.0,North Delhi,28.7445,77.1882,8,0.8660254037844387,-0.4999999999999998,24.2,-0.36867064,24.13132935762405,24.3
2026-09-28 09:00:00,26.2,72,2.3,427.0,North Delhi,28.7445,77.1882,9,0.7071067811865476,-0.7071067811865475,25.7,-1.2271407,24.97285933494568,25.8
2026-09-28 10:00:00,27.6,66,3.3,577.0,North Delhi,28.7445,77.1882,10,0.4999999999999999,-0.8660254037844387,27.3,-0.7400391,26.85996088981629,26.9
2026-09-28 11:00:00,28.4,63,2.6,636.0,North Delhi,28.7445,77.1882,11,0.258819045102521,-0.9659258262890682,28.3,-1.4022925,26.997707509994505,27.8
2026-09-28 12:00:00,28.8,62,2.8,529.0,North Delhi,28.7445,77.1882,12,1.2246467991473532e-16,-1.0,28.5,-1.6061372,27.19386284351349,27.5
2026-09-28 13:00:00,29.2,62,5.1,586.0,North Delhi,28.7445,77.1882,13,-0.2588190451025208,-0.9659258262890684,28.3,-0.9355632,28.26443679332733,26.8
2026-09-28 14:00:00,29.4,62,5.3,566.0,North Delhi,28.7445,77.1882,14,-0.4999999999999997,-0.8660254037844388,28.5,-1.1339474,28.266052627563475,26.6
2026-09-28 15:00:00,29.5,63,3.6,472.0,North Delhi,28.7445,77.1882,15,-0.7071067811865471,-0.7071067811865479,28.4,-0.8256836,28.67431640625,28.5
2026-09-28 16:00:00,29.3,64,3.8,331.0,North Delhi,28.7445,77.1882,16,-0.8660254037844385,-0.5000000000000004,27.9,-0.61955136,28.680448639392853,28.0
2026-09-28 17:00:00,28.9,66,2.3,143.0,North Delhi,28.7445,77.1882,17,-0.9659258262890684,-0.2588190451025206,26.9,0.15421192,29.054211923480032,29.8
2026-09-28 18:00:00,27.9,76,2.3,18.0,North Delhi,28.7445,77.1882,18,-1.0,-1.8369701987210294e-16,25.8,-0.14983888,27.750161120295523,28.7
2026-09-28 19:00:00,27.4,80,0.9,0.0,North Delhi,28.7445,77.1882,19,-0.9659258262890684,0.2588190451025203,25.1,-0.30418795,27.09581204652786,29.5
2026-09-28 20:00:00,26.9,83,0.6,0.0,North Delhi,28.7445,77.1882,20,-0.8660254037844386,0.5000000000000001,24.5,-0.20337987,26.69662013053894,29.5
2026-09-28 21:00:00,26.2,87,1.6,0.0,North Delhi,28.7445,77.1882,21,-0.7071067811865477,0.7071067811865474,23.8,0.16618595,26.366185945272445,28.6
2026-09-28 22:00:00,25.8,88,0.3,0.0,North Delhi,28.7445,77.1882,22,-0.5000000000000004,0.8660254037844384,23.4,0.0843018,25.884301799535752,
2026-09-28 23:00:00,25.4,90,1.1,0.0,North Delhi,28.7445,77.1882,23,-0.2588190451025215,0.965925826289068,22.9,0.43831715,25.838317149877547,28.7
2026-09-29 00:00:00,25.2,90,3.1,0.0,North Delhi,28.7445,77.1882,0,0.0,1.0,22.7,0.119505994,25.31950599402189,25.5
2026-09-29 01:00:00,25.0,89,3.0,0.0,North Delhi,28.7445,77.1882,1,0.2588190451025207,0.9659258262890684,22.5,-0.082919255,24.91708074510097,25.0
2026-09-29 02:00:00,24.8,89,2.8,0.0,North Delhi,28.7445,77.1882,2,0.4999999999999999,0.8660254037844387,22.4,0.06011764,24.86011763960123,25.2
2026-09-29 03:00:00,24.5,89,3.3,0.0,North Delhi,28.7445,77.1882,3,0.7071067811865476,0.7071067811865476,22.2,-0.05693067,24.443069331347942,23.9
2026-09-29 04:00:00,24.3,89,4.4,0.0,North Delhi,28.7445,77.1882,4,0.8660254037844386,0.5000000000000001,22.0,0.048135683,24.348135682940484,22.4
2026-09-29 05:00:00,24.1,89,5.8,0.0,North Delhi,28.7445,77.1882,5,0.9659258262890684,0.2588190451025207,22.0,0.20581025,24.305810248851778,21.0
2026-09-29 06:00:00,23.9,89,5.8,2.0,North Delhi,28.7445,77.1882,6,1.0,6.123233995736766e-17,21.9,0.1464105,24.0464104950428,20.5
2026-09-29 07:00:00,24.6,87,5.3,78.0,North Delhi,28.7445,77.1882,7,0.9659258262890684,-0.2588190451025206,22.8,-0.058902588,24.541097412258388,21.8
2026-09-29 08:00:00,26.3,81,5.2,243.0,North Delhi,28.7445,77.1882,8,0.8660254037844387,-0.4999999999999998,24.5,-0.08575516,26.21424483805895,24.4
2026-09-29 09:00:00,28.3,73,6.4,428.0,North Delhi,28.7445,77.1882,9,0.7071067811865476,-0.7071067811865475,26.2,-0.76384264,27.53615735769272,25.6
2026-09-29 10:00:00,29.7,64,7.6,587.0,North Delhi,28.7445,77.1882,10,0.4999999999999999,-0.8660254037844387,27.6,-1.0538914,28.64610857963562,26.7
2026-09-29 11:00:00,30.6,59,8.0,680.0,North Delhi,28.7445,77.1882,11,0.258819045102521,-0.9659258262890682,28.4,-1.4822406,29.117759442329408,27.2
2026-09-29 12:00:00,31.4,57,8.3,730.0,North Delhi,28.7445,77.1882,12,1.2246467991473532e-16,-1.0,28.8,-1.7319621,29.6680379152298,28.0
2026-09-29 13:00:00,31.8,52,9.3,705.0,North Delhi,28.7445,77.1882,13,-0.2588190451025208,-0.9659258262890684,29.2,-1.5996945,30.20030550956726,28.5
2026-09-29 14:00:00,31.9,50,10.1,619.0,North Delhi,28.7445,77.1882,14,-0.4999999999999997,-0.8660254037844388,29.4,-1.4061713,30.493828678131106,28.6
2026-09-29 15:00:00,31.8,50,9.5,493.0,North Delhi,28.7445,77.1882,15,-0.7071067811865471,-0.7071067811865479,29.5,-1.3156161,30.484383869171143,28.3
2026-09-29 16:00:00,31.5,52,9.0,321.0,North Delhi,28.7445,77.1882,16,-0.8660254037844385,-0.5000000000000004,29.3,-1.2571323,30.242867708206177,27.7
2026-09-29 17:00:00,30.5,57,8.1,141.0,North Delhi,28.7445,77.1882,17,-0.9659258262890684,-0.2588190451025206,28.9,-1.0626618,29.43733823299408,26.4
2026-09-29 18:00:00,29.2,64,6.5,17.0,North Delhi,28.7445,77.1882,18,-1.0,-1.8369701987210294e-16,27.9,-0.63418317,28.565816831588744,25.5
2026-09-29 19:00:00,28.5,68,6.0,0.0,North Delhi,28.7445,77.1882,19,-0.9659258262890684,0.2588190451025203,27.4,-0.21512602,28.284873977303505,25.5
2026-09-29 20:00:00,27.7,71,5.9,0.0,North Delhi,28.7445,77.1882,20,-0.8660254037844386,0.5000000000000001,26.9,-0.060891055,27.639108945429324,24.8
2026-09-29 21:00:00,27.1,73,6.4,0.0,North Delhi,28.7445,77.1882,21,-0.7071067811865477,0.7071067811865474,26.2,-0.23355104,26.86644895970821,23.5
2026-09-29 22:00:00,26.7,74,7.0,0.0,North Delhi,28.7445,77.1882,22,-0.5000000000000004,0.8660254037844384,25.8,-0.31281665,26.38718335032463,22.6
2026-09-29 23:00:00,26.3,74,6.7,0.0,North Delhi,28.7445,77.1882,23,-0.2588190451025215,0.965925826289068,25.4,0.045573834,26.345573834329844,22.6
2026-09-30 00:00:00,25.8,76,6.9,0.0,North Delhi,28.7445,77.1882,0,0.0,1.0,25.2,-0.16442059,25.63557941019535,21.5
2026-09-30 01:00:00,25.4,78,7.1,0.0,North Delhi,28.7445,77.1882,1,0.2588190451025207,0.9659258262890684,25.0,0.050308112,25.450308112055065,21.3
2026-09-30 02:00:00,25.0,79,7.2,0.0,North Delhi,28.7445,77.1882,2,0.4999999999999999,0.8660254037844387,24.8,-0.08586194,24.914138056337837,20.4
2026-09-30 03:00:00,24.8,78,6.9,0.0,North Delhi,28.7445,77.1882,3,0.7071067811865476,0.7071067811865476,24.5,-0.030643806,24.769356194138528,20.2
2026-09-30 04:00:00,24.5,79,7.0,0.0,North Delhi,28.7445,77.1882,4,0.8660254037844386,0.5000000000000001,24.3,-0.28483754,24.21516245603561,19.3
2026-09-30 05:00:00,24.2,80,7.0,0.0,North Delhi,28.7445,77.1882,5,0.9659258262890684,0.2588190451025207,24.1,-0.032873504,24.167126496136188,19.3
2026-09-30 06:00:00,23.7,83,7.1,2.0,North Delhi,28.7445,77.1882,6,1.0,6.123233995736766e-17,23.9,-0.07543034,23.62456965893507,18.6
2026-09-30 07:00:00,24.6,81,6.6,81.0,North Delhi,28.7445,77.1882,7,0.9659258262890684,-0.2588190451025206,24.6,-0.18453182,24.415468177199365,20.2
2026-09-30 08:00:00,26.4,74,5.6,258.0,North Delhi,28.7445,77.1882,8,0.8660254037844387,-0.4999999999999998,26.3,-0.47892475,25.92107524871826,23.1
2026-09-30 09:00:00,28.7,64,6.8,449.0,North Delhi,28.7445,77.1882,9,0.7071067811865476,-0.7071067811865475,28.3,-0.7289923,27.97100771665573,25.4
2026-09-30 10:00:00,30.6,56,8.9,611.0,North Delhi,28.7445,77.1882,10,0.4999999999999999,-0.8660254037844387,29.7,-1.3943665,29.20563349723816,26.9
2026-09-30 11:00:00,31.9,51,10.2,722.0,North Delhi,28.7445,77.1882,11,0.258819045102521,-0.9659258262890682,30.6,-1.7174525,30.18254747390747,28.3
2026-09-30 12:00:00,32.9,47,12.1,749.0,North Delhi,28.7445,77.1882,12,1.2246467991473532e-16,-1.0,31.4,-1.9025811,30.997418904304503,29.0
2026-09-30 13:00:00,33.4,44,13.8,719.0,North Delhi,28.7445,77.1882,13,-0.2588190451025208,-0.9659258262890684,31.8,-2.3170705,31.08292951583862,27.9
2026-09-30 14:00:00,33.5,43,14.5,629.0,North Delhi,28.7445,77.1882,14,-0.4999999999999997,-0.8660254037844388,31.9,-2.3178742,31.18212580680847,27.3
2026-09-30 15:00:00,33.2,45,13.6,483.0,North Delhi,28.7445,77.1882,15,-0.7071067811865471,-0.7071067811865479,31.8,-1.9150124,31.284987640380866,28.1
2026-09-30 16:00:00,32.5,48,11.7,327.0,North Delhi,28.7445,77.1882,16,-0.8660254037844385,-0.5000000000000004,31.5,-1.4806237,31.019376277923584,28.5
2026-09-30 17:00:00,31.6,52,9.8,156.0,North Delhi,28.7445,77.1882,17,-0.9659258262890684,-0.2588190451025206,30.5,-1.3927717,30.20722827911377,27.3
2026-09-30 18:00:00,30.7,57,8.4,15.0,North Delhi,28.7445,77.1882,18,-1.0,-1.8369701987210294e-16,29.2,-1.3883659,29.31163413524628,25.9
2026-09-30 19:00:00,29.6,62,7.0,0.0,North Delhi,28.7445,77.1882,19,-0.9659258262890684,0.2588190451025203,28.5,-1.2632403,28.33675966262817,24.8
2026-09-30 20:00:00,28.7,67,6.3,0.0,North Delhi,28.7445,77.1882,20,-0.8660254037844386,0.5000000000000001,27.7,-0.5697445,28.130255472660064,25.1
2026-09-30 21:00:00,28.0,69,6.6,0.0,North Delhi,28.7445,77.1882,21,-0.7071067811865477,0.7071067811865474,27.1,-0.06943859,27.930561408400536,24.8
2026-09-30 22:00:00,27.5,70,7.1,0.0,North Delhi,28.7445,77.1882,22,-0.5000000000000004,0.8660254037844384,26.7,-0.38979903,27.11020097136497,23.4
2026-09-30 23:00:00,27.1,71,7.5,0.0,North Delhi,28.7445,77.1882,23,-0.2588190451025215,0.965925826289068,26.3,-0.15602353,26.943976467847826,23.1
2026-10-01 00:00:00,26.6,72,7.2,0.0,North Delhi,28.7445,77.1882,0,0.0,1.0,25.8,-0.4914006,26.10859940052033,21.9
2026-10-01 01:00:00,26.2,72,6.7,0.0,North Delhi,28.7445,77.1882,1,0.2588190451025207,0.9659258262890684,25.4,-0.5836463,25.616353702545165,21.3
2026-10-01 02:00:00,25.8,73,6.5,0.0,North Delhi,28.7445,77.1882,2,0.4999999999999999,0.8660254037844387,25.0,-0.71301806,25.08698194026947,20.6
2026-10-01 03:00:00,25.2,76,6.7,0.0,North Delhi,28.7445,77.1882,3,0.7071067811865476,0.7071067811865476,24.8,-0.53485876,24.665141236782077,20.0
2026-10-01 04:00:00,24.6,78,7.4,0.0,North Delhi,28.7445,77.1882,4,0.8660254037844386,0.5000000000000001,24.5,-0.23215884,24.367841160297395,19.3
2026-10-01 05:00:00,24.4,78,7.9,0.0,North Delhi,28.7445,77.1882,5,0.9659258262890684,0.2588190451025207,24.2,-0.114914015,24.285085985064505,19.0
2026-10-01 06:00:00,24.9,76,7.5,1.0,North Delhi,28.7445,77.1882,6,1.0,6.123233995736766e-17,23.7,-0.40595153,24.49404847025871,19.4
2026-10-01 07:00:00,25.8,71,6.7,84.0,North Delhi,28.7445,77.1882,7,0.9659258262890684,-0.2588190451025206,24.6,-0.8624327,24.937567281723023,20.3
2026-10-01 08:00:00,27.1,65,6.4,252.0,North Delhi,28.7445,77.1882,8,0.8660254037844387,-0.4999999999999998,26.4,-0.74377006,26.35622993707657,22.7
2026-10-01 09:00:00,29.0,56,7.1,459.0,North Delhi,28.7445,77.1882,9,0.7071067811865476,-0.7071067811865475,28.7,-1.206475,27.793524980545044,24.5
2026-10-01 10:00:00,31.2,46,8.7,614.0,North Delhi,28.7445,77.1882,10,0.4999999999999999,-0.8660254037844387,30.6,-1.0901856,30.109814357757568,27.7
2026-10-01 11:00:00,33.0,40,10.2,718.0,North Delhi,28.7445,77.1882,11,0.258819045102521,-0.9659258262890682,31.9,-1.8044832,31.19551682472229,29.2
2026-10-01 12:00:00,34.1,37,11.2,781.0,North Delhi,28.7445,77.1882,12,1.2246467991473532e-16,-1.0,32.9,-2.4702249,31.62977514266968,29.7
2026-10-01 13:00:00,34.7,35,11.8,751.0,North Delhi,28.7445,77.1882,13,-0.2588190451025208,-0.9659258262890684,33.4,-2.441901,32.25809903144837,30.5
2026-10-01 14:00:00,34.9,35,12.2,655.0,North Delhi,28.7445,77.1882,14,-0.4999999999999997,-0.8660254037844388,33.5,-2.7138283,32.18617167472839,30.0
2026-10-01 15:00:00,34.4,37,11.9,489.0,North Delhi,28.7445,77.1882,15,-0.7071067811865471,-0.7071067811865479,33.2,-2.5369542,31.863045835494997,29.4
2026-10-01 16:00:00,33.6,41,10.9,333.0,North Delhi,28.7445,77.1882,16,-0.8660254037844385,-0.5000000000000004,32.5,-2.1163418,31.483658170700075,28.9
2026-10-01 17:00:00,32.6,45,10.2,159.0,North Delhi,28.7445,77.1882,17,-0.9659258262890684,-0.2588190451025206,31.6,-1.6931158,30.906884169578557,28.0
2026-10-01 18:00:00,31.5,49,9.5,15.0,North Delhi,28.7445,77.1882,18,-1.0,-1.8369701987210294e-16,30.7,-1.297264,30.2027360200882,26.8
2026-10-01 19:00:00,30.3,53,8.9,0.0,North Delhi,28.7445,77.1882,19,-0.9659258262890684,0.2588190451025203,29.6,-1.3766981,28.92330186367035,24.9
2026-10-01 20:00:00,29.4,56,8.5,0.0,North Delhi,28.7445,77.1882,20,-0.8660254037844386,0.5000000000000001,28.7,-1.465158,27.934842014312743,23.5
2026-10-01 21:00:00,28.8,58,8.5,0.0,North Delhi,28.7445,77.1882,21,-0.7071067811865477,0.7071067811865474,28.0,-0.97319037,27.82680963277817,23.5
2026-10-01 22:00:00,28.4,58,8.7,0.0,North Delhi,28.7445,77.1882,22,-0.5000000000000004,0.8660254037844384,27.5,-0.8419515,27.55804851055145,23.0
2026-10-01 23:00:00,27.9,59,8.6,0.0,North Delhi,28.7445,77.1882,23,-0.2588190451025215,0.965925826289068,27.1,-0.07560365,27.824396350979804,23.5
2026-09-27 00:00:00,21.9,91,8.0,0.0,North East Delhi,28.7044,77.2722,0,0.0,1.0,25.1,0.6448862,22.54488619565964,16.7
2026-09-27 01:00:00,22.3,92,1.7,0.0,North East Delhi,28.7044,77.2722,1,0.2588190451025207,0.9659258262890684,24.8,-0.053622402,22.246377597749238,23.4
2026-09-27 02:00:00,22.4,90,2.8,0.0,North East Delhi,28.7044,77.2722,2,0.4999999999999999,0.8660254037844387,24.5,0.066468164,22.46646816432476,21.9
2026-09-27 03:00:00,22.4,90,2.4,0.0,North East Delhi,28.7044,77.2722,3,0.7071067811865476,0.7071067811865476,24.1,0.036312196,22.43631219640374,22.5
2026-09-27 04:00:00,22.4,90,2.0,0.0,North East Delhi,28.7044,77.2722,4,0.8660254037844386,0.5000000000000001,23.7,-0.03025613,22.369743870198725,23.0
2026-09-27 05:00:00,22.5,90,3.5,0.0,North East Delhi,28.7044,77.2722,5,0.9659258262890684,0.2588190451025207,23.9,0.029558819,22.529558818787336,20.9
2026-09-27 06:00:00,22.5,91,2.9,1.0,North East Delhi,28.7044,77.2722,6,1.0,6.123233995736766e-17,23.5,-0.0323571,22.46764289960265,21.8
2026-09-27 07:00:00,22.9,89,2.2,34.0,North East Delhi,28.7044,77.2722,7,0.9659258262890684,-0.2588190451025206,23.9,-0.1955593,22.704440706968303,23.2
2026-09-27 08:00:00,23.7,86,2.2,128.0,North East Delhi,28.7044,77.2722,8,0.8660254037844387,-0.4999999999999998,24.9,-0.2429463,23.45705370306969,24.2
2026-09-27 09:00:00,25.1,79,3.0,280.0,North East Delhi,28.7044,77.2722,9,0.7071067811865476,-0.7071067811865475,26.7,-0.0245088,25.07549119964242,25.1
2026-09-27 10:00:00,26.9,71,3.8,535.0,North East Delhi,28.7044,77.2722,10,0.4999999999999999,-0.8660254037844387,28.7,-0.58959216,26.3104078412056,25.8
2026-09-27 11:00:00,27.7,67,8.7,676.0,North East Delhi,28.7044,77.2722,11,0.258819045102521,-0.9659258262890682,27.4,-0.4973705,27.202629488706588,24.6
2026-09-27 12:00:00,27.6,68,9.0,732.0,North East Delhi,28.7044,77.2722,12,1.2246467991473532e-16,-1.0,28.6,-0.67306626,26.92693374156952,24.2
2026-09-27 13:00:00,27.9,65,9.0,706.0,North East Delhi,28.7044,77.2722,13,-0.2588190451025208,-0.9659258262890684,29.5,-0.43842736,27.46157264113426,24.9
2026-09-27 14:00:00,28.3,63,8.4,632.0,North East Delhi,28.7044,77.2722,14,-0.4999999999999997,-0.8660254037844388,28.6,-0.34885186,27.95114814043045,25.5
2026-09-27 15:00:00,28.3,62,9.2,499.0,North East Delhi,28.7044,77.2722,15,-0.7071067811865471,-0.7071067811865479,27.1,-0.03770184,28.262298158556224,25.5
2026-09-27 16:00:00,27.4,66,8.9,320.0,North East Delhi,28.7044,77.2722,16,-0.8660254037844385,-0.5000000000000004,25.7,0.22762953,27.627629527449606,24.4
2026-09-27 17:00:00,26.5,71,7.3,146.0,North East Delhi,28.7044,77.2722,17,-0.9659258262890684,-0.2588190451025206,24.4,0.55937994,27.059379935264587,23.7
2026-09-27 18:00:00,25.5,78,6.4,19.0,North East Delhi,28.7044,77.2722,18,-1.0,-1.8369701987210294e-16,23.1,0.4962547,25.996254712343216,22.5
2026-09-27 19:00:00,24.7,83,7.2,0.0,North East Delhi,28.7044,77.2722,19,-0.9659258262890684,0.2588190451025203,22.9,0.6067944,25.30679441690445,21.4
2026-09-27 20:00:00,24.0,87,7.1,0.0,North East Delhi,28.7044,77.2722,20,-0.8660254037844386,0.5000000000000001,23.0,0.34043714,24.34043714404106,20.1
2026-09-27 21:00:00,23.4,89,7.9,0.0,North East Delhi,28.7044,77.2722,21,-0.7071067811865477,0.7071067811865474,22.6,0.5650148,23.96501477956772,19.2
2026-09-27 22:00:00,23.0,89,8.0,0.0,North East Delhi,28.7044,77.2722,22,-0.5000000000000004,0.8660254037844384,22.2,0.596662,23.5966619849205,18.5
2026-09-27 23:00:00,22.6,91,6.8,0.0,North East Delhi,28.7044,77.2722,23,-0.2588190451025215,0.965925826289068,22.0,0.71712005,23.317120051383974,18.8
2026-09-28 00:00:00,22.3,93,4.6,0.0,North East Delhi,28.7044,77.2722,0,0.0,1.0,21.9,0.31730157,22.61730157136917,19.8
2026-09-28 01:00:00,22.0,95,3.2,0.0,North East Delhi,28.7044,77.2722,1,0.2588190451025207,0.9659258262890684,22.3,-0.053622402,21.946377597749237,20.9
2026-09-28 02:00:00,21.8,97,1.9,0.0,North East Delhi,28.7044,77.2722,2,0.4999999999999999,0.8660254037844387,22.4,0.066468164,21.86646816432476,23.0
2026-09-28 03:00:00,21.6,98,1.2,0.0,North East Delhi,28.7044,77.2722,3,0.7071067811865476,0.7071067811865476,22.4,0.036312196,21.636312196403743,23.8
2026-09-28 04:00:00,21.5,97,2.7,0.0,North East Delhi,28.7044,77.2722,4,0.8660254037844386,0.5000000000000001,22.4,-0.03025613,21.469743870198727,21.2
2026-09-28 05:00:00,21.5,98,1.4,0.0,North East Delhi,28.7044,77.2722,5,0.9659258262890684,0.2588190451025207,22.5,0.005540118,21.505540118087083,23.3
2026-09-28 06:00:00,21.5,98,1.5,2.0,North East Delhi,28.7044,77.2722,6,1.0,6.123233995736766e-17,22.5,-0.05917538,21.4408246204257,23.1
2026-09-28 07:00:00,22.4,94,1.9,75.0,North East Delhi,28.7044,77.2722,7,0.9659258262890684,-0.2588190451025206,22.9,-0.17912132,22.22087868452072,23.5
2026-09-28 08:00:00,24.1,84,2.4,238.0,North East Delhi,28.7044,77.2722,8,0.8660254037844387,-0.4999999999999998,23.7,-0.23509622,23.86490378379822,24.6
2026-09-28 09:00:00,25.8,75,2.0,421.0,North East Delhi,28.7044,77.2722,9,0.7071067811865476,-0.7071067811865475,25.1,-0.90076786,24.899232137203217,26.3
2026-09-28 10:00:00,27.2,69,2.9,579.0,North East Delhi,28.7044,77.2722,10,0.4999999999999999,-0.8660254037844387,26.9,-0.95564705,26.244352948665615,26.8
2026-09-28 11:00:00,28.0,66,2.2,637.0,North East Delhi,28.7044,77.2722,11,0.258819045102521,-0.9659258262890682,27.7,-1.3170567,26.68294334411621,28.2
2026-09-28 12:00:00,28.5,65,1.8,578.0,North East Delhi,28.7044,77.2722,12,1.2246467991473532e-16,-1.0,27.6,-1.5317973,26.968202710151672,28.8
2026-09-28 13:00:00,29.2,62,3.8,584.0,North East Delhi,28.7044,77.2722,13,-0.2588190451025208,-0.9659258262890684,27.9,-1.3592248,27.840775203704837,27.3
2026-09-28 14:00:00,29.6,62,4.5,605.0,North East Delhi,28.7044,77.2722,14,-0.4999999999999997,-0.8660254037844388,28.3,-1.838631,27.7613689661026,26.6
2026-09-28 15:00:00,29.5,64,3.1,484.0,North East Delhi,28.7044,77.2722,15,-0.7071067811865471,-0.7071067811865479,28.3,-0.82349825,28.676501750946045,29.1
2026-09-28 16:00:00,29.2,66,3.0,325.0,North East Delhi,28.7044,77.2722,16,-0.8660254037844385,-0.5000000000000004,27.4,-0.13388331,29.066116687655448,29.5
2026-09-28 17:00:00,28.7,69,2.9,140.0,North East Delhi,28.7044,77.2722,17,-0.9659258262890684,-0.2588190451025206,26.5,-0.1557398,28.544260200858115,28.8
2026-09-28 18:00:00,27.5,77,4.9,17.0,North East Delhi,28.7044,77.2722,18,-1.0,-1.8369701987210294e-16,25.5,0.09754504,27.59754504263401,25.9
2026-09-28 19:00:00,26.9,82,4.5,0.0,North East Delhi,28.7044,77.2722,19,-0.9659258262890684,0.2588190451025203,24.7,-0.094156876,26.8058431237936,25.5
2026-09-28 20:00:00,26.5,84,3.7,0.0,North East Delhi,28.7044,77.2722,20,-0.8660254037844386,0.5000000000000001,24.0,-0.20718488,26.29281511902809,25.7
2026-09-28 21:00:00,26.1,87,3.4,0.0,North East Delhi,28.7044,77.2722,21,-0.7071067811865477,0.7071067811865474,23.4,0.08941281,26.189412808418275,26.2
2026-09-28 22:00:00,25.6,90,2.4,0.0,North East Delhi,28.7044,77.2722,22,-0.5000000000000004,0.8660254037844384,23.0,0.11252317,25.712523168325426,27.0
2026-09-28 23:00:00,25.1,93,2.7,0.0,North East Delhi,28.7044,77.2722,23,-0.2588190451025215,0.965925826289068,22.6,0.3941084,25.494108414649965,26.6
2026-09-29 00:00:00,24.9,93,5.0,0.0,North East Delhi,28.7044,77.2722,0,0.0,1.0,22.3,0.31730157,25.21730157136917,23.5
2026-09-29 01:00:00,24.7,91,4.5,0.0,North East Delhi,28.7044,77.2722,1,0.2588190451025207,0.9659258262890684,22.0,0.12671894,24.82671893835068,23.2
2026-09-29 02:00:00,24.6,89,4.5,0.0,North East Delhi,28.7044,77.2722,2,0.4999999999999999,0.8660254037844387,21.8,0.1321883,24.732188305258752,22.8
2026-09-29 03:00:00,24.5,89,5.1,0.0,North East Delhi,28.7044,77.2722,3,0.7071067811865476,0.7071067811865476,21.6,0.13213283,24.632132828235623,22.1
2026-09-29 04:00:00,24.4,89,5.9,0.0,North East Delhi,28.7044,77.2722,4,0.8660254037844386,0.5000000000000001,21.5,0.10359643,24.50359642654657,21.2
2026-09-29 05:00:00,24.3,89,6.5,0.0,North East Delhi,28.7044,77.2722,5,0.9659258262890684,0.2588190451025207,21.5,0.22084136,24.5208413630724,20.8
2026-09-29 06:00:00,24.2,88,6.8,2.0,North East Delhi,28.7044,77.2722,6,1.0,6.123233995736766e-17,21.5,0.23274173,24.432741728425025,20.4
2026-09-29 07:00:00,24.9,86,5.4,78.0,North East Delhi,28.7044,77.2722,7,0.9659258262890684,-0.2588190451025206,22.4,-0.19505158,24.704948419332503,21.9
2026-09-29 08:00:00,26.3,81,5.2,243.0,North East Delhi,28.7044,77.2722,8,0.8660254037844387,-0.4999999999999998,24.1,-0.056245964,26.24375403597951,24.5
2026-09-29 09:00:00,28.1,74,6.5,427.0,North East Delhi,28.7044,77.2722,9,0.7071067811865476,-0.7071067811865475,25.8,-0.76770043,27.33229956626892,25.3
2026-09-29 10:00:00,29.5,67,7.5,585.0,North East Delhi,28.7044,77.2722,10,0.4999999999999999,-0.8660254037844387,27.2,-1.5522779,27.94772207736969,25.8
2026-09-29 11:00:00,30.5,63,7.8,682.0,North East Delhi,28.7044,77.2722,11,0.258819045102521,-0.9659258262890682,28.0,-1.5945632,28.905436754226685,27.2
2026-09-29 12:00:00,31.2,59,8.5,730.0,North East Delhi,28.7044,77.2722,12,1.2246467991473532e-16,-1.0,28.5,-1.709421,29.49057896137237,27.9
2026-09-29 13:00:00,31.6,55,9.2,708.0,North East Delhi,28.7044,77.2722,13,-0.2588190451025208,-0.9659258262890684,29.2,-1.7488202,29.85117981433869,28.1
2026-09-29 14:00:00,31.7,52,9.8,617.0,North East Delhi,28.7044,77.2722,14,-0.4999999999999997,-0.8660254037844388,29.6,-1.5741172,30.125882816314697,28.1
2026-09-29 15:00:00,31.5,51,10.3,490.0,North East Delhi,28.7044,77.2722,15,-0.7071067811865471,-0.7071067811865479,29.5,-1.4516708,30.04832923412323,27.6
2026-09-29 16:00:00,31.1,53,9.2,316.0,North East Delhi,28.7044,77.2722,16,-0.8660254037844385,-0.5000000000000004,29.2,-1.045725,30.054275012016294,27.5
2026-09-29 17:00:00,30.2,59,7.7,139.0,North East Delhi,28.7044,77.2722,17,-0.9659258262890684,-0.2588190451025206,28.7,-1.1568921,29.04310793876648,25.9
2026-09-29 18:00:00,29.0,66,7.7,16.0,North East Delhi,28.7044,77.2722,18,-1.0,-1.8369701987210294e-16,27.5,-0.7056712,28.294328808784485,25.0
2026-09-29 19:00:00,28.2,70,7.4,0.0,North East Delhi,28.7044,77.2722,19,-0.9659258262890684,0.2588190451025203,26.9,-0.42515606,27.77484394311905,24.5
2026-09-29 20:00:00,27.5,74,7.5,0.0,North East Delhi,28.7044,77.2722,20,-0.8660254037844386,0.5000000000000001,26.5,-0.24223667,27.25776332616806,23.9
2026-09-29 21:00:00,26.9,76,7.8,0.0,North East Delhi,28.7044,77.2722,21,-0.7071067811865477,0.7071067811865474,26.1,-0.25831634,26.641683661937712,23.0
2026-09-29 22:00:00,26.5,76,8.3,0.0,North East Delhi,28.7044,77.2722,22,-0.5000000000000004,0.8660254037844384,25.6,-0.3466982,26.1533018052578,22.0
2026-09-29 23:00:00,26.1,77,8.3,0.0,North East Delhi,28.7044,77.2722,23,-0.2588190451025215,0.965925826289068,25.1,0.07803504,26.178035041689878,22.1
2026-09-30 00:00:00,25.7,78,8.2,0.0,North East Delhi,28.7044,77.2722,0,0.0,1.0,24.9,0.16104363,25.86104362905025,21.6
2026-09-30 01:00:00,25.3,79,8.2,0.0,North East Delhi,28.7044,77.2722,1,0.2588190451025207,0.9659258262890684,24.7,0.03199384,25.331993839889765,20.8
2026-09-30 02:00:00,24.9,80,8.3,0.0,North East Delhi,28.7044,77.2722,2,0.4999999999999999,0.8660254037844387,24.6,0.12654665,25.026546651124956,20.3
2026-09-30 03:00:00,24.6,80,8.0,0.0,North East Delhi,28.7044,77.2722,3,0.7071067811865476,0.7071067811865476,24.5,-0.028872088,24.571127912402154,19.6
2026-09-30 04:00:00,24.4,80,7.6,0.0,North East Delhi,28.7044,77.2722,4,0.8660254037844386,0.5000000000000001,24.4,-0.082408644,24.317591355741023,19.3
2026-09-30 05:00:00,24.1,80,7.8,0.0,North East Delhi,28.7044,77.2722,5,0.9659258262890684,0.2588190451025207,24.3,0.034836233,24.1348362326622,18.9
2026-09-30 06:00:00,23.8,82,8.1,2.0,North East Delhi,28.7044,77.2722,6,1.0,6.123233995736766e-17,24.2,-0.024069346,23.77593065351248,18.3
2026-09-30 07:00:00,24.7,80,6.7,82.0,North East Delhi,28.7044,77.2722,7,0.9659258262890684,-0.2588190451025206,24.9,-0.091116816,24.608883184194564,20.4
2026-09-30 08:00:00,26.4,74,5.8,259.0,North East Delhi,28.7044,77.2722,8,0.8660254037844387,-0.4999999999999998,26.3,-0.4243489,25.9756511092186,23.1
2026-09-30 09:00:00,28.5,64,7.1,451.0,North East Delhi,28.7044,77.2722,9,0.7071067811865476,-0.7071067811865475,28.1,-1.0045836,27.49541640281677,24.6
2026-09-30 10:00:00,30.4,56,9.0,613.0,North East Delhi,28.7044,77.2722,10,0.4999999999999999,-0.8660254037844387,29.5,-1.4231131,28.976886892318724,26.5
2026-09-30 11:00:00,31.7,51,10.2,725.0,North East Delhi,28.7044,77.2722,11,0.258819045102521,-0.9659258262890682,30.5,-1.7244211,29.9755788564682,28.0
2026-09-30 12:00:00,32.6,47,12.0,764.0,North East Delhi,28.7044,77.2722,12,1.2246467991473532e-16,-1.0,31.2,-1.9044349,30.6955650806427,28.5
2026-09-30 13:00:00,33.1,45,13.4,733.0,North East Delhi,28.7044,77.2722,13,-0.2588190451025208,-0.9659258262890684,31.6,-2.1481702,30.95182976722717,28.1
2026-09-30 14:00:00,33.2,44,14.1,639.0,North East Delhi,28.7044,77.2722,14,-0.4999999999999997,-0.8660254037844388,31.7,-2.222856,30.97714395523072,27.4
2026-09-30 15:00:00,32.9,46,13.4,481.0,North East Delhi,28.7044,77.2722,15,-0.7071067811865471,-0.7071067811865479,31.5,-1.8992071,31.00079288482666,27.7
2026-09-30 16:00:00,32.2,49,11.7,326.0,North East Delhi,28.7044,77.2722,16,-0.8660254037844385,-0.5000000000000004,31.1,-1.3991066,30.800893378257754,28.1
2026-09-30 17:00:00,31.3,53,10.1,156.0,North East Delhi,28.7044,77.2722,17,-0.9659258262890684,-0.2588190451025206,30.2,-1.5044127,29.79558734893799,26.7
2026-09-30 18:00:00,30.4,58,8.9,15.0,North East Delhi,28.7044,77.2722,18,-1.0,-1.8369701987210294e-16,29.0,-1.3506497,29.04935028553009,25.6
2026-09-30 19:00:00,29.3,64,8.1,0.0,North East Delhi,28.7044,77.2722,19,-0.9659258262890684,0.2588190451025203,28.2,-1.3165835,27.98341648578644,24.2
2026-09-30 20:00:00,28.4,68,7.7,0.0,North East Delhi,28.7044,77.2722,20,-0.8660254037844386,0.5000000000000001,27.5,-0.70722246,27.69277753829956,24.1
2026-09-30 21:00:00,27.8,71,7.8,0.0,North East Delhi,28.7044,77.2722,21,-0.7071067811865477,0.7071067811865474,26.9,-0.3388659,27.461134093999863,24.0
2026-09-30 22:00:00,27.3,72,8.3,0.0,North East Delhi,28.7044,77.2722,22,-0.5000000000000004,0.8660254037844384,26.5,-0.49606696,26.803933042287827,22.8
2026-09-30 23:00:00,26.9,72,8.5,0.0,North East Delhi,28.7044,77.2722,23,-0.2588190451025215,0.965925826289068,26.1,-0.21113518,26.6888648211956,22.6
2026-10-01 00:00:00,26.5,73,8.4,0.0,North East Delhi,28.7044,77.2722,0,0.0,1.0,25.7,-0.49361464,26.00638535618782,21.5
2026-10-01 01:00:00,26.1,74,8.2,0.0,North East Delhi,28.7044,77.2722,1,0.2588190451025207,0.9659258262890684,25.3,-0.53307974,25.566920256614686,20.8
2026-10-01 02:00:00,25.8,74,8.1,0.0,North East Delhi,28.7044,77.2722,2,0.4999999999999999,0.8660254037844387,24.9,-0.6811593,25.11884068250656,20.1
2026-10-01 03:00:00,25.3,76,8.3,0.0,North East Delhi,28.7044,77.2722,3,0.7071067811865476,0.7071067811865476,24.6,-0.4505799,24.849420088529588,19.7
2026-10-01 04:00:00,24.8,78,8.8,0.0,North East Delhi,28.7044,77.2722,4,0.8660254037844386,0.5000000000000001,24.4,0.075489506,24.87548950612545,19.7
2026-10-01 05:00:00,24.7,77,9.1,0.0,North East Delhi,28.7044,77.2722,5,0.9659258262890684,0.2588190451025207,24.1,-0.08728313,24.61271687299013,19.1
2026-10-01 06:00:00,25.2,75,8.1,1.0,North East Delhi,28.7044,77.2722,6,1.0,6.123233995736766e-17,23.8,-0.45395097,24.746049028635024,19.5
2026-10-01 07:00:00,26.1,70,6.7,85.0,North East Delhi,28.7044,77.2722,7,0.9659258262890684,-0.2588190451025206,24.7,-0.9083943,25.191605722904207,20.7
2026-10-01 08:00:00,27.4,64,5.9,254.0,North East Delhi,28.7044,77.2722,8,0.8660254037844387,-0.4999999999999998,26.4,-0.79203653,26.60796346664429,23.3
2026-10-01 09:00:00,29.3,54,6.7,460.0,North East Delhi,28.7044,77.2722,9,0.7071067811865476,-0.7071067811865475,28.5,-1.3024749,27.997525143623356,24.8
2026-10-01 10:00:00,31.5,44,8.6,614.0,North East Delhi,28.7044,77.2722,10,0.4999999999999999,-0.8660254037844387,30.4,-1.4823753,30.01762473583221,27.4
2026-10-01 11:00:00,33.2,38,10.1,717.0,North East Delhi,28.7044,77.2722,11,0.258819045102521,-0.9659258262890682,31.7,-2.00626,31.193740081787112,29.1
2026-10-01 12:00:00,34.2,35,11.1,779.0,North East Delhi,28.7044,77.2722,12,1.2246467991473532e-16,-1.0,32.6,-2.461894,31.738105964660647,29.8
2026-10-01 13:00:00,34.8,34,11.8,748.0,North East Delhi,28.7044,77.2722,13,-0.2588190451025208,-0.9659258262890684,33.1,-2.6857548,32.11424522399902,30.2
2026-10-01 14:00:00,34.9,34,12.2,651.0,North East Delhi,28.7044,77.2722,14,-0.4999999999999997,-0.8660254037844388,33.2,-2.8723683,32.02763166427612,29.7
2026-10-01 15:00:00,34.4,36,12.1,480.0,North East Delhi,28.7044,77.2722,15,-0.7071067811865471,-0.7071067811865479,32.9,-2.7437556,31.656244421005248,28.8
2026-10-01 16:00:00,33.5,40,11.5,328.0,North East Delhi,28.7044,77.2722,16,-0.8660254037844385,-0.5000000000000004,32.2,-2.225508,31.27449202537537,28.3
2026-10-01 17:00:00,32.6,44,10.9,158.0,North East Delhi,28.7044,77.2722,17,-0.9659258262890684,-0.2588190451025206,31.3,-1.8174458,30.78255424499512,27.6
2026-10-01 18:00:00,31.6,48,10.5,15.0,North East Delhi,28.7044,77.2722,18,-1.0,-1.8369701987210294e-16,30.4,-1.4425339,30.15746614933014,26.6
2026-10-01 19:00:00,30.5,52,10.1,0.0,North East Delhi,28.7044,77.2722,19,-0.9659258262890684,0.2588190451025203,29.3,-1.6116687,28.888331294059757,24.6
2026-10-01 20:00:00,29.6,55,9.7,0.0,North East Delhi,28.7044,77.2722,20,-0.8660254037844386,0.5000000000000001,28.4,-1.6128205,27.987179493904115,23.3
2026-10-01 21:00:00,28.9,57,9.7,0.0,North East Delhi,28.7044,77.2722,21,-0.7071067811865477,0.7071067811865474,27.8,-1.1548475,27.745152497291564,23.1
2026-10-01 22:00:00,28.4,58,9.7,0.0,North East Delhi,28.7044,77.2722,22,-0.5000000000000004,0.8660254037844384,27.3,-1.2220074,27.177992606163023,22.1
2026-10-01 23:00:00,27.8,60,9.7,0.0,North East Delhi,28.7044,77.2722,23,-0.2588190451025215,0.965925826289068,26.9,-0.4515805,27.348419505357743,22.6
2026-09-27 00:00:00,22.5,89,6.3,0.0,North West Delhi,28.7061,77.0901,0,0.0,1.0,25.6,-0.09615667,22.403843328356743,17.4
2026-09-27 01:00:00,22.6,90,2.7,0.0,North West Delhi,28.7061,77.0901,1,0.2588190451025207,0.9659258262890684,25.1,-0.5976652,22.002334809303285,21.5
2026-09-27 02:00:00,22.8,87,0.5,0.0,North West Delhi,28.7061,77.0901,2,0.4999999999999999,0.8660254037844387,24.6,-0.65231687,22.147683131694794,24.2
2026-09-27 03:00:00,22.8,89,3.1,0.0,North West Delhi,28.7061,77.0901,3,0.7071067811865476,0.7071067811865476,24.4,-0.44734696,22.352653044462205,21.2
2026-09-27 04:00:00,22.9,87,2.5,0.0,North West Delhi,28.7061,77.0901,4,0.8660254037844386,0.5000000000000001,24.3,-0.71923625,22.18076374530792,21.8
2026-09-27 05:00:00,23.0,86,4.1,0.0,North West Delhi,28.7061,77.0901,5,0.9659258262890684,0.2588190451025207,24.6,-0.5120535,22.48794651031494,19.8
2026-09-27 06:00:00,23.0,86,4.2,1.0,North West Delhi,28.7061,77.0901,6,1.0,6.123233995736766e-17,24.1,-0.5604203,22.439579725265503,19.5
2026-09-27 07:00:00,23.5,82,3.1,64.0,North West Delhi,28.7061,77.0901,7,0.9659258262890684,-0.2588190451025206,24.4,-0.8557329,22.644267082214355,21.3
2026-09-27 08:00:00,24.7,78,4.2,209.0,North West Delhi,28.7061,77.0901,8,0.8660254037844387,-0.4999999999999998,25.7,-0.15678221,24.5432177901268,22.6
2026-09-27 09:00:00,26.3,72,3.6,404.0,North West Delhi,28.7061,77.0901,9,0.7071067811865476,-0.7071067811865475,27.1,-1.0163453,25.28365473747253,24.4
2026-09-27 10:00:00,27.8,64,4.4,596.0,North West Delhi,28.7061,77.0901,10,0.4999999999999999,-0.8660254037844387,28.5,-0.99858814,26.801411855220795,25.5
2026-09-27 11:00:00,28.9,61,6.7,721.0,North West Delhi,28.7061,77.0901,11,0.258819045102521,-0.9659258262890682,29.5,-1.2830374,27.616962575912478,25.3
2026-09-27 12:00:00,29.3,60,8.1,770.0,North West Delhi,28.7061,77.0901,12,1.2246467991473532e-16,-1.0,29.1,-2.2721033,27.027896690368653,24.1
2026-09-27 13:00:00,29.0,62,9.4,668.0,North West Delhi,28.7061,77.0901,13,-0.2588190451025208,-0.9659258262890684,29.8,-1.3679466,27.63205337524414,24.8
2026-09-27 14:00:00,29.0,63,10.2,612.0,North West Delhi,28.7061,77.0901,14,-0.4999999999999997,-0.8660254037844388,30.1,-2.0032043,26.996795654296875,23.4
2026-09-27 15:00:00,28.6,64,9.4,495.0,North West Delhi,28.7061,77.0901,15,-0.7071067811865471,-0.7071067811865479,29.3,-0.39003363,28.20996636748314,25.6
2026-09-27 16:00:00,28.2,64,9.2,330.0,North West Delhi,28.7061,77.0901,16,-0.8660254037844385,-0.5000000000000004,28.6,0.15877724,28.35877723693848,25.5
2026-09-27 17:00:00,27.1,69,9.0,151.0,North West Delhi,28.7061,77.0901,17,-0.9659258262890684,-0.2588190451025206,24.0,0.22156745,27.32156745195389,23.7
2026-09-27 18:00:00,25.8,76,6.1,20.0,North West Delhi,28.7061,77.0901,18,-1.0,-1.8369701987210294e-16,23.8,0.07639978,25.87639978080988,22.3
2026-09-27 19:00:00,25.1,81,6.1,0.0,North West Delhi,28.7061,77.0901,19,-0.9659258262890684,0.2588190451025203,23.6,0.2164833,25.31648329496384,21.8
2026-09-27 20:00:00,24.7,84,6.9,0.0,North West Delhi,28.7061,77.0901,20,-0.8660254037844386,0.5000000000000001,23.6,0.13598679,24.835986790061,20.8
2026-09-27 21:00:00,24.1,86,8.2,0.0,North West Delhi,28.7061,77.0901,21,-0.7071067811865477,0.7071067811865474,23.1,-0.21102187,23.88897812962532,18.7
2026-09-27 22:00:00,23.6,87,7.8,0.0,North West Delhi,28.7061,77.0901,22,-0.5000000000000004,0.8660254037844384,23.1,-0.22182843,23.378171569108964,18.0
2026-09-27 23:00:00,23.2,88,7.4,0.0,North West Delhi,28.7061,77.0901,23,-0.2588190451025215,0.965925826289068,22.4,0.19586149,23.395861488580703,18.3
2026-09-28 00:00:00,22.9,89,5.4,0.0,North West Delhi,28.7061,77.0901,0,0.0,1.0,22.5,-0.18388447,22.716115528345107,18.8
2026-09-28 01:00:00,22.6,91,3.2,0.0,North West Delhi,28.7061,77.0901,1,0.2588190451025207,0.9659258262890684,22.6,-0.63087994,21.969120061397557,20.7
2026-09-28 02:00:00,22.5,91,1.0,0.0,North West Delhi,28.7061,77.0901,2,0.4999999999999999,0.8660254037844387,22.8,-0.44287768,22.057122319936752,24.0
2026-09-28 03:00:00,22.3,92,0.4,0.0,North West Delhi,28.7061,77.0901,3,0.7071067811865476,0.7071067811865476,22.8,-0.45979813,21.840201872587205,
2026-09-28 04:00:00,22.1,93,0.6,0.0,North West Delhi,28.7061,77.0901,4,0.8660254037844386,0.5000000000000001,22.9,-0.50979704,21.590202963352205,23.9
2026-09-28 05:00:00,21.9,95,0.6,0.0,North West Delhi,28.7061,77.0901,5,0.9659258262890684,0.2588190451025207,23.0,-0.47400078,21.42599921822548,23.9
2026-09-28 06:00:00,21.8,96,2.2,2.0,North West Delhi,28.7061,77.0901,6,1.0,6.123233995736766e-17,23.0,-0.52236754,21.277632462978364,21.7
2026-09-28 07:00:00,22.9,90,1.6,77.0,North West Delhi,28.7061,77.0901,7,0.9659258262890684,-0.2588190451025206,23.5,-0.68186253,22.2181374669075,23.6
2026-09-28 08:00:00,24.7,81,2.2,244.0,North West Delhi,28.7061,77.0901,8,0.8660254037844387,-0.4999999999999998,24.7,-0.55301106,24.146988940238952,25.1
2026-09-28 09:00:00,26.5,72,2.6,428.0,North West Delhi,28.7061,77.0901,9,0.7071067811865476,-0.7071067811865475,26.3,-1.3870093,25.112990736961365,25.6
2026-09-28 10:00:00,28.0,65,2.8,569.0,North West Delhi,28.7061,77.0901,10,0.4999999999999999,-0.8660254037844387,27.8,-1.4468124,26.553187608718872,27.0
2026-09-28 11:00:00,28.7,63,3.0,632.0,North West Delhi,28.7061,77.0901,11,0.258819045102521,-0.9659258262890682,28.9,-1.5137441,27.18625588417053,27.6
2026-09-28 12:00:00,28.8,63,3.9,494.0,North West Delhi,28.7061,77.0901,12,1.2246467991473532e-16,-1.0,29.3,-1.4755332,27.324466753005986,26.4
2026-09-28 13:00:00,28.5,67,6.9,591.0,North West Delhi,28.7061,77.0901,13,-0.2588190451025208,-0.9659258262890684,29.0,-0.5795171,27.920482873916622,25.9
2026-09-28 14:00:00,29.2,64,6.3,527.0,North West Delhi,28.7061,77.0901,14,-0.4999999999999997,-0.8660254037844388,29.0,-0.9731023,28.226897728443145,26.2
2026-09-28 15:00:00,29.4,63,4.8,461.0,North West Delhi,28.7061,77.0901,15,-0.7071067811865471,-0.7071067811865479,28.6,-0.9330589,28.466941082477568,27.1
2026-09-28 16:00:00,29.3,64,4.2,336.0,North West Delhi,28.7061,77.0901,16,-0.8660254037844385,-0.5000000000000004,28.2,-0.91655403,28.383445966243745,27.3
2026-09-28 17:00:00,28.7,70,2.1,147.0,North West Delhi,28.7061,77.0901,17,-0.9659258262890684,-0.2588190451025206,27.1,-0.24392214,28.456077855825423,29.6
2026-09-28 18:00:00,27.3,78,2.5,18.0,North West Delhi,28.7061,77.0901,18,-1.0,-1.8369701987210294e-16,25.8,-0.6643716,26.6356283903122,27.1
2026-09-28 19:00:00,26.4,84,2.7,0.0,North West Delhi,28.7061,77.0901,19,-0.9659258262890684,0.2588190451025203,25.1,-0.7198134,25.68018659353256,26.0
2026-09-28 20:00:00,25.9,86,2.9,0.0,North West Delhi,28.7061,77.0901,20,-0.8660254037844386,0.5000000000000001,24.7,-0.32912546,25.570874536037444,25.8
2026-09-28 21:00:00,25.4,87,2.7,0.0,North West Delhi,28.7061,77.0901,21,-0.7071067811865477,0.7071067811865474,24.1,-0.02536839,25.374631609395145,25.9
2026-09-28 22:00:00,25.1,87,0.9,0.0,North West Delhi,28.7061,77.0901,22,-0.5000000000000004,0.8660254037844384,23.6,-0.21284208,24.88715792298317,27.3
2026-09-28 23:00:00,24.8,90,1.5,0.0,North West Delhi,28.7061,77.0901,23,-0.2588190451025215,0.965925826289068,23.2,-0.15293023,24.647069770097733,26.7
2026-09-29 00:00:00,24.5,92,2.5,0.0,North West Delhi,28.7061,77.0901,0,0.0,1.0,22.9,-0.4527485,24.047251492738724,24.7
2026-09-29 01:00:00,24.3,92,3.2,0.0,North West Delhi,28.7061,77.0901,1,0.2588190451025207,0.9659258262890684,22.6,-0.63087994,23.669120061397557,23.2
2026-09-29 02:00:00,23.9,92,3.1,0.0,North West Delhi,28.7061,77.0901,2,0.4999999999999999,0.8660254037844387,22.5,-0.4304265,23.46957349181175,23.0
2026-09-29 03:00:00,23.5,94,3.3,0.0,North West Delhi,28.7061,77.0901,3,0.7071067811865476,0.7071067811865476,22.3,-0.48096788,23.01903212070465,22.2
2026-09-29 04:00:00,23.2,95,4.7,0.0,North West Delhi,28.7061,77.0901,4,0.8660254037844386,0.5000000000000001,22.1,-0.35042828,22.84957171678543,20.2
2026-09-29 05:00:00,23.2,93,5.9,0.0,North West Delhi,28.7061,77.0901,5,0.9659258262890684,0.2588190451025207,21.9,-0.16624361,23.033756387233733,19.1
2026-09-29 06:00:00,23.0,93,5.9,2.0,North West Delhi,28.7061,77.0901,6,1.0,6.123233995736766e-17,21.8,-0.2256434,22.77435660362244,18.7
2026-09-29 07:00:00,24.2,89,5.5,78.0,North West Delhi,28.7061,77.0901,7,0.9659258262890684,-0.2588190451025206,22.9,-0.16191705,24.03808295428753,21.0
2026-09-29 08:00:00,26.3,82,5.2,245.0,North West Delhi,28.7061,77.0901,8,0.8660254037844387,-0.4999999999999998,24.7,-0.46718225,25.832817751169205,23.9
2026-09-29 09:00:00,28.4,73,7.0,430.0,North West Delhi,28.7061,77.0901,9,0.7071067811865476,-0.7071067811865475,26.5,-1.0373733,27.362626695632933,25.1
2026-09-29 10:00:00,29.7,64,8.6,592.0,North West Delhi,28.7061,77.0901,10,0.4999999999999999,-0.8660254037844387,28.0,-1.5268143,28.17318565845489,25.8
2026-09-29 11:00:00,30.6,60,9.0,680.0,North West Delhi,28.7061,77.0901,11,0.258819045102521,-0.9659258262890682,28.7,-1.7447958,28.85520420074463,26.8
2026-09-29 12:00:00,31.4,56,9.5,731.0,North West Delhi,28.7061,77.0901,12,1.2246467991473532e-16,-1.0,28.8,-2.0033646,29.39663543701172,27.5
2026-09-29 13:00:00,31.7,53,10.2,706.0,North West Delhi,28.7061,77.0901,13,-0.2588190451025208,-0.9659258262890684,28.5,-1.82902,29.87097997665405,27.9
2026-09-29 14:00:00,31.8,50,10.5,624.0,North West Delhi,28.7061,77.0901,14,-0.4999999999999997,-0.8660254037844388,29.2,-1.5877928,30.21220724582672,28.1
2026-09-29 15:00:00,31.7,52,10.1,498.0,North West Delhi,28.7061,77.0901,15,-0.7071067811865471,-0.7071067811865479,29.4,-1.571125,30.12887496948242,27.9
2026-09-29 16:00:00,31.2,54,9.4,328.0,North West Delhi,28.7061,77.0901,16,-0.8660254037844385,-0.5000000000000004,29.3,-1.1546148,30.045385193824767,27.6
2026-09-29 17:00:00,30.0,62,7.4,144.0,North West Delhi,28.7061,77.0901,17,-0.9659258262890684,-0.2588190451025206,28.7,-1.2793566,28.72064340114593,25.7
2026-09-29 18:00:00,28.2,70,5.6,17.0,North West Delhi,28.7061,77.0901,18,-1.0,-1.8369701987210294e-16,27.3,-0.19809777,28.00190223455429,25.5
2026-09-29 19:00:00,27.4,73,5.6,0.0,North West Delhi,28.7061,77.0901,19,-0.9659258262890684,0.2588190451025203,26.4,-0.47835913,26.921640866994856,24.0
2026-09-29 20:00:00,26.6,76,5.3,0.0,North West Delhi,28.7061,77.0901,20,-0.8660254037844386,0.5000000000000001,25.9,-0.7581926,25.84180740118027,22.8
2026-09-29 21:00:00,26.0,78,6.0,0.0,North West Delhi,28.7061,77.0901,21,-0.7071067811865477,0.7071067811865474,25.4,-0.37963766,25.62036234140396,22.1
2026-09-29 22:00:00,25.6,79,6.1,0.0,North West Delhi,28.7061,77.0901,22,-0.5000000000000004,0.8660254037844384,25.1,-0.12710042,25.4728995770216,21.9
2026-09-29 23:00:00,25.2,80,6.2,0.0,North West Delhi,28.7061,77.0901,23,-0.2588190451025215,0.965925826289068,24.8,0.1408391,25.340839099884032,21.7
2026-09-30 00:00:00,24.8,82,6.3,0.0,North West Delhi,28.7061,77.0901,0,0.0,1.0,24.5,-0.09660416,24.70339583903551,20.7
2026-09-30 01:00:00,24.5,83,6.8,0.0,North West Delhi,28.7061,77.0901,1,0.2588190451025207,0.9659258262890684,24.3,-0.53196454,23.968035459518436,19.3
2026-09-30 02:00:00,24.2,83,6.7,0.0,North West Delhi,28.7061,77.0901,2,0.4999999999999999,0.8660254037844387,23.9,-0.49838516,23.701614838838577,18.9
2026-09-30 03:00:00,23.9,84,6.6,0.0,North West Delhi,28.7061,77.0901,3,0.7071067811865476,0.7071067811865476,23.5,-0.49991834,23.40008165836334,18.5
2026-09-30 04:00:00,23.6,84,6.9,0.0,North West Delhi,28.7061,77.0901,4,0.8660254037844386,0.5000000000000001,23.2,-0.5368855,23.063114500045774,17.8
2026-09-30 05:00:00,23.2,86,6.7,0.0,North West Delhi,28.7061,77.0901,5,0.9659258262890684,0.2588190451025207,23.2,-0.41964054,22.78035945892334,17.6
2026-09-30 06:00:00,22.9,88,6.4,2.0,North West Delhi,28.7061,77.0901,6,1.0,6.123233995736766e-17,23.0,-0.2256434,22.674356603622435,17.7
2026-09-30 07:00:00,24.2,85,6.6,81.0,North West Delhi,28.7061,77.0901,7,0.9659258262890684,-0.2588190451025206,24.2,-0.54492784,23.65507216453552,19.2
2026-09-30 08:00:00,26.3,77,5.0,258.0,North West Delhi,28.7061,77.0901,8,0.8660254037844387,-0.4999999999999998,26.3,-0.71817154,25.581828463077542,23.3
2026-09-30 09:00:00,28.7,67,6.6,448.0,North West Delhi,28.7061,77.0901,9,0.7071067811865476,-0.7071067811865475,28.4,-0.91491294,27.785087060928344,25.4
2026-09-30 10:00:00,30.5,59,9.0,610.0,North West Delhi,28.7061,77.0901,10,0.4999999999999999,-0.8660254037844387,29.7,-1.5825168,28.91748321056366,26.7
2026-09-30 11:00:00,31.8,54,11.0,721.0,North West Delhi,28.7061,77.0901,11,0.258819045102521,-0.9659258262890682,30.6,-2.0181544,29.781845617294312,27.7
2026-09-30 12:00:00,32.7,49,12.9,736.0,North West Delhi,28.7061,77.0901,12,1.2246467991473532e-16,-1.0,31.4,-1.9706676,30.72933239936829,28.3
2026-09-30 13:00:00,33.1,46,14.5,708.0,North West Delhi,28.7061,77.0901,13,-0.2588190451025208,-0.9659258262890684,31.7,-2.1661775,30.93382248878479,27.3
2026-09-30 14:00:00,33.1,46,15.0,623.0,North West Delhi,28.7061,77.0901,14,-0.4999999999999997,-0.8660254037844388,31.8,-2.1339092,30.96609077453613,26.8
2026-09-30 15:00:00,32.6,48,13.3,488.0,North West Delhi,28.7061,77.0901,15,-0.7071067811865471,-0.7071067811865479,31.7,-1.7857409,30.814259147644044,27.6
2026-09-30 16:00:00,31.7,53,10.5,330.0,North West Delhi,28.7061,77.0901,16,-0.8660254037844385,-0.5000000000000004,31.2,-1.5786091,30.121390891075134,27.6
2026-09-30 17:00:00,30.7,59,8.1,157.0,North West Delhi,28.7061,77.0901,17,-0.9659258262890684,-0.2588190451025206,30.0,-1.4167717,29.28322834968567,26.4
2026-09-30 18:00:00,29.5,64,6.4,15.0,North West Delhi,28.7061,77.0901,18,-1.0,-1.8369701987210294e-16,28.2,-1.2317401,28.26825988292694,25.1
2026-09-30 19:00:00,28.2,70,5.4,0.0,North West Delhi,28.7061,77.0901,19,-0.9659258262890684,0.2588190451025203,27.4,-0.613089,27.5869109749794,24.9
2026-09-30 20:00:00,27.1,75,4.9,0.0,North West Delhi,28.7061,77.0901,20,-0.8660254037844386,0.5000000000000001,26.6,-0.58978975,26.510210251808168,24.0
2026-09-30 21:00:00,26.4,77,5.1,0.0,North West Delhi,28.7061,77.0901,21,-0.7071067811865477,0.7071067811865474,26.0,-0.75773513,25.64226486682892,22.7
2026-09-30 22:00:00,26.0,78,5.7,0.0,North West Delhi,28.7061,77.0901,22,-0.5000000000000004,0.8660254037844384,25.6,-0.43440193,25.56559807062149,22.2
2026-09-30 23:00:00,25.6,79,6.0,0.0,North West Delhi,28.7061,77.0901,23,-0.2588190451025215,0.965925826289068,25.2,-0.0064986595,25.593501340504737,22.1
2026-10-01 00:00:00,25.2,80,5.7,0.0,North West Delhi,28.7061,77.0901,0,0.0,1.0,24.8,-0.14328575,25.056714248657222,21.6
2026-10-01 01:00:00,24.8,80,5.2,0.0,North West Delhi,28.7061,77.0901,1,0.2588190451025207,0.9659258262890684,24.5,-0.36883995,24.43116005063057,21.0
2026-10-01 02:00:00,24.4,81,5.0,0.0,North West Delhi,28.7061,77.0901,2,0.4999999999999999,0.8660254037844387,24.2,-0.59263015,23.80736985206604,20.3
2026-10-01 03:00:00,23.9,82,5.3,0.0,North West Delhi,28.7061,77.0901,3,0.7071067811865476,0.7071067811865476,23.9,-0.5794502,23.320549809932707,19.3
2026-10-01 04:00:00,23.5,83,6.3,0.0,North West Delhi,28.7061,77.0901,4,0.8660254037844386,0.5000000000000001,23.6,-0.5221722,22.97782778739929,18.0
2026-10-01 05:00:00,23.5,82,6.9,0.0,North West Delhi,28.7061,77.0901,5,0.9659258262890684,0.2588190451025207,23.2,-0.40492728,23.095072716474533,17.7
2026-10-01 06:00:00,24.1,79,6.9,0.0,North West Delhi,28.7061,77.0901,6,1.0,6.123233995736766e-17,22.9,-0.5872926,23.512707388401036,18.2
2026-10-01 07:00:00,25.1,75,6.5,84.0,North West Delhi,28.7061,77.0901,7,0.9659258262890684,-0.2588190451025206,24.2,-0.9098458,24.19015417098999,19.5
2026-10-01 08:00:00,26.5,69,6.5,255.0,North West Delhi,28.7061,77.0901,8,0.8660254037844387,-0.4999999999999998,26.3,-0.8170205,25.68297952413559,21.9
2026-10-01 09:00:00,28.4,60,7.1,460.0,North West Delhi,28.7061,77.0901,9,0.7071067811865476,-0.7071067811865475,28.7,-1.1475358,27.25246419906616,23.9
2026-10-01 10:00:00,30.6,51,8.8,614.0,North West Delhi,28.7061,77.0901,10,0.4999999999999999,-0.8660254037844387,30.5,-1.4237766,29.176223373413087,26.5
2026-10-01 11:00:00,32.4,45,10.6,719.0,North West Delhi,28.7061,77.0901,11,0.258819045102521,-0.9659258262890682,31.8,-1.7511653,30.64883472919464,28.6
2026-10-01 12:00:00,33.4,41,11.8,782.0,North West Delhi,28.7061,77.0901,12,1.2246467991473532e-16,-1.0,32.7,-2.3088992,31.09110083580017,28.9
2026-10-01 13:00:00,34.0,39,12.7,754.0,North West Delhi,28.7061,77.0901,13,-0.2588190451025208,-0.9659258262890684,33.1,-2.8680956,31.1319043636322,28.4
2026-10-01 14:00:00,34.1,39,12.8,660.0,North West Delhi,28.7061,77.0901,14,-0.4999999999999997,-0.8660254037844388,33.1,-2.9515772,31.14842281341553,28.2
2026-10-01 15:00:00,33.5,42,11.5,500.0,North West Delhi,28.7061,77.0901,15,-0.7071067811865471,-0.7071067811865479,32.6,-2.244515,31.25548505783081,28.8
2026-10-01 16:00:00,32.5,48,9.6,338.0,North West Delhi,28.7061,77.0901,16,-0.8660254037844385,-0.5000000000000004,31.7,-1.6616032,30.838396787643436,28.5
2026-10-01 17:00:00,31.3,53,8.0,161.0,North West Delhi,28.7061,77.0901,17,-0.9659258262890684,-0.2588190451025206,30.7,-1.6014034,29.69859664440155,26.6
2026-10-01 18:00:00,30.0,58,7.3,15.0,North West Delhi,28.7061,77.0901,18,-1.0,-1.8369701987210294e-16,29.5,-1.4864867,28.513513326644897,24.8
2026-10-01 19:00:00,28.6,62,6.8,0.0,North West Delhi,28.7061,77.0901,19,-0.9659258262890684,0.2588190451025203,28.2,-0.83007437,27.769925630092622,24.0
2026-10-01 20:00:00,27.5,65,6.8,0.0,North West Delhi,28.7061,77.0901,20,-0.8660254037844386,0.5000000000000001,27.1,-0.45039523,27.049604773521423,23.0
2026-10-01 21:00:00,26.9,66,7.2,0.0,North West Delhi,28.7061,77.0901,21,-0.7071067811865477,0.7071067811865474,26.4,-0.6341051,26.2658949136734,21.7
2026-10-01 22:00:00,26.6,66,7.8,0.0,North West Delhi,28.7061,77.0901,22,-0.5000000000000004,0.8660254037844384,26.0,-0.9546665,25.64533350467682,20.5
2026-10-01 23:00:00,26.2,67,7.8,0.0,North West Delhi,28.7061,77.0901,23,-0.2588190451025215,0.965925826289068,25.6,-0.46636945,25.733630549907684,20.7
2026-09-27 00:00:00,21.9,91,8.0,0.0,Shahdara,28.6698,77.2922,0,0.0,1.0,25.1,0.6870329,22.58703287839889,16.8
2026-09-27 01:00:00,22.3,90,2.2,0.0,Shahdara,28.6698,77.2922,1,0.2588190451025207,0.9659258262890684,24.8,0.066714436,22.36671443581581,22.7
2026-09-27 02:00:00,22.5,90,3.2,0.0,Shahdara,28.6698,77.2922,2,0.4999999999999999,0.8660254037844387,24.4,0.13035215,22.630352154374123,21.5
2026-09-27 03:00:00,22.5,89,1.5,0.0,Shahdara,28.6698,77.2922,3,0.7071067811865476,0.7071067811865476,24.0,0.053431045,22.55343104526401,23.9
2026-09-27 04:00:00,22.5,90,1.6,0.0,Shahdara,28.6698,77.2922,4,0.8660254037844386,0.5000000000000001,23.5,-0.013137263,22.48686273675412,23.7
2026-09-27 05:00:00,22.5,90,3.1,0.0,Shahdara,28.6698,77.2922,5,0.9659258262890684,0.2588190451025207,23.8,0.08255549,22.58255548775196,21.6
2026-09-27 06:00:00,22.5,91,2.9,1.0,Shahdara,28.6698,77.2922,6,1.0,6.123233995736766e-17,23.5,0.017839983,22.51783998310566,21.9
2026-09-27 07:00:00,23.0,88,1.9,38.0,Shahdara,28.6698,77.2922,7,0.9659258262890684,-0.2588190451025206,24.0,-0.22775269,22.772247314453125,23.7
2026-09-27 08:00:00,23.8,85,1.7,123.0,Shahdara,28.6698,77.2922,8,0.8660254037844387,-0.4999999999999998,24.9,-0.21964362,23.58035637736321,25.0
2026-09-27 09:00:00,25.2,78,3.0,279.0,Shahdara,28.6698,77.2922,9,0.7071067811865476,-0.7071067811865475,26.7,-0.042971786,25.15702821388841,25.1
2026-09-27 10:00:00,26.9,71,3.2,539.0,Shahdara,28.6698,77.2922,10,0.4999999999999999,-0.8660254037844387,28.5,-0.58555007,26.31444993019104,26.6
2026-09-27 11:00:00,27.7,68,8.0,668.0,Shahdara,28.6698,77.2922,11,0.258819045102521,-0.9659258262890682,27.6,-0.5392534,27.160746586322784,24.7
2026-09-27 12:00:00,27.7,68,8.5,727.0,Shahdara,28.6698,77.2922,12,1.2246467991473532e-16,-1.0,29.0,-0.55585045,27.144149553775787,24.7
2026-09-27 13:00:00,27.9,65,8.4,689.0,Shahdara,28.6698,77.2922,13,-0.2588190451025208,-0.9659258262890684,29.6,-0.3212115,27.578788512945174,25.1
2026-09-27 14:00:00,28.2,62,8.3,634.0,Shahdara,28.6698,77.2922,14,-0.4999999999999997,-0.8660254037844388,28.8,-0.3654703,27.83452970981598,25.2
2026-09-27 15:00:00,28.2,63,9.0,501.0,Shahdara,28.6698,77.2922,15,-0.7071067811865471,-0.7071067811865479,27.2,-0.008429113,28.19157088715583,25.5
2026-09-27 16:00:00,27.4,66,8.8,319.0,Shahdara,28.6698,77.2922,16,-0.8660254037844385,-0.5000000000000004,25.8,0.2390828,27.639082798361777,24.4
2026-09-27 17:00:00,26.4,71,6.7,148.0,Shahdara,28.6698,77.2922,17,-0.9659258262890684,-0.2588190451025206,24.5,0.6506987,27.050698721408843,23.9
2026-09-27 18:00:00,25.5,78,4.8,19.0,Shahdara,28.6698,77.2922,18,-1.0,-1.8369701987210294e-16,23.2,0.49208984,25.992089837789536,23.6
2026-09-27 19:00:00,25.0,81,5.7,0.0,Shahdara,28.6698,77.2922,19,-0.9659258262890684,0.2588190451025203,23.1,0.6627481,25.662748098373413,22.6
2026-09-27 20:00:00,24.2,85,6.4,0.0,Shahdara,28.6698,77.2922,20,-0.8660254037844386,0.5000000000000001,23.2,0.3614343,24.561434310674667,20.7
2026-09-27 21:00:00,23.6,88,6.9,0.0,Shahdara,28.6698,77.2922,21,-0.7071067811865477,0.7071067811865474,22.9,0.6425616,24.2425616145134,20.1
2026-09-27 22:00:00,23.1,89,7.0,0.0,Shahdara,28.6698,77.2922,22,-0.5000000000000004,0.8660254037844384,22.5,0.58779734,23.687797343730928,19.1
2026-09-27 23:00:00,22.7,90,5.8,0.0,Shahdara,28.6698,77.2922,23,-0.2588190451025215,0.965925826289068,22.1,0.6944262,23.39442617893219,19.5
2026-09-28 00:00:00,22.5,92,3.0,0.0,Shahdara,28.6698,77.2922,0,0.0,1.0,21.9,0.25729707,22.757297068834305,22.2
2026-09-28 01:00:00,22.2,94,1.6,0.0,Shahdara,28.6698,77.2922,1,0.2588190451025207,0.9659258262890684,22.3,0.066714436,22.26671443581581,23.8
2026-09-28 02:00:00,22.0,95,0.3,0.0,Shahdara,28.6698,77.2922,2,0.4999999999999999,0.8660254037844387,22.5,0.13035215,22.130352154374123,
2026-09-28 03:00:00,21.8,96,1.3,0.0,Shahdara,28.6698,77.2922,3,0.7071067811865476,0.7071067811865476,22.5,0.053431045,21.853431045264006,23.8
2026-09-28 04:00:00,21.8,96,0.9,0.0,Shahdara,28.6698,77.2922,4,0.8660254037844386,0.5000000000000001,22.5,-0.013137263,21.78686273675412,24.1
2026-09-28 05:00:00,21.7,97,0.2,0.0,Shahdara,28.6698,77.2922,5,0.9659258262890684,0.2588190451025207,22.5,0.022658966,21.722658966481685,
2026-09-28 06:00:00,21.8,96,1.0,2.0,Shahdara,28.6698,77.2922,6,1.0,6.123233995736766e-17,22.5,-0.04205653,21.75794346928597,24.0
2026-09-28 07:00:00,22.7,93,1.2,78.0,Shahdara,28.6698,77.2922,7,0.9659258262890684,-0.2588190451025206,23.0,-0.21131465,22.488685351610183,24.7
2026-09-28 08:00:00,24.2,84,2.4,241.0,Shahdara,28.6698,77.2922,8,0.8660254037844387,-0.4999999999999998,23.8,-0.26728955,23.93271045088768,24.7
2026-09-28 09:00:00,25.8,76,1.5,420.0,Shahdara,28.6698,77.2922,9,0.7071067811865476,-0.7071067811865475,25.2,-0.9841892,24.81581078767777,26.9
2026-09-28 10:00:00,27.2,70,3.1,585.0,Shahdara,28.6698,77.2922,10,0.4999999999999999,-0.8660254037844387,26.9,-0.9581656,26.24183441400528,26.6
2026-09-28 11:00:00,28.1,66,2.7,662.0,Shahdara,28.6698,77.2922,11,0.258819045102521,-0.9659258262890682,27.7,-1.2408701,26.859129881858827,27.8
2026-09-28 12:00:00,28.6,65,1.7,565.0,Shahdara,28.6698,77.2922,12,1.2246467991473532e-16,-1.0,27.7,-1.5544542,27.04554579257965,28.9
2026-09-28 13:00:00,29.2,62,2.9,577.0,Shahdara,28.6698,77.2922,13,-0.2588190451025208,-0.9659258262890684,27.9,-1.2677656,27.932234358787536,28.4
2026-09-28 14:00:00,29.7,61,3.7,611.0,Shahdara,28.6698,77.2922,14,-0.4999999999999997,-0.8660254037844388,28.2,-1.9492126,27.750787448883056,27.3
2026-09-28 15:00:00,29.6,62,3.8,489.0,Shahdara,28.6698,77.2922,15,-0.7071067811865471,-0.7071067811865479,28.2,-1.2017974,28.39820263385773,27.9
2026-09-28 16:00:00,29.4,64,3.7,325.0,Shahdara,28.6698,77.2922,16,-0.8660254037844385,-0.5000000000000004,27.4,-0.66116893,28.738831067085265,28.2
2026-09-28 17:00:00,28.8,67,3.2,140.0,Shahdara,28.6698,77.2922,17,-0.9659258262890684,-0.2588190451025206,26.4,-0.10299857,28.697001430392262,28.5
2026-09-28 18:00:00,27.7,76,3.6,17.0,Shahdara,28.6698,77.2922,18,-1.0,-1.8369701987210294e-16,25.5,0.06415825,27.764158253371715,27.3
2026-09-28 19:00:00,27.0,80,4.1,0.0,Shahdara,28.6698,77.2922,19,-0.9659258262890684,0.2588190451025203,25.0,-0.025949677,26.974050322547555,25.9
2026-09-28 20:00:00,26.6,82,4.0,0.0,Shahdara,28.6698,77.2922,20,-0.8660254037844386,0.5000000000000001,24.2,-0.11559976,26.484400241076948,25.5
2026-09-28 21:00:00,26.1,84,3.3,0.0,Shahdara,28.6698,77.2922,21,-0.7071067811865477,0.7071067811865474,23.6,0.16860545,26.26860544681549,26.1
2026-09-28 22:00:00,25.6,86,2.6,0.0,Shahdara,28.6698,77.2922,22,-0.5000000000000004,0.8660254037844384,23.1,0.33878717,25.93878716826439,26.7
2026-09-28 23:00:00,25.3,87,2.9,0.0,Shahdara,28.6698,77.2922,23,-0.2588190451025215,0.965925826289068,22.7,0.5120439,25.81204389333725,26.2
2026-09-29 00:00:00,24.9,87,4.6,0.0,Shahdara,28.6698,77.2922,0,0.0,1.0,22.5,0.3672356,25.26723560094833,23.4
2026-09-29 01:00:00,24.5,87,3.6,0.0,Shahdara,28.6698,77.2922,1,0.2588190451025207,0.9659258262890684,22.2,-0.1213751,24.3786249011755,23.2
2026-09-29 02:00:00,24.2,88,3.1,0.0,Shahdara,28.6698,77.2922,2,0.4999999999999999,0.8660254037844387,22.0,0.13035215,24.33035215437412,23.9
2026-09-29 03:00:00,24.0,89,3.5,0.0,Shahdara,28.6698,77.2922,3,0.7071067811865476,0.7071067811865476,21.8,0.060574785,24.06057478487492,23.1
2026-09-29 04:00:00,24.0,90,4.1,0.0,Shahdara,28.6698,77.2922,4,0.8660254037844386,0.5000000000000001,21.8,0.11964804,24.119648039340973,22.5
2026-09-29 05:00:00,24.1,89,4.7,0.0,Shahdara,28.6698,77.2922,5,0.9659258262890684,0.2588190451025207,21.7,0.22789167,24.32789166867733,22.0
2026-09-29 06:00:00,24.1,88,5.2,2.0,Shahdara,28.6698,77.2922,6,1.0,6.123233995736766e-17,21.8,0.15214317,24.25214316546917,21.3
2026-09-29 07:00:00,24.8,86,5.0,79.0,Shahdara,28.6698,77.2922,7,0.9659258262890684,-0.2588190451025206,22.7,-0.013321219,24.78667878098786,22.4
2026-09-29 08:00:00,26.4,81,4.9,246.0,Shahdara,28.6698,77.2922,8,0.8660254037844387,-0.4999999999999998,24.2,-0.09027477,26.30972522646189,24.8
2026-09-29 09:00:00,28.2,73,6.0,430.0,Shahdara,28.6698,77.2922,9,0.7071067811865476,-0.7071067811865475,25.8,-0.7880058,27.411994171142577,25.5
2026-09-29 10:00:00,29.6,65,6.9,588.0,Shahdara,28.6698,77.2922,10,0.4999999999999999,-0.8660254037844387,27.2,-1.3747306,28.225269412994383,26.2
2026-09-29 11:00:00,30.6,61,6.9,682.0,Shahdara,28.6698,77.2922,11,0.258819045102521,-0.9659258262890682,28.1,-1.5208133,29.079186654090883,27.4
2026-09-29 12:00:00,31.4,57,7.7,730.0,Shahdara,28.6698,77.2922,12,1.2246467991473532e-16,-1.0,28.6,-1.7076311,29.69236888885498,28.1
2026-09-29 13:00:00,31.8,54,8.2,709.0,Shahdara,28.6698,77.2922,13,-0.2588190451025208,-0.9659258262890684,29.2,-1.6193817,30.18061833381653,28.6
2026-09-29 14:00:00,32.0,50,8.8,618.0,Shahdara,28.6698,77.2922,14,-0.4999999999999997,-0.8660254037844388,29.7,-1.3852491,30.614750862121586,28.8
2026-09-29 15:00:00,31.8,49,9.8,493.0,Shahdara,28.6698,77.2922,15,-0.7071067811865471,-0.7071067811865479,29.6,-1.2466393,30.553360748291016,28.4
2026-09-29 16:00:00,31.4,51,8.9,316.0,Shahdara,28.6698,77.2922,16,-0.8660254037844385,-0.5000000000000004,29.4,-1.2134448,30.18655517101288,27.5
2026-09-29 17:00:00,30.6,56,6.2,139.0,Shahdara,28.6698,77.2922,17,-0.9659258262890684,-0.2588190451025206,28.8,-1.0823781,29.51762185096741,26.7
2026-09-29 18:00:00,29.3,63,4.9,16.0,Shahdara,28.6698,77.2922,18,-1.0,-1.8369701987210294e-16,27.7,-1.0629525,28.237047481536862,25.7
2026-09-29 19:00:00,28.6,67,4.9,0.0,Shahdara,28.6698,77.2922,19,-0.9659258262890684,0.2588190451025203,27.0,-0.71840686,27.881593143939973,25.4
2026-09-29 20:00:00,27.9,71,5.2,0.0,Shahdara,28.6698,77.2922,20,-0.8660254037844386,0.5000000000000001,26.6,-0.42011398,27.479886019229887,25.0
2026-09-29 21:00:00,27.3,73,5.3,0.0,Shahdara,28.6698,77.2922,21,-0.7071067811865477,0.7071067811865474,26.1,-0.30566838,26.99433161616325,24.3
2026-09-29 22:00:00,26.9,74,5.9,0.0,Shahdara,28.6698,77.2922,22,-0.5000000000000004,0.8660254037844384,25.6,-0.34530723,26.5546927690506,23.3
2026-09-29 23:00:00,26.5,75,6.1,0.0,Shahdara,28.6698,77.2922,23,-0.2588190451025215,0.965925826289068,25.3,-0.074873514,26.42512648552656,23.1
2026-09-30 00:00:00,26.0,76,5.9,0.0,Shahdara,28.6698,77.2922,0,0.0,1.0,24.9,-0.27540562,25.72459438443184,22.2
2026-09-30 01:00:00,25.6,77,6.2,0.0,Shahdara,28.6698,77.2922,1,0.2588190451025207,0.9659258262890684,24.5,-0.27843404,25.32156596183777,21.4
2026-09-30 02:00:00,25.2,79,6.3,0.0,Shahdara,28.6698,77.2922,2,0.4999999999999999,0.8660254037844387,24.2,-0.07797803,25.12202197015285,21.2
2026-09-30 03:00:00,24.9,79,6.1,0.0,Shahdara,28.6698,77.2922,3,0.7071067811865476,0.7071067811865476,24.0,-0.15435092,24.74564907848835,20.7
2026-09-30 04:00:00,24.6,79,5.8,0.0,Shahdara,28.6698,77.2922,4,0.8660254037844386,0.5000000000000001,24.0,-0.24134658,24.35865341722965,20.3
2026-09-30 05:00:00,24.2,80,6.1,0.0,Shahdara,28.6698,77.2922,5,0.9659258262890684,0.2588190451025207,24.1,0.0016161143,24.20161611428484,19.9
2026-09-30 06:00:00,23.9,82,6.5,2.0,Shahdara,28.6698,77.2922,6,1.0,6.123233995736766e-17,24.1,-0.07413241,23.82586758732796,19.2
2026-09-30 07:00:00,24.8,80,6.3,83.0,Shahdara,28.6698,77.2922,7,0.9659258262890684,-0.2588190451025206,24.8,-0.0837052,24.716294798254967,20.8
2026-09-30 08:00:00,26.5,74,4.9,260.0,Shahdara,28.6698,77.2922,8,0.8660254037844387,-0.4999999999999998,26.4,-0.41693726,26.08306273818016,23.9
2026-09-30 09:00:00,28.7,64,6.0,452.0,Shahdara,28.6698,77.2922,9,0.7071067811865476,-0.7071067811865475,28.2,-0.87967706,27.820322942733764,25.5
2026-09-30 10:00:00,30.6,55,8.1,614.0,Shahdara,28.6698,77.2922,10,0.4999999999999999,-0.8660254037844387,29.6,-1.3420523,29.25794765949249,27.0
2026-09-30 11:00:00,32.1,49,9.9,726.0,Shahdara,28.6698,77.2922,11,0.258819045102521,-0.9659258262890682,30.6,-1.5379075,30.56209251880646,28.8
2026-09-30 12:00:00,33.1,45,11.6,763.0,Shahdara,28.6698,77.2922,12,1.2246467991473532e-16,-1.0,31.4,-1.7614181,31.33858189582825,29.7
2026-09-30 13:00:00,33.7,42,13.2,731.0,Shahdara,28.6698,77.2922,13,-0.2588190451025208,-0.9659258262890684,31.8,-2.2801116,31.419888448715213,28.8
2026-09-30 14:00:00,33.9,40,13.9,636.0,Shahdara,28.6698,77.2922,14,-0.4999999999999997,-0.8660254037844388,32.0,-2.1538591,31.74614086151123,28.6
2026-09-30 15:00:00,33.6,41,13.4,477.0,Shahdara,28.6698,77.2922,15,-0.7071067811865471,-0.7071067811865479,31.8,-2.0109463,31.58905372619629,28.4
2026-09-30 16:00:00,32.9,44,11.8,323.0,Shahdara,28.6698,77.2922,16,-0.8660254037844385,-0.5000000000000004,31.4,-1.5327176,31.36728241443634,28.7
2026-09-30 17:00:00,32.1,48,10.2,155.0,Shahdara,28.6698,77.2922,17,-0.9659258262890684,-0.2588190451025206,30.6,-1.3045273,30.79547271728516,28.0
2026-09-30 18:00:00,31.1,53,8.2,15.0,Shahdara,28.6698,77.2922,18,-1.0,-1.8369701987210294e-16,29.3,-1.2155367,29.884463286399843,26.6
2026-09-30 19:00:00,30.0,58,6.2,0.0,Shahdara,28.6698,77.2922,19,-0.9659258262890684,0.2588190451025203,28.6,-1.4673138,28.532686233520508,25.0
2026-09-30 20:00:00,29.1,63,5.1,0.0,Shahdara,28.6698,77.2922,20,-0.8660254037844386,0.5000000000000001,27.9,-1.2057596,27.89424035549164,25.0
2026-09-30 21:00:00,28.5,66,5.4,0.0,Shahdara,28.6698,77.2922,21,-0.7071067811865477,0.7071067811865474,27.3,-0.8398209,27.66017907857895,24.7
2026-09-30 22:00:00,28.1,67,6.2,0.0,Shahdara,28.6698,77.2922,22,-0.5000000000000004,0.8660254037844384,26.9,-0.8192331,27.28076688051224,23.8
2026-09-30 23:00:00,27.6,68,6.8,0.0,Shahdara,28.6698,77.2922,23,-0.2588190451025215,0.965925826289068,26.5,-0.29904854,27.300951457023626,23.7
2026-10-01 00:00:00,27.1,70,6.7,0.0,Shahdara,28.6698,77.2922,0,0.0,1.0,26.0,-0.58285224,26.517147755622865,22.6
2026-10-01 01:00:00,26.6,71,6.0,0.0,Shahdara,28.6698,77.2922,1,0.2588190451025207,0.9659258262890684,25.6,-0.6260302,25.973969793319704,22.1
2026-10-01 02:00:00,26.2,72,5.8,0.0,Shahdara,28.6698,77.2922,2,0.4999999999999999,0.8660254037844387,25.2,-0.797795,25.40220500230789,21.4
2026-10-01 03:00:00,25.6,74,6.3,0.0,Shahdara,28.6698,77.2922,3,0.7071067811865476,0.7071067811865476,24.9,-0.48360255,25.116397446393968,20.8
2026-10-01 04:00:00,25.0,76,7.2,0.0,Shahdara,28.6698,77.2922,4,0.8660254037844386,0.5000000000000001,24.6,-0.5283349,24.47166508436203,19.4
2026-10-01 05:00:00,24.9,76,7.8,0.0,Shahdara,28.6698,77.2922,5,0.9659258262890684,0.2588190451025207,24.2,-0.32073143,24.579268568754195,19.4
2026-10-01 06:00:00,25.3,73,7.3,1.0,Shahdara,28.6698,77.2922,6,1.0,6.123233995736766e-17,23.9,-0.65437627,24.64562373161316,19.5
2026-10-01 07:00:00,26.2,69,6.2,86.0,Shahdara,28.6698,77.2922,7,0.9659258262890684,-0.2588190451025206,24.8,-0.9009827,25.299017322063445,21.0
2026-10-01 08:00:00,27.5,62,5.7,256.0,Shahdara,28.6698,77.2922,8,0.8660254037844387,-0.4999999999999998,26.5,-0.9399502,26.560049772262573,23.2
2026-10-01 09:00:00,29.5,53,6.5,462.0,Shahdara,28.6698,77.2922,9,0.7071067811865476,-0.7071067811865475,28.7,-1.2172258,28.2827742099762,25.2
2026-10-01 10:00:00,31.8,43,8.2,616.0,Shahdara,28.6698,77.2922,10,0.4999999999999999,-0.8660254037844387,30.6,-1.5380487,30.26195125579834,27.7
2026-10-01 11:00:00,33.7,36,9.8,719.0,Shahdara,28.6698,77.2922,11,0.258819045102521,-0.9659258262890682,32.1,-1.9141278,31.78587217330933,30.0
2026-10-01 12:00:00,34.8,32,11.1,782.0,Shahdara,28.6698,77.2922,12,1.2246467991473532e-16,-1.0,33.1,-2.317699,32.48230104446411,30.9
2026-10-01 13:00:00,35.5,30,12.4,750.0,Shahdara,28.6698,77.2922,13,-0.2588190451025208,-0.9659258262890684,33.7,-2.8000803,32.69991970062256,30.7
2026-10-01 14:00:00,35.7,29,13.0,651.0,Shahdara,28.6698,77.2922,14,-0.4999999999999997,-0.8660254037844388,33.9,-2.7842162,32.9157838344574,30.6
2026-10-01 15:00:00,35.3,31,12.8,479.0,Shahdara,28.6698,77.2922,15,-0.7071067811865471,-0.7071067811865479,33.6,-2.8547697,32.44523029327392,29.6
2026-10-01 16:00:00,34.4,34,12.1,327.0,Shahdara,28.6698,77.2922,16,-0.8660254037844385,-0.5000000000000004,32.9,-2.4637136,31.93628635406494,28.9
2026-10-01 17:00:00,33.5,38,11.0,158.0,Shahdara,28.6698,77.2922,17,-0.9659258262890684,-0.2588190451025206,32.1,-2.2999663,31.20003366470337,27.8
2026-10-01 18:00:00,32.5,42,9.8,15.0,Shahdara,28.6698,77.2922,18,-1.0,-1.8369701987210294e-16,31.1,-1.8732264,30.626773595809937,27.0
2026-10-01 19:00:00,31.3,47,8.2,0.0,Shahdara,28.6698,77.2922,19,-0.9659258262890684,0.2588190451025203,30.0,-1.9659643,29.334035682678223,25.1
2026-10-01 20:00:00,30.4,51,7.3,0.0,Shahdara,28.6698,77.2922,20,-0.8660254037844386,0.5000000000000001,29.1,-1.6290194,28.77098062038421,24.6
2026-10-01 21:00:00,29.7,53,7.1,0.0,Shahdara,28.6698,77.2922,21,-0.7071067811865477,0.7071067811865474,28.5,-1.6550413,28.044958662986755,23.6
2026-10-01 22:00:00,29.2,54,7.3,0.0,Shahdara,28.6698,77.2922,22,-0.5000000000000004,0.8660254037844384,28.1,-1.5880677,27.611932349205016,23.0
2026-10-01 23:00:00,28.7,56,7.3,0.0,Shahdara,28.6698,77.2922,23,-0.2588190451025215,0.965925826289068,27.6,-1.0368202,27.66317982673645,23.2
2026-09-27 00:00:00,21.8,88,11.9,0.0,South Delhi,28.4923,77.1845,0,0.0,1.0,24.3,0.2494529,22.04945290386677,13.1
2026-09-27 01:00:00,22.1,87,1.9,0.0,South Delhi,28.4923,77.1845,1,0.2588190451025207,0.9659258262890684,23.9,-1.0207747,21.079225277900697,21.3
2026-09-27 02:00:00,21.9,91,5.1,0.0,South Delhi,28.4923,77.1845,2,0.4999999999999999,0.8660254037844387,23.5,-0.36807877,21.531921231746672,17.4
2026-09-27 03:00:00,22.3,88,1.9,0.0,South Delhi,28.4923,77.1845,3,0.7071067811865476,0.7071067811865476,23.2,-0.61519575,21.68480424880981,22.2
2026-09-27 04:00:00,22.2,90,2.7,0.0,South Delhi,28.4923,77.1845,4,0.8660254037844386,0.5000000000000001,22.9,-0.6651947,21.53480530977249,20.8
2026-09-27 05:00:00,22.2,89,3.3,0.0,South Delhi,28.4923,77.1845,5,0.9659258262890684,0.2588190451025207,23.5,-0.52977306,21.67022694349289,20.0
2026-09-27 06:00:00,22.1,90,4.0,1.0,South Delhi,28.4923,77.1845,6,1.0,6.123233995736766e-17,23.1,-0.3193969,21.7806030869484,19.1
2026-09-27 07:00:00,22.8,87,2.3,57.0,South Delhi,28.4923,77.1845,7,0.9659258262890684,-0.2588190451025206,23.6,-1.1060516,21.693948435783387,21.7
2026-09-27 08:00:00,24.1,80,2.1,191.0,South Delhi,28.4923,77.1845,8,0.8660254037844387,-0.4999999999999998,24.7,-0.8743911,23.225608921051027,23.8
2026-09-27 09:00:00,25.4,76,3.9,356.0,South Delhi,28.4923,77.1845,9,0.7071067811865476,-0.7071067811865475,26.2,-0.9573363,24.44266369342804,23.0
2026-09-27 10:00:00,26.9,70,4.4,575.0,South Delhi,28.4923,77.1845,10,0.4999999999999999,-0.8660254037844387,28.1,-0.995864,25.904136025905608,24.6
2026-09-27 11:00:00,27.8,66,8.8,695.0,South Delhi,28.4923,77.1845,11,0.258819045102521,-0.9659258262890682,27.1,-0.99306506,26.806934940814973,23.8
2026-09-27 12:00:00,28.0,65,8.5,727.0,South Delhi,28.4923,77.1845,12,1.2246467991473532e-16,-1.0,28.6,-1.5609441,26.439055919647217,23.3
2026-09-27 13:00:00,27.9,66,9.5,616.0,South Delhi,28.4923,77.1845,13,-0.2588190451025208,-0.9659258262890684,29.3,-1.1786449,26.72135510444641,23.4
2026-09-27 14:00:00,28.0,66,9.9,630.0,South Delhi,28.4923,77.1845,14,-0.4999999999999997,-0.8660254037844388,28.9,-1.6357831,26.364216923713684,22.7
2026-09-27 15:00:00,27.8,65,9.0,504.0,South Delhi,28.4923,77.1845,15,-0.7071067811865471,-0.7071067811865479,28.1,-0.38499412,27.41500588059425,24.3
2026-09-27 16:00:00,27.3,67,9.1,312.0,South Delhi,28.4923,77.1845,16,-0.8660254037844385,-0.5000000000000004,27.0,-0.17157911,27.128420892357827,23.6
2026-09-27 17:00:00,26.3,72,8.0,150.0,South Delhi,28.4923,77.1845,17,-0.9659258262890684,-0.2588190451025206,24.0,0.085841626,26.38584162592888,22.5
2026-09-27 18:00:00,25.0,80,5.1,19.0,South Delhi,28.4923,77.1845,18,-1.0,-1.8369701987210294e-16,23.1,0.0394289,25.039428900927305,22.1
2026-09-27 19:00:00,24.6,82,5.6,0.0,South Delhi,28.4923,77.1845,19,-0.9659258262890684,0.2588190451025203,22.5,-0.2260053,24.373994699120523,20.7
2026-09-27 20:00:00,24.2,84,6.9,0.0,South Delhi,28.4923,77.1845,20,-0.8660254037844386,0.5000000000000001,22.8,-0.29750055,23.90249944925308,19.2
2026-09-27 21:00:00,23.5,87,7.2,0.0,South Delhi,28.4923,77.1845,21,-0.7071067811865477,0.7071067811865474,22.6,-0.3166493,23.18335071206093,18.0
2026-09-27 22:00:00,22.9,91,7.1,0.0,South Delhi,28.4923,77.1845,22,-0.5000000000000004,0.8660254037844384,22.3,0.019904045,22.9199040453881,17.9
2026-09-27 23:00:00,22.3,93,7.3,0.0,South Delhi,28.4923,77.1845,23,-0.2588190451025215,0.965925826289068,21.8,0.2267737,22.5267736941576,17.2
2026-09-28 00:00:00,22.0,93,5.1,0.0,South Delhi,28.4923,77.1845,0,0.0,1.0,21.8,-0.20106615,21.79893384873867,17.9
2026-09-28 01:00:00,21.7,94,3.3,0.0,South Delhi,28.4923,77.1845,1,0.2588190451025207,0.9659258262890684,22.1,-0.58174235,21.118257653713226,19.5
2026-09-28 02:00:00,21.5,95,1.7,0.0,South Delhi,28.4923,77.1845,2,0.4999999999999999,0.8660254037844387,21.9,-0.5982753,20.901724696159363,21.9
2026-09-28 03:00:00,21.4,95,0.4,0.0,South Delhi,28.4923,77.1845,3,0.7071067811865476,0.7071067811865476,22.3,-0.61519575,20.784804248809813,
2026-09-28 04:00:00,21.3,96,0.3,0.0,South Delhi,28.4923,77.1845,4,0.8660254037844386,0.5000000000000001,22.2,-0.6651947,20.63480530977249,
2026-09-28 05:00:00,21.1,97,1.0,0.0,South Delhi,28.4923,77.1845,5,0.9659258262890684,0.2588190451025207,22.2,-0.6293984,20.47060159444809,22.5
2026-09-28 06:00:00,21.2,97,1.8,2.0,South Delhi,28.4923,77.1845,6,1.0,6.123233995736766e-17,22.1,-0.67776513,20.52223486900329,21.4
2026-09-28 07:00:00,22.5,90,1.0,80.0,South Delhi,28.4923,77.1845,7,0.9659258262890684,-0.2588190451025206,22.8,-0.8063075,21.69369250535965,23.7
2026-09-28 08:00:00,24.1,81,2.2,247.0,South Delhi,28.4923,77.1845,8,0.8660254037844387,-0.4999999999999998,24.1,-0.866541,23.233458971977235,23.9
2026-09-28 09:00:00,25.7,75,2.2,433.0,South Delhi,28.4923,77.1845,9,0.7071067811865476,-0.7071067811865475,25.4,-1.2409544,24.459045600891116,25.5
2026-09-28 10:00:00,27.1,70,2.4,592.0,South Delhi,28.4923,77.1845,10,0.4999999999999999,-0.8660254037844387,26.9,-1.4056435,25.69435653686524,26.9
2026-09-28 11:00:00,28.1,66,3.5,690.0,South Delhi,28.4923,77.1845,11,0.258819045102521,-0.9659258262890682,27.8,-1.5478559,26.552144145965578,26.5
2026-09-28 12:00:00,28.7,65,3.5,644.0,South Delhi,28.4923,77.1845,12,1.2246467991473532e-16,-1.0,28.0,-2.2607164,26.439283561706542,26.2
2026-09-28 13:00:00,29.0,64,5.3,606.0,South Delhi,28.4923,77.1845,13,-0.2588190451025208,-0.9659258262890684,27.9,-1.3975387,27.602461338043213,25.9
2026-09-28 14:00:00,29.4,63,5.7,619.0,South Delhi,28.4923,77.1845,14,-0.4999999999999997,-0.8660254037844388,28.0,-1.8391578,27.560842180252077,25.6
2026-09-28 15:00:00,29.5,62,4.5,494.0,South Delhi,28.4923,77.1845,15,-0.7071067811865471,-0.7071067811865479,27.8,-1.1621447,28.337855339050293,27.2
2026-09-28 16:00:00,29.1,64,3.5,330.0,South Delhi,28.4923,77.1845,16,-0.8660254037844385,-0.5000000000000004,27.3,-0.8428456,28.25715438127518,27.8
2026-09-28 17:00:00,28.3,72,3.6,145.0,South Delhi,28.4923,77.1845,17,-0.9659258262890684,-0.2588190451025206,26.3,-0.45060095,27.849399048089985,27.3
2026-09-28 18:00:00,26.9,79,3.6,18.0,South Delhi,28.4923,77.1845,18,-1.0,-1.8369701987210294e-16,25.0,-0.7503345,26.14966549873352,25.2
2026-09-28 19:00:00,26.2,81,5.4,0.0,South Delhi,28.4923,77.1845,19,-0.9659258262890684,0.2588190451025203,24.6,-0.2951723,25.904827696084972,23.2
2026-09-28 20:00:00,25.5,84,5.8,0.0,South Delhi,28.4923,77.1845,20,-0.8660254037844386,0.5000000000000001,24.2,-0.10548446,25.39451553672552,22.3
2026-09-28 21:00:00,24.8,85,4.9,0.0,South Delhi,28.4923,77.1845,21,-0.7071067811865477,0.7071067811865474,23.5,-0.19640206,24.603597941994668,21.9
2026-09-28 22:00:00,24.4,86,4.7,0.0,South Delhi,28.4923,77.1845,22,-0.5000000000000004,0.8660254037844384,22.9,-0.4490324,23.95096760392189,21.2
2026-09-28 23:00:00,24.0,87,4.0,0.0,South Delhi,28.4923,77.1845,23,-0.2588190451025215,0.965925826289068,22.3,-0.19820498,23.8017950206995,21.9
2026-09-29 00:00:00,23.7,88,4.8,0.0,South Delhi,28.4923,77.1845,0,0.0,1.0,22.0,-0.20106615,23.49893384873867,20.5
2026-09-29 01:00:00,23.5,90,4.6,0.0,South Delhi,28.4923,77.1845,1,0.2588190451025207,0.9659258262890684,21.7,-0.3916489,23.10835111141205,20.3
2026-09-29 02:00:00,23.3,91,4.2,0.0,South Delhi,28.4923,77.1845,2,0.4999999999999999,0.8660254037844387,21.5,-0.36807877,22.931921231746674,20.6
2026-09-29 03:00:00,23.1,93,4.5,0.0,South Delhi,28.4923,77.1845,3,0.7071067811865476,0.7071067811865476,21.4,-0.35489866,22.74510133862496,20.1
2026-09-29 04:00:00,23.0,93,5.8,0.0,South Delhi,28.4923,77.1845,4,0.8660254037844386,0.5000000000000001,21.3,-0.33884412,22.661155879497528,18.6
2026-09-29 05:00:00,23.0,92,7.4,0.0,South Delhi,28.4923,77.1845,5,0.9659258262890684,0.2588190451025207,21.1,-0.090273045,22.909726954996582,17.8
2026-09-29 06:00:00,22.9,92,8.1,2.0,South Delhi,28.4923,77.1845,6,1.0,6.123233995736766e-17,21.2,-0.046418287,22.85358171314001,17.3
2026-09-29 07:00:00,24.0,89,8.1,81.0,South Delhi,28.4923,77.1845,7,0.9659258262890684,-0.2588190451025206,22.5,-0.20448002,23.795519977808,19.0
2026-09-29 08:00:00,25.9,82,7.0,251.0,South Delhi,28.4923,77.1845,8,0.8660254037844387,-0.4999999999999998,24.1,-0.5579194,25.342080616950987,22.0
2026-09-29 09:00:00,27.9,75,7.9,438.0,South Delhi,28.4923,77.1845,9,0.7071067811865476,-0.7071067811865475,25.7,-1.3018293,26.598170661926268,23.8
2026-09-29 10:00:00,29.3,66,7.9,598.0,South Delhi,28.4923,77.1845,10,0.4999999999999999,-0.8660254037844387,27.1,-1.8099962,27.49000375270844,24.9
2026-09-29 11:00:00,30.1,61,8.6,683.0,South Delhi,28.4923,77.1845,11,0.258819045102521,-0.9659258262890682,28.1,-1.9959663,28.10403368473053,25.6
2026-09-29 12:00:00,30.8,58,9.2,730.0,South Delhi,28.4923,77.1845,12,1.2246467991473532e-16,-1.0,28.7,-2.2162104,28.58378963470459,26.3
2026-09-29 13:00:00,31.3,54,9.4,714.0,South Delhi,28.4923,77.1845,13,-0.2588190451025208,-0.9659258262890684,29.0,-2.2421145,29.05788545608521,26.7
2026-09-29 14:00:00,31.5,51,10.0,626.0,South Delhi,28.4923,77.1845,14,-0.4999999999999997,-0.8660254037844388,29.4,-1.8574532,29.642546772956848,27.2
2026-09-29 15:00:00,31.4,51,10.1,500.0,South Delhi,28.4923,77.1845,15,-0.7071067811865471,-0.7071067811865479,29.5,-1.7939537,29.60604634284973,26.9
2026-09-29 16:00:00,31.0,53,9.1,326.0,South Delhi,28.4923,77.1845,16,-0.8660254037844385,-0.5000000000000004,29.1,-1.4390157,29.56098425388336,26.7
2026-09-29 17:00:00,29.7,61,7.3,143.0,South Delhi,28.4923,77.1845,17,-0.9659258262890684,-0.2588190451025206,28.3,-1.4854306,28.214569401741027,24.8
2026-09-29 18:00:00,28.1,67,7.6,17.0,South Delhi,28.4923,77.1845,18,-1.0,-1.8369701987210294e-16,26.9,-0.44240215,27.65759784579277,24.0
2026-09-29 19:00:00,27.4,70,7.0,0.0,South Delhi,28.4923,77.1845,19,-0.9659258262890684,0.2588190451025203,26.2,-0.78987163,26.610128366947173,22.6
2026-09-29 20:00:00,26.9,73,6.8,0.0,South Delhi,28.4923,77.1845,20,-0.8660254037844386,0.5000000000000001,25.5,-0.9254368,25.97456320524216,21.9
2026-09-29 21:00:00,26.5,74,6.7,0.0,South Delhi,28.4923,77.1845,21,-0.7071067811865477,0.7071067811865474,24.8,-0.8063332,25.69366681575775,21.6
2026-09-29 22:00:00,26.0,76,6.5,0.0,South Delhi,28.4923,77.1845,22,-0.5000000000000004,0.8660254037844384,24.4,-0.74638176,25.253618240356445,21.1
2026-09-29 23:00:00,25.5,78,6.8,0.0,South Delhi,28.4923,77.1845,23,-0.2588190451025215,0.965925826289068,24.0,-0.10453901,25.39546099305153,21.3
2026-09-30 00:00:00,25.2,79,7.3,0.0,South Delhi,28.4923,77.1845,0,0.0,1.0,23.7,-0.37351853,24.82648147344589,20.2
2026-09-30 01:00:00,24.8,81,7.7,0.0,South Delhi,28.4923,77.1845,1,0.2588190451025207,0.9659258262890684,23.5,-0.35182062,24.4481793820858,19.5
2026-09-30 02:00:00,24.5,82,7.8,0.0,South Delhi,28.4923,77.1845,2,0.4999999999999999,0.8660254037844387,23.3,-0.57593095,23.924069046974186,18.7
2026-09-30 03:00:00,24.1,83,8.3,0.0,South Delhi,28.4923,77.1845,3,0.7071067811865476,0.7071067811865476,23.1,-0.562751,23.53724900484085,17.8
2026-09-30 04:00:00,23.7,85,8.5,0.0,South Delhi,28.4923,77.1845,4,0.8660254037844386,0.5000000000000001,23.0,-0.6027062,23.09729380607605,17.1
2026-09-30 05:00:00,23.3,87,8.8,0.0,South Delhi,28.4923,77.1845,5,0.9659258262890684,0.2588190451025207,23.0,-0.45170707,22.84829293489456,16.6
2026-09-30 06:00:00,23.1,87,8.8,2.0,South Delhi,28.4923,77.1845,6,1.0,6.123233995736766e-17,22.9,-0.49426395,22.60573605298996,16.2
2026-09-30 07:00:00,24.2,84,8.6,84.0,South Delhi,28.4923,77.1845,7,0.9659258262890684,-0.2588190451025206,24.0,-0.58642334,23.613576662540435,18.1
2026-09-30 08:00:00,26.2,78,6.1,261.0,South Delhi,28.4923,77.1845,8,0.8660254037844387,-0.4999999999999998,25.9,-0.7181618,25.481838178634643,22.4
2026-09-30 09:00:00,28.4,68,7.2,453.0,South Delhi,28.4923,77.1845,9,0.7071067811865476,-0.7071067811865475,27.9,-1.2714942,27.128505849838252,24.3
2026-09-30 10:00:00,30.1,61,9.3,616.0,South Delhi,28.4923,77.1845,10,0.4999999999999999,-0.8660254037844387,29.3,-1.8381014,28.26189861297608,25.7
2026-09-30 11:00:00,31.6,54,11.9,726.0,South Delhi,28.4923,77.1845,11,0.258819045102521,-0.9659258262890682,30.1,-2.1846693,29.415330743789674,26.8
2026-09-30 12:00:00,32.5,48,13.5,756.0,South Delhi,28.4923,77.1845,12,1.2246467991473532e-16,-1.0,30.8,-2.317548,30.182451963424683,26.8
2026-09-30 13:00:00,33.1,43,15.0,723.0,South Delhi,28.4923,77.1845,13,-0.2588190451025208,-0.9659258262890684,31.3,-2.5027626,30.59723744392395,26.0
2026-09-30 14:00:00,33.2,41,15.2,630.0,South Delhi,28.4923,77.1845,14,-0.4999999999999997,-0.8660254037844388,31.5,-2.5459938,30.65400619506836,25.6
2026-09-30 15:00:00,32.6,44,13.6,477.0,South Delhi,28.4923,77.1845,15,-0.7071067811865471,-0.7071067811865479,31.4,-2.0589476,30.54105243682861,26.5
2026-09-30 16:00:00,31.6,49,11.1,323.0,South Delhi,28.4923,77.1845,16,-0.8660254037844385,-0.5000000000000004,31.0,-1.6508344,29.949165558815004,26.8
2026-09-30 17:00:00,30.6,55,8.9,154.0,South Delhi,28.4923,77.1845,17,-0.9659258262890684,-0.2588190451025206,29.7,-1.583765,29.01623497009277,25.5
2026-09-30 18:00:00,29.5,60,7.6,15.0,South Delhi,28.4923,77.1845,18,-1.0,-1.8369701987210294e-16,28.1,-1.5045584,27.995441555976868,24.0
2026-09-30 19:00:00,28.5,64,6.9,0.0,South Delhi,28.4923,77.1845,19,-0.9659258262890684,0.2588190451025203,27.4,-1.0463774,27.453622579574585,23.6
2026-09-30 20:00:00,27.6,68,6.5,0.0,South Delhi,28.4923,77.1845,20,-0.8660254037844386,0.5000000000000001,26.9,-0.7107858,26.889214193820955,23.1
2026-09-30 21:00:00,27.0,71,6.7,0.0,South Delhi,28.4923,77.1845,21,-0.7071067811865477,0.7071067811865474,26.5,-0.84683454,26.153165459632877,22.1
2026-09-30 22:00:00,26.5,73,7.2,0.0,South Delhi,28.4923,77.1845,22,-0.5000000000000004,0.8660254037844384,26.0,-0.96137357,25.538626432418823,21.0
2026-09-30 23:00:00,26.1,75,7.5,0.0,South Delhi,28.4923,77.1845,23,-0.2588190451025215,0.965925826289068,25.5,-0.48476782,25.61523217558861,21.2
2026-10-01 00:00:00,25.7,76,7.5,0.0,South Delhi,28.4923,77.1845,0,0.0,1.0,25.2,-0.6113132,25.088686776161197,20.4
2026-10-01 01:00:00,25.3,78,7.5,0.0,South Delhi,28.4923,77.1845,1,0.2588190451025207,0.9659258262890684,24.8,-0.56410104,24.73589895963669,19.9
2026-10-01 02:00:00,24.9,78,7.7,0.0,South Delhi,28.4923,77.1845,2,0.4999999999999999,0.8660254037844387,24.5,-0.55528665,24.34471335411072,19.2
2026-10-01 03:00:00,24.3,79,8.2,0.0,South Delhi,28.4923,77.1845,3,0.7071067811865476,0.7071067811865476,24.1,-0.69747,23.602529990673062,17.7
2026-10-01 04:00:00,23.7,79,8.8,0.0,South Delhi,28.4923,77.1845,4,0.8660254037844386,0.5000000000000001,23.7,-0.64732134,23.052678656578063,16.5
2026-10-01 05:00:00,23.6,78,9.2,0.0,South Delhi,28.4923,77.1845,5,0.9659258262890684,0.2588190451025207,23.3,-0.50447166,23.095528340339666,16.3
2026-10-01 06:00:00,24.1,76,8.8,1.0,South Delhi,28.4923,77.1845,6,1.0,6.123233995736766e-17,23.1,-0.8607405,23.23925951719284,16.6
2026-10-01 07:00:00,25.0,72,8.1,86.0,South Delhi,28.4923,77.1845,7,0.9659258262890684,-0.2588190451025206,24.2,-1.0853865,23.914613485336304,18.1
2026-10-01 08:00:00,26.3,67,7.8,258.0,South Delhi,28.4923,77.1845,8,0.8660254037844387,-0.4999999999999998,26.2,-1.2219752,25.078024792671204,20.2
2026-10-01 09:00:00,28.2,59,8.3,466.0,South Delhi,28.4923,77.1845,9,0.7071067811865476,-0.7071067811865475,28.4,-1.3268658,26.873134207725524,23.0
2026-10-01 10:00:00,30.4,51,9.5,622.0,South Delhi,28.4923,77.1845,10,0.4999999999999999,-0.8660254037844387,30.1,-1.5878408,28.81215920448303,25.8
2026-10-01 11:00:00,32.2,44,10.6,727.0,South Delhi,28.4923,77.1845,11,0.258819045102521,-0.9659258262890682,31.6,-1.967836,30.23216397762299,27.8
2026-10-01 12:00:00,33.4,39,11.9,795.0,South Delhi,28.4923,77.1845,12,1.2246467991473532e-16,-1.0,32.5,-2.508099,30.89190092086792,28.4
2026-10-01 13:00:00,34.2,36,13.3,761.0,South Delhi,28.4923,77.1845,13,-0.2588190451025208,-0.9659258262890684,33.1,-3.0306299,31.16937012672425,27.9
2026-10-01 14:00:00,34.5,34,13.8,658.0,South Delhi,28.4923,77.1845,14,-0.4999999999999997,-0.8660254037844388,33.2,-3.0645254,31.43547463417053,27.7
2026-10-01 15:00:00,33.9,36,13.0,480.0,South Delhi,28.4923,77.1845,15,-0.7071067811865471,-0.7071067811865479,32.6,-2.5256221,31.37437787055969,27.9
2026-10-01 16:00:00,32.8,40,11.5,326.0,South Delhi,28.4923,77.1845,16,-0.8660254037844385,-0.5000000000000004,31.6,-2.029119,30.770880985260007,27.4
2026-10-01 17:00:00,31.7,44,10.2,157.0,South Delhi,28.4923,77.1845,17,-0.9659258262890684,-0.2588190451025206,30.6,-1.7266551,29.97334487438202,26.2
2026-10-01 18:00:00,30.6,49,9.4,15.0,South Delhi,28.4923,77.1845,18,-1.0,-1.8369701987210294e-16,29.5,-1.5181274,29.08187255859375,24.9
2026-10-01 19:00:00,29.6,53,9.0,0.0,South Delhi,28.4923,77.1845,19,-0.9659258262890684,0.2588190451025203,28.5,-1.8604276,27.739572381973268,22.9
2026-10-01 20:00:00,28.7,57,8.6,0.0,South Delhi,28.4923,77.1845,20,-0.8660254037844386,0.5000000000000001,27.6,-1.4000157,27.29998428821564,22.5
2026-10-01 21:00:00,28.1,59,8.3,0.0,South Delhi,28.4923,77.1845,21,-0.7071067811865477,0.7071067811865474,27.0,-1.1292621,26.97073791027069,22.1
2026-10-01 22:00:00,27.6,60,8.3,0.0,South Delhi,28.4923,77.1845,22,-0.5000000000000004,0.8660254037844384,26.5,-1.1246393,26.475360727310186,21.3
2026-10-01 23:00:00,27.0,62,7.9,0.0,South Delhi,28.4923,77.1845,23,-0.2588190451025215,0.965925826289068,26.1,-0.89552164,26.10447835922241,21.0
2026-09-27 00:00:00,21.8,90,10.4,0.0,South East Delhi,28.546,77.2739,0,0.0,1.0,24.8,0.45694134,22.25694133639336,14.8
2026-09-27 01:00:00,22.1,90,2.2,0.0,South East Delhi,28.546,77.2739,1,0.2588190451025207,0.9659258262890684,24.5,-0.41762412,21.682375884056093,21.8
2026-09-27 02:00:00,22.2,92,4.0,0.0,South East Delhi,28.546,77.2739,2,0.4999999999999999,0.8660254037844387,24.0,-0.09990673,22.100093272328376,19.7
2026-09-27 03:00:00,22.4,88,0.9,0.0,South East Delhi,28.546,77.2739,3,0.7071067811865476,0.7071067811865476,23.6,-0.3276896,22.072310411930083,23.9
2026-09-27 04:00:00,22.3,90,1.1,0.0,South East Delhi,28.546,77.2739,4,0.8660254037844386,0.5000000000000001,23.2,-0.39425787,21.905742126703263,23.6
2026-09-27 05:00:00,22.3,90,2.4,0.0,South East Delhi,28.546,77.2739,5,0.9659258262890684,0.2588190451025207,23.5,-0.35846162,21.94153838157654,21.9
2026-09-27 06:00:00,22.3,91,2.6,1.0,South East Delhi,28.546,77.2739,6,1.0,6.123233995736766e-17,23.4,-0.42317712,21.87682287693024,21.5
2026-09-27 07:00:00,22.9,89,2.1,44.0,South East Delhi,28.546,77.2739,7,0.9659258262890684,-0.2588190451025206,23.9,-0.5738235,22.326176488399504,22.9
2026-09-27 08:00:00,23.9,84,1.0,141.0,South East Delhi,28.546,77.2739,8,0.8660254037844387,-0.4999999999999998,24.8,-0.64381194,23.256188058853148,25.4
2026-09-27 09:00:00,25.3,78,2.7,294.0,South East Delhi,28.546,77.2739,9,0.7071067811865476,-0.7071067811865475,26.6,-0.64922625,24.650773751735688,24.9
2026-09-27 10:00:00,26.7,73,3.5,542.0,South East Delhi,28.546,77.2739,10,0.4999999999999999,-0.8660254037844387,28.2,-1.0648686,25.635131430625915,25.4
2026-09-27 11:00:00,27.5,70,8.2,665.0,South East Delhi,28.546,77.2739,11,0.258819045102521,-0.9659258262890682,27.3,-0.76050115,26.73949885368347,24.1
2026-09-27 12:00:00,27.6,69,8.4,716.0,South East Delhi,28.546,77.2739,12,1.2246467991473532e-16,-1.0,29.0,-0.83153516,26.768464839458467,24.1
2026-09-27 13:00:00,27.7,67,8.4,643.0,South East Delhi,28.546,77.2739,13,-0.2588190451025208,-0.9659258262890684,29.3,-0.26271096,27.437289041280746,24.9
2026-09-27 14:00:00,28.1,63,8.6,631.0,South East Delhi,28.546,77.2739,14,-0.4999999999999997,-0.8660254037844388,28.6,-0.64115506,27.45884493589401,24.6
2026-09-27 15:00:00,27.8,65,9.4,505.0,South East Delhi,28.546,77.2739,15,-0.7071067811865471,-0.7071067811865479,27.1,-0.2784592,27.521540808677678,24.5
2026-09-27 16:00:00,27.1,68,9.3,319.0,South East Delhi,28.546,77.2739,16,-0.8660254037844385,-0.5000000000000004,25.6,-0.0880737,27.01192629933357,23.4
2026-09-27 17:00:00,26.2,73,6.7,148.0,South East Delhi,28.546,77.2739,17,-0.9659258262890684,-0.2588190451025206,24.0,0.3487636,26.54876361489296,23.2
2026-09-27 18:00:00,25.2,80,4.5,19.0,South East Delhi,28.546,77.2739,18,-1.0,-1.8369701987210294e-16,22.9,0.2949899,25.49498991370201,23.3
2026-09-27 19:00:00,24.8,82,5.4,0.0,South East Delhi,28.546,77.2739,19,-0.9659258262890684,0.2588190451025203,22.9,0.31819388,25.118193882703785,22.0
2026-09-27 20:00:00,24.2,85,6.7,0.0,South East Delhi,28.546,77.2739,20,-0.8660254037844386,0.5000000000000001,23.0,0.045023866,24.24502386599779,20.0
2026-09-27 21:00:00,23.5,88,6.6,0.0,South East Delhi,28.546,77.2739,21,-0.7071067811865477,0.7071067811865474,22.8,0.2259102,23.72591020166874,19.4
2026-09-27 22:00:00,22.9,91,6.8,0.0,South East Delhi,28.546,77.2739,22,-0.5000000000000004,0.8660254037844384,22.4,0.2781552,23.17815520763397,18.5
2026-09-27 23:00:00,22.4,92,5.8,0.0,South East Delhi,28.546,77.2739,23,-0.2588190451025215,0.965925826289068,22.0,0.384784,22.784784013032912,18.7
2026-09-28 00:00:00,22.2,93,2.7,0.0,South East Delhi,28.546,77.2739,0,0.0,1.0,21.8,-0.22704135,21.972958651185035,21.6
2026-09-28 01:00:00,22.0,95,1.5,0.0,South East Delhi,28.546,77.2739,1,0.2588190451025207,0.9659258262890684,22.1,-0.41762412,21.58237588405609,23.1
2026-09-28 02:00:00,21.8,95,0.2,0.0,South East Delhi,28.546,77.2739,2,0.4999999999999999,0.8660254037844387,22.2,-0.29753366,21.50246633887291,
2026-09-28 03:00:00,21.6,96,2.4,0.0,South East Delhi,28.546,77.2739,3,0.7071067811865476,0.7071067811865476,22.4,-0.3276896,21.27231041193009,21.4
2026-09-28 04:00:00,21.5,97,1.3,0.0,South East Delhi,28.546,77.2739,4,0.8660254037844386,0.5000000000000001,22.3,-0.39425787,21.105742126703262,22.9
2026-09-28 05:00:00,21.5,97,0.2,0.0,South East Delhi,28.546,77.2739,5,0.9659258262890684,0.2588190451025207,22.3,-0.35846162,21.141538381576535,
2026-09-28 06:00:00,21.6,96,1.0,2.0,South East Delhi,28.546,77.2739,6,1.0,6.123233995736766e-17,22.3,-0.42317712,21.17682287693024,23.3
2026-09-28 07:00:00,22.7,92,0.4,79.0,South East Delhi,28.546,77.2739,7,0.9659258262890684,-0.2588190451025206,22.9,-0.5573855,22.14261449575424,
2026-09-28 08:00:00,24.1,84,2.4,242.0,South East Delhi,28.546,77.2739,8,0.8660254037844387,-0.4999999999999998,23.9,-0.63596183,23.464038169384004,24.1
2026-09-28 09:00:00,25.7,77,1.5,422.0,South East Delhi,28.546,77.2739,9,0.7071067811865476,-0.7071067811865475,25.3,-0.92246914,24.77753086090088,26.9
2026-09-28 10:00:00,27.1,71,3.3,585.0,South East Delhi,28.546,77.2739,10,0.4999999999999999,-0.8660254037844387,26.7,-1.1423043,25.9576956987381,26.1
2026-09-28 11:00:00,28.0,68,3.1,675.0,South East Delhi,28.546,77.2739,11,0.258819045102521,-0.9659258262890682,27.5,-1.4977325,26.502267479896545,27.1
2026-09-28 12:00:00,28.5,67,2.2,608.0,South East Delhi,28.546,77.2739,12,1.2246467991473532e-16,-1.0,27.6,-1.8970197,26.602980256080627,28.1
2026-09-28 13:00:00,29.0,64,3.1,603.0,South East Delhi,28.546,77.2739,13,-0.2588190451025208,-0.9659258262890684,27.7,-1.5946585,27.405341506004333,27.8
2026-09-28 14:00:00,29.5,62,4.4,621.0,South East Delhi,28.546,77.2739,14,-0.4999999999999997,-0.8660254037844388,28.1,-1.7111578,27.78884220123291,26.8
2026-09-28 15:00:00,29.5,63,4.8,492.0,South East Delhi,28.546,77.2739,15,-0.7071067811865471,-0.7071067811865479,27.8,-1.0885531,28.411446928977966,27.1
2026-09-28 16:00:00,29.3,64,3.9,323.0,South East Delhi,28.546,77.2739,16,-0.8660254037844385,-0.5000000000000004,27.1,-1.1994487,28.100551295280457,27.1
2026-09-28 17:00:00,28.6,69,2.9,141.0,South East Delhi,28.546,77.2739,17,-0.9659258262890684,-0.2588190451025206,26.2,-0.58146936,28.0185306429863,28.1
2026-09-28 18:00:00,27.4,78,3.3,17.0,South East Delhi,28.546,77.2739,18,-1.0,-1.8369701987210294e-16,25.2,-0.513246,26.88675400018692,26.5
2026-09-28 19:00:00,26.6,82,4.2,0.0,South East Delhi,28.546,77.2739,19,-0.9659258262890684,0.2588190451025203,24.8,-0.3546139,26.24538609981537,24.9
2026-09-28 20:00:00,25.9,85,4.5,0.0,South East Delhi,28.546,77.2739,20,-0.8660254037844386,0.5000000000000001,24.2,0.07451137,25.974511371552943,24.4
2026-09-28 21:00:00,25.3,87,4.2,0.0,South East Delhi,28.546,77.2739,21,-0.7071067811865477,0.7071067811865474,23.5,0.20869736,25.50869736373425,24.2
2026-09-28 22:00:00,24.9,88,3.4,0.0,South East Delhi,28.546,77.2739,22,-0.5000000000000004,0.8660254037844384,22.9,-0.028109908,24.871890091896056,24.3
2026-09-28 23:00:00,24.6,88,3.8,0.0,South East Delhi,28.546,77.2739,23,-0.2588190451025215,0.965925826289068,22.4,0.17263998,24.77263998091221,23.6
2026-09-29 00:00:00,24.2,88,5.2,0.0,South East Delhi,28.546,77.2739,0,0.0,1.0,22.2,0.1109269,24.310926896333694,21.4
2026-09-29 01:00:00,23.9,89,4.3,0.0,South East Delhi,28.546,77.2739,1,0.2588190451025207,0.9659258262890684,22.0,-0.10537605,23.794623950123786,21.6
2026-09-29 02:00:00,23.6,91,4.0,0.0,South East Delhi,28.546,77.2739,2,0.4999999999999999,0.8660254037844387,21.8,-0.09990673,23.500093272328375,21.7
2026-09-29 03:00:00,23.4,92,4.4,0.0,South East Delhi,28.546,77.2739,3,0.7071067811865476,0.7071067811865476,21.6,-0.099962234,23.30003776550293,21.0
2026-09-29 04:00:00,23.4,93,4.9,0.0,South East Delhi,28.546,77.2739,4,0.8660254037844386,0.5000000000000001,21.5,-0.1409068,23.25909320414066,20.4
2026-09-29 05:00:00,23.5,92,5.3,0.0,South East Delhi,28.546,77.2739,5,0.9659258262890684,0.2588190451025207,21.5,-0.03266326,23.467336740344763,20.3
2026-09-29 06:00:00,23.6,90,5.9,2.0,South East Delhi,28.546,77.2739,6,1.0,6.123233995736766e-17,21.6,-0.09600358,23.50399642288685,19.6
2026-09-29 07:00:00,24.5,88,5.9,80.0,South East Delhi,28.546,77.2739,7,0.9659258262890684,-0.2588190451025206,22.7,0.019519348,24.519519347697496,21.3
2026-09-29 08:00:00,26.2,82,5.3,247.0,South East Delhi,28.546,77.2739,8,0.8660254037844387,-0.4999999999999998,24.1,-0.3342063,25.865793687105175,23.9
2026-09-29 09:00:00,28.1,75,6.6,432.0,South East Delhi,28.546,77.2739,9,0.7071067811865476,-0.7071067811865475,25.7,-1.0456606,27.05433938503265,24.9
2026-09-29 10:00:00,29.5,67,7.1,592.0,South East Delhi,28.546,77.2739,10,0.4999999999999999,-0.8660254037844387,27.1,-1.7025107,27.79748928546905,25.6
2026-09-29 11:00:00,30.4,63,7.1,681.0,South East Delhi,28.546,77.2739,11,0.258819045102521,-0.9659258262890682,28.0,-1.7409351,28.65906491279602,26.9
2026-09-29 12:00:00,31.1,59,7.7,727.0,South East Delhi,28.546,77.2739,12,1.2246467991473532e-16,-1.0,28.5,-1.9456922,29.154307818412786,27.4
2026-09-29 13:00:00,31.5,55,7.9,707.0,South East Delhi,28.546,77.2739,13,-0.2588190451025208,-0.9659258262890684,29.0,-2.0628777,29.437122344970703,27.5
2026-09-29 14:00:00,31.8,52,8.4,623.0,South East Delhi,28.546,77.2739,14,-0.4999999999999997,-0.8660254037844388,29.5,-1.9049051,29.895094919204716,27.8
2026-09-29 15:00:00,31.6,51,9.7,494.0,South East Delhi,28.546,77.2739,15,-0.7071067811865471,-0.7071067811865479,29.5,-1.68478,29.91521999835968,27.4
2026-09-29 16:00:00,31.2,52,8.4,316.0,South East Delhi,28.546,77.2739,16,-0.8660254037844385,-0.5000000000000004,29.3,-1.3051403,29.894859743118285,27.1
2026-09-29 17:00:00,30.1,60,5.1,139.0,South East Delhi,28.546,77.2739,17,-0.9659258262890684,-0.2588190451025206,28.6,-1.5830976,28.51690242290497,26.0
2026-09-29 18:00:00,28.6,68,4.7,16.0,South East Delhi,28.546,77.2739,18,-1.0,-1.8369701987210294e-16,27.4,-0.7342418,27.865758216381074,25.7
2026-09-29 19:00:00,28.0,71,4.8,0.0,South East Delhi,28.546,77.2739,19,-0.9659258262890684,0.2588190451025203,26.6,-0.6295594,27.37044060230255,25.1
2026-09-29 20:00:00,27.4,73,5.5,0.0,South East Delhi,28.546,77.2739,20,-0.8660254037844386,0.5000000000000001,25.9,-0.57482857,26.8251714348793,23.9
2026-09-29 21:00:00,27.0,74,5.4,0.0,South East Delhi,28.546,77.2739,21,-0.7071067811865477,0.7071067811865474,25.3,-0.5379155,26.462084472179413,23.5
2026-09-29 22:00:00,26.6,75,5.6,0.0,South East Delhi,28.546,77.2739,22,-0.5000000000000004,0.8660254037844384,24.9,-0.6549491,25.945050871372224,22.6
2026-09-29 23:00:00,26.1,77,5.8,0.0,South East Delhi,28.546,77.2739,23,-0.2588190451025215,0.965925826289068,24.6,-0.20372602,25.89627397656441,22.6
2026-09-30 00:00:00,25.7,78,5.8,0.0,South East Delhi,28.546,77.2739,0,0.0,1.0,24.2,-0.14105566,25.558944341540336,22.1
2026-09-30 01:00:00,25.4,79,6.3,0.0,South East Delhi,28.546,77.2739,1,0.2588190451025207,0.9659258262890684,23.9,-0.26631767,25.133682334423064,21.2
2026-09-30 02:00:00,25.0,80,6.7,0.0,South East Delhi,28.546,77.2739,2,0.4999999999999999,0.8660254037844387,23.6,-0.20490865,24.795091345906258,20.5
2026-09-30 03:00:00,24.6,81,6.6,0.0,South East Delhi,28.546,77.2739,3,0.7071067811865476,0.7071067811865476,23.4,-0.3136458,24.28635419011116,19.8
2026-09-30 04:00:00,24.3,81,6.7,0.0,South East Delhi,28.546,77.2739,4,0.8660254037844386,0.5000000000000001,23.4,-0.3671824,23.93281759619713,19.2
2026-09-30 05:00:00,23.9,83,7.0,0.0,South East Delhi,28.546,77.2739,5,0.9659258262890684,0.2588190451025207,23.5,-0.25893873,23.641061270236968,18.6
2026-09-30 06:00:00,23.6,85,7.2,2.0,South East Delhi,28.546,77.2739,6,1.0,6.123233995736766e-17,23.6,-0.33255765,23.267442351579668,18.0
2026-09-30 07:00:00,24.5,83,7.4,84.0,South East Delhi,28.546,77.2739,7,0.9659258262890684,-0.2588190451025206,24.5,-0.3951049,24.10489511489868,19.4
2026-09-30 08:00:00,26.3,77,5.0,261.0,South East Delhi,28.546,77.2739,8,0.8660254037844387,-0.4999999999999998,26.2,-0.802448,25.497552025318143,23.2
2026-09-30 09:00:00,28.4,68,6.2,452.0,South East Delhi,28.546,77.2739,9,0.7071067811865476,-0.7071067811865475,28.1,-1.1906236,27.2093763589859,24.8
2026-09-30 10:00:00,30.3,59,8.1,615.0,South East Delhi,28.546,77.2739,10,0.4999999999999999,-0.8660254037844387,29.5,-1.7000751,28.599924850463868,26.2
2026-09-30 11:00:00,31.7,52,10.1,726.0,South East Delhi,28.546,77.2739,11,0.258819045102521,-0.9659258262890682,30.4,-1.8993368,29.800663185119628,27.8
2026-09-30 12:00:00,32.8,47,11.8,762.0,South East Delhi,28.546,77.2739,12,1.2246467991473532e-16,-1.0,31.1,-2.0618784,30.738121557235715,28.7
2026-09-30 13:00:00,33.4,43,13.4,729.0,South East Delhi,28.546,77.2739,13,-0.2588190451025208,-0.9659258262890684,31.5,-2.669819,30.73018088340759,27.5
2026-09-30 14:00:00,33.6,41,13.8,633.0,South East Delhi,28.546,77.2739,14,-0.4999999999999997,-0.8660254037844388,31.8,-2.606827,30.99317297935486,27.3
2026-09-30 15:00:00,33.2,42,12.7,473.0,South East Delhi,28.546,77.2739,15,-0.7071067811865471,-0.7071067811865479,31.6,-2.2133286,30.986671400070197,27.8
2026-09-30 16:00:00,32.4,47,10.5,321.0,South East Delhi,28.546,77.2739,16,-0.8660254037844385,-0.5000000000000004,31.2,-1.6528543,30.747145676612853,28.1
2026-09-30 17:00:00,31.4,51,8.4,154.0,South East Delhi,28.546,77.2739,17,-0.9659258262890684,-0.2588190451025206,30.1,-1.8023808,29.59761919975281,26.2
2026-09-30 18:00:00,30.4,57,6.8,15.0,South East Delhi,28.546,77.2739,18,-1.0,-1.8369701987210294e-16,28.6,-1.6496522,28.75034775733948,25.2
2026-09-30 19:00:00,29.2,63,5.6,0.0,South East Delhi,28.546,77.2739,19,-0.9659258262890684,0.2588190451025203,28.0,-1.39949,27.800510001182555,24.6
2026-09-30 20:00:00,28.2,68,5.0,0.0,South East Delhi,28.546,77.2739,20,-0.8660254037844386,0.5000000000000001,27.4,-0.88804376,27.31195623874664,24.6
2026-09-30 21:00:00,27.7,71,5.2,0.0,South East Delhi,28.546,77.2739,21,-0.7071067811865477,0.7071067811865474,27.0,-0.6589866,27.041013371944427,24.3
2026-09-30 22:00:00,27.3,72,6.0,0.0,South East Delhi,28.546,77.2739,22,-0.5000000000000004,0.8660254037844384,26.6,-0.76460767,26.535392332077027,23.1
2026-09-30 23:00:00,26.9,72,6.4,0.0,South East Delhi,28.546,77.2739,23,-0.2588190451025215,0.965925826289068,26.1,-0.51675004,26.383249962329863,22.7
2026-10-01 00:00:00,26.5,73,6.3,0.0,South East Delhi,28.546,77.2739,0,0.0,1.0,25.7,-0.8437229,25.656277120113373,21.6
2026-10-01 01:00:00,26.1,74,6.0,0.0,South East Delhi,28.546,77.2739,1,0.2588190451025207,0.9659258262890684,25.4,-0.83517903,25.26482096910477,21.2
2026-10-01 02:00:00,25.6,76,5.9,0.0,South East Delhi,28.546,77.2739,2,0.4999999999999999,0.8660254037844387,25.0,-0.6347898,24.965210175514223,21.0
2026-10-01 03:00:00,25.0,77,6.5,0.0,South East Delhi,28.546,77.2739,3,0.7071067811865476,0.7071067811865476,24.6,-0.7479452,24.252054810523987,19.5
2026-10-01 04:00:00,24.5,78,7.6,0.0,South East Delhi,28.546,77.2739,4,0.8660254037844386,0.5000000000000001,24.3,-0.44922286,24.05077713727951,18.7
2026-10-01 05:00:00,24.3,78,8.1,0.0,South East Delhi,28.546,77.2739,5,0.9659258262890684,0.2588190451025207,23.9,-0.34097925,23.959020751714707,18.3
2026-10-01 06:00:00,24.8,76,7.6,1.0,South East Delhi,28.546,77.2739,6,1.0,6.123233995736766e-17,23.6,-0.4771903,24.322809714078904,19.0
2026-10-01 07:00:00,25.7,73,6.6,86.0,South East Delhi,28.546,77.2739,7,0.9659258262890684,-0.2588190451025206,24.5,-0.8847378,24.81526221036911,20.3
2026-10-01 08:00:00,27.0,67,6.2,256.0,South East Delhi,28.546,77.2739,8,0.8660254037844387,-0.4999999999999998,26.3,-0.8797952,26.12020480632782,22.6
2026-10-01 09:00:00,28.9,58,6.8,463.0,South East Delhi,28.546,77.2739,9,0.7071067811865476,-0.7071067811865475,28.4,-1.2490723,27.650927686691283,24.5
2026-10-01 10:00:00,31.2,47,8.2,618.0,South East Delhi,28.546,77.2739,10,0.4999999999999999,-0.8660254037844387,30.3,-1.3980567,29.801943254470824,27.2
2026-10-01 11:00:00,33.0,40,9.6,722.0,South East Delhi,28.546,77.2739,11,0.258819045102521,-0.9659258262890682,31.7,-1.9899853,31.01001465320587,28.9
2026-10-01 12:00:00,34.3,35,11.0,786.0,South East Delhi,28.546,77.2739,12,1.2246467991473532e-16,-1.0,32.8,-2.637628,31.662371921539304,29.7
2026-10-01 13:00:00,35.1,32,12.5,754.0,South East Delhi,28.546,77.2739,13,-0.2588190451025208,-0.9659258262890684,33.4,-3.036493,32.06350693702698,29.7
2026-10-01 14:00:00,35.4,30,13.2,653.0,South East Delhi,28.546,77.2739,14,-0.4999999999999997,-0.8660254037844388,33.6,-3.1939528,32.206047201156615,29.3
2026-10-01 15:00:00,35.0,31,12.6,477.0,South East Delhi,28.546,77.2739,15,-0.7071067811865471,-0.7071067811865479,33.2,-3.0777009,31.92229914665222,28.8
2026-10-01 16:00:00,34.1,34,11.5,326.0,South East Delhi,28.546,77.2739,16,-0.8660254037844385,-0.5000000000000004,32.4,-2.8076527,31.292347288131715,28.0
2026-10-01 17:00:00,33.1,38,10.2,157.0,South East Delhi,28.546,77.2739,17,-0.9659258262890684,-0.2588190451025206,31.4,-2.230474,30.86952600479126,27.4
2026-10-01 18:00:00,31.9,43,8.9,15.0,South East Delhi,28.546,77.2739,18,-1.0,-1.8369701987210294e-16,30.4,-1.822846,30.077153944969176,26.1
2026-10-01 19:00:00,30.7,49,7.6,0.0,South East Delhi,28.546,77.2739,19,-0.9659258262890684,0.2588190451025203,29.2,-1.8101445,28.889855456352237,24.6
2026-10-01 20:00:00,29.6,54,6.7,0.0,South East Delhi,28.546,77.2739,20,-0.8660254037844386,0.5000000000000001,28.2,-1.8828951,27.717104887962343,23.3
2026-10-01 21:00:00,28.9,57,6.2,0.0,South East Delhi,28.546,77.2739,21,-0.7071067811865477,0.7071067811865474,27.7,-1.4183353,27.48166468143463,23.3
2026-10-01 22:00:00,28.4,58,6.1,0.0,South East Delhi,28.546,77.2739,22,-0.5000000000000004,0.8660254037844384,27.3,-1.4661347,26.933865332603453,22.6
2026-10-01 23:00:00,27.8,59,6.3,0.0,South East Delhi,28.546,77.2739,23,-0.2588190451025215,0.965925826289068,26.9,-0.82332945,26.97667055130005,22.7
2026-09-27 00:00:00,22.9,84,6.1,0.0,South West Delhi,28.5742,76.9776,0,0.0,1.0,25.0,-0.51935333,22.380646669864653,17.3
2026-09-27 01:00:00,23.2,82,1.8,0.0,South West Delhi,28.5742,76.9776,1,0.2588190451025207,0.9659258262890684,24.4,-1.1984344,22.001565647125243,22.3
2026-09-27 02:00:00,23.3,80,2.0,0.0,South West Delhi,28.5742,76.9776,2,0.4999999999999999,0.8660254037844387,23.9,-0.99798065,22.302019345760343,22.3
2026-09-27 03:00:00,23.3,81,0.5,0.0,South West Delhi,28.5742,76.9776,3,0.7071067811865476,0.7071067811865476,23.6,-1.0149012,22.285098838806157,24.0
2026-09-27 04:00:00,23.3,81,2.1,0.0,South West Delhi,28.5742,76.9776,4,0.8660254037844386,0.5000000000000001,23.4,-1.0649,22.235099959373475,22.1
2026-09-27 05:00:00,23.2,82,4.6,0.0,South West Delhi,28.5742,76.9776,5,0.9659258262890684,0.2588190451025207,24.2,-0.66538143,22.53461856842041,18.9
2026-09-27 06:00:00,23.0,84,5.3,1.0,South West Delhi,28.5742,76.9776,6,1.0,6.123233995736766e-17,23.9,-0.71374816,22.286251842975616,17.9
2026-09-27 07:00:00,23.7,80,4.4,73.0,South West Delhi,28.5742,76.9776,7,0.9659258262890684,-0.2588190451025206,24.3,-0.78555137,22.914448630809783,19.8
2026-09-27 08:00:00,25.1,74,3.6,237.0,South West Delhi,28.5742,76.9776,8,0.8660254037844387,-0.4999999999999998,25.6,-1.2827623,23.81723771095276,22.1
2026-09-27 09:00:00,26.7,68,4.5,434.0,South West Delhi,28.5742,76.9776,9,0.7071067811865476,-0.7071067811865475,27.0,-0.9191952,25.7808048248291,23.9
2026-09-27 10:00:00,28.2,63,5.0,618.0,South West Delhi,28.5742,76.9776,10,0.4999999999999999,-0.8660254037844387,28.5,-1.2194345,26.9805655002594,25.2
2026-09-27 11:00:00,29.4,59,6.0,734.0,South West Delhi,28.5742,76.9776,11,0.258819045102521,-0.9659258262890682,29.0,-2.0235949,27.37640514373779,25.1
2026-09-27 12:00:00,30.1,56,6.4,769.0,South West Delhi,28.5742,76.9776,12,1.2246467991473532e-16,-1.0,29.8,-2.3257275,27.774272537231447,25.4
2026-09-27 13:00:00,30.1,56,7.2,675.0,South West Delhi,28.5742,76.9776,13,-0.2588190451025208,-0.9659258262890684,30.4,-2.1278288,27.97217116355896,25.2
2026-09-27 14:00:00,29.9,58,9.6,630.0,South West Delhi,28.5742,76.9776,14,-0.4999999999999997,-0.8660254037844388,30.5,-1.8961245,28.003875517845152,25.0
2026-09-27 15:00:00,29.3,61,9.7,502.0,South West Delhi,28.5742,76.9776,15,-0.7071067811865471,-0.7071067811865479,30.1,-1.4059519,27.894048142433167,24.8
2026-09-27 16:00:00,28.5,63,9.9,322.0,South West Delhi,28.5742,76.9776,16,-0.8660254037844385,-0.5000000000000004,29.2,-0.9592535,27.54074651002884,23.8
2026-09-27 17:00:00,27.6,67,9.3,154.0,South West Delhi,28.5742,76.9776,17,-0.9659258262890684,-0.2588190451025206,24.9,0.02774258,27.627742579579355,24.1
2026-09-27 18:00:00,26.2,72,6.9,21.0,South West Delhi,28.5742,76.9776,18,-1.0,-1.8369701987210294e-16,24.1,-0.22698516,25.973014843463897,21.8
2026-09-27 19:00:00,25.4,76,6.2,0.0,South West Delhi,28.5742,76.9776,19,-0.9659258262890684,0.2588190451025203,23.9,-0.22033167,25.17966833114624,21.1
2026-09-27 20:00:00,24.8,80,6.7,0.0,South West Delhi,28.5742,76.9776,20,-0.8660254037844386,0.5000000000000001,24.1,-0.038460135,24.7615398645401,20.5
2026-09-27 21:00:00,24.3,83,6.9,0.0,South West Delhi,28.5742,76.9776,21,-0.7071067811865477,0.7071067811865474,23.8,-0.38546884,23.91453115940094,19.1
2026-09-27 22:00:00,23.7,86,6.7,0.0,South West Delhi,28.5742,76.9776,22,-0.5000000000000004,0.8660254037844384,23.7,-0.43558586,23.26441414356232,18.4
2026-09-27 23:00:00,23.1,89,6.0,0.0,South West Delhi,28.5742,76.9776,23,-0.2588190451025215,0.965925826289068,23.5,-0.07417901,23.025820991396905,18.7
2026-09-28 00:00:00,22.6,91,5.0,0.0,South West Delhi,28.5742,76.9776,0,0.0,1.0,22.9,-0.4042825,22.195717489719392,18.5
2026-09-28 01:00:00,22.2,92,3.1,0.0,South West Delhi,28.5742,76.9776,1,0.2588190451025207,0.9659258262890684,23.2,-0.88054794,21.31945205926895,20.0
2026-09-28 02:00:00,21.9,94,3.2,0.0,South West Delhi,28.5742,76.9776,2,0.4999999999999999,0.8660254037844387,23.3,-0.6800945,21.219905519485472,19.8
2026-09-28 03:00:00,21.7,95,1.0,0.0,South West Delhi,28.5742,76.9776,3,0.7071067811865476,0.7071067811865476,23.3,-0.7615042,20.93849582672119,22.9
2026-09-28 04:00:00,21.6,96,0.6,0.0,South West Delhi,28.5742,76.9776,4,0.8660254037844386,0.5000000000000001,23.3,-0.8115031,20.78849688768387,23.2
2026-09-28 05:00:00,21.5,96,0.8,0.0,South West Delhi,28.5742,76.9776,5,0.9659258262890684,0.2588190451025207,23.2,-0.7757068,20.724293172359467,22.9
2026-09-28 06:00:00,21.6,96,1.7,2.0,South West Delhi,28.5742,76.9776,6,1.0,6.123233995736766e-17,23.0,-0.82407355,20.775926446914674,21.9
2026-09-28 07:00:00,22.9,90,2.4,80.0,South West Delhi,28.5742,76.9776,7,0.9659258262890684,-0.2588190451025206,23.7,-0.9978311,21.902168893814085,22.0
2026-09-28 08:00:00,24.6,80,2.6,252.0,South West Delhi,28.5742,76.9776,8,0.8660254037844387,-0.4999999999999998,25.1,-1.0580646,23.54193542003632,23.7
2026-09-28 09:00:00,26.4,73,2.8,438.0,South West Delhi,28.5742,76.9776,9,0.7071067811865476,-0.7071067811865475,26.7,-1.4939591,24.906040930747984,25.1
2026-09-28 10:00:00,28.0,66,2.6,589.0,South West Delhi,28.5742,76.9776,10,0.4999999999999999,-0.8660254037844387,28.2,-1.7497393,26.250260710716248,27.0
2026-09-28 11:00:00,29.1,62,2.4,676.0,South West Delhi,28.5742,76.9776,11,0.258819045102521,-0.9659258262890682,29.4,-2.182333,26.91766700744629,28.0
2026-09-28 12:00:00,29.1,62,5.9,563.0,South West Delhi,28.5742,76.9776,12,1.2246467991473532e-16,-1.0,30.1,-1.9006432,27.199356770515443,24.7
2026-09-28 13:00:00,29.7,59,8.8,604.0,South West Delhi,28.5742,76.9776,13,-0.2588190451025208,-0.9659258262890684,30.1,-1.966755,27.73324496746063,24.7
2026-09-28 14:00:00,29.8,58,7.8,552.0,South West Delhi,28.5742,76.9776,14,-0.4999999999999997,-0.8660254037844388,29.9,-1.5480833,28.251916694641118,25.5
2026-09-28 15:00:00,29.9,58,6.8,481.0,South West Delhi,28.5742,76.9776,15,-0.7071067811865471,-0.7071067811865479,29.3,-1.2106206,28.689379358291625,26.2
2026-09-28 16:00:00,29.7,59,2.8,338.0,South West Delhi,28.5742,76.9776,16,-0.8660254037844385,-0.5000000000000004,28.5,-1.720237,27.979762983322143,27.8
2026-09-28 17:00:00,28.9,72,1.4,150.0,South West Delhi,28.5742,76.9776,17,-0.9659258262890684,-0.2588190451025206,27.6,-0.63538396,28.2646160364151,30.3
2026-09-28 18:00:00,27.7,73,0.3,19.0,South West Delhi,28.5742,76.9776,18,-1.0,-1.8369701987210294e-16,26.2,-0.89299285,26.80700714588165,
2026-09-28 19:00:00,26.9,75,0.3,0.0,South West Delhi,28.5742,76.9776,19,-0.9659258262890684,0.2588190451025203,25.4,-1.1737589,25.726241135597228,
2026-09-28 20:00:00,26.0,79,1.3,0.0,South West Delhi,28.5742,76.9776,20,-0.8660254037844386,0.5000000000000001,24.8,-0.81783706,25.182162940502167,26.7
2026-09-28 21:00:00,25.4,82,0.4,0.0,South West Delhi,28.5742,76.9776,21,-0.7071067811865477,0.7071067811865474,24.3,-0.4175741,24.982425892353056,
2026-09-28 22:00:00,24.8,86,1.0,0.0,South West Delhi,28.5742,76.9776,22,-0.5000000000000004,0.8660254037844384,23.7,-0.5376259,24.262374091148377,26.4
2026-09-28 23:00:00,24.2,89,3.2,0.0,South West Delhi,28.5742,76.9776,23,-0.2588190451025215,0.965925826289068,23.1,-0.45682296,23.743177038431167,23.0
2026-09-29 00:00:00,24.0,90,2.7,0.0,South West Delhi,28.5742,76.9776,0,0.0,1.0,22.6,-0.7544546,23.245545387268063,23.1
2026-09-29 01:00:00,23.5,92,2.5,0.0,South West Delhi,28.5742,76.9776,1,0.2588190451025207,0.9659258262890684,22.2,-0.9450372,22.554962813854218,22.7
2026-09-29 02:00:00,23.1,94,3.0,0.0,South West Delhi,28.5742,76.9776,2,0.4999999999999999,0.8660254037844387,21.9,-0.6800945,22.419905519485475,21.8
2026-09-29 03:00:00,22.8,96,3.5,0.0,South West Delhi,28.5742,76.9776,3,0.7071067811865476,0.7071067811865476,21.7,-0.7306358,22.06936417818069,20.7
2026-09-29 04:00:00,22.7,95,4.6,0.0,South West Delhi,28.5742,76.9776,4,0.8660254037844386,0.5000000000000001,21.6,-0.520228,22.17977197170257,19.2
2026-09-29 05:00:00,22.6,94,5.0,0.0,South West Delhi,28.5742,76.9776,5,0.9659258262890684,0.2588190451025207,21.5,-0.4119844,22.188015586137773,18.7
2026-09-29 06:00:00,22.6,94,4.6,2.0,South West Delhi,28.5742,76.9776,6,1.0,6.123233995736766e-17,21.6,-0.4713842,22.128615802526475,19.1
2026-09-29 07:00:00,24.2,87,5.9,80.0,South West Delhi,28.5742,76.9776,7,0.9659258262890684,-0.2588190451025206,22.9,-0.6547247,23.5452752828598,19.7
2026-09-29 08:00:00,26.4,79,5.4,251.0,South West Delhi,28.5742,76.9776,8,0.8660254037844387,-0.4999999999999998,24.6,-0.84457844,25.555421555042265,23.1
2026-09-29 09:00:00,28.6,70,7.3,439.0,South West Delhi,28.5742,76.9776,9,0.7071067811865476,-0.7071067811865475,26.4,-1.3108293,27.289170718193056,24.7
2026-09-29 10:00:00,30.0,62,8.8,602.0,South West Delhi,28.5742,76.9776,10,0.4999999999999999,-0.8660254037844387,28.0,-1.7701492,28.22985076904297,25.7
2026-09-29 11:00:00,31.0,58,9.7,690.0,South West Delhi,28.5742,76.9776,11,0.258819045102521,-0.9659258262890682,29.1,-1.6962327,29.30376732349396,27.4
2026-09-29 12:00:00,31.7,53,10.8,741.0,South West Delhi,28.5742,76.9776,12,1.2246467991473532e-16,-1.0,29.1,-2.1978273,29.50217266082764,27.2
2026-09-29 13:00:00,32.0,49,11.4,719.0,South West Delhi,28.5742,76.9776,13,-0.2588190451025208,-0.9659258262890684,29.7,-2.0882614,29.911738634109497,27.4
2026-09-29 14:00:00,32.1,49,11.2,630.0,South West Delhi,28.5742,76.9776,14,-0.4999999999999997,-0.8660254037844388,29.8,-1.8353394,30.26466057300568,27.9
2026-09-29 15:00:00,31.9,50,11.5,506.0,South West Delhi,28.5742,76.9776,15,-0.7071067811865471,-0.7071067811865479,29.9,-1.7838302,30.11616983413696,27.4
2026-09-29 16:00:00,31.4,52,10.7,339.0,South West Delhi,28.5742,76.9776,16,-0.8660254037844385,-0.5000000000000004,29.7,-1.7857156,29.614284420013423,26.5
2026-09-29 17:00:00,30.0,59,8.0,148.0,South West Delhi,28.5742,76.9776,17,-0.9659258262890684,-0.2588190451025206,28.9,-1.5227358,28.477264165878296,25.0
2026-09-29 18:00:00,27.8,69,6.4,18.0,South West Delhi,28.5742,76.9776,18,-1.0,-1.8369701987210294e-16,27.7,-0.12783934,27.67216065824032,24.5
2026-09-29 19:00:00,26.9,73,5.9,0.0,South West Delhi,28.5742,76.9776,19,-0.9659258262890684,0.2588190451025203,26.9,-0.52472764,26.375272357463835,23.0
2026-09-29 20:00:00,26.2,76,5.4,0.0,South West Delhi,28.5742,76.9776,20,-0.8660254037844386,0.5000000000000001,26.0,-0.6634081,25.53659189939499,22.2
2026-09-29 21:00:00,25.5,79,5.5,0.0,South West Delhi,28.5742,76.9776,21,-0.7071067811865477,0.7071067811865474,25.4,-0.28800657,25.21199342608452,21.9
2026-09-29 22:00:00,25.0,81,5.4,0.0,South West Delhi,28.5742,76.9776,22,-0.5000000000000004,0.8660254037844384,24.8,-0.19162413,24.808375865221024,21.5
2026-09-29 23:00:00,24.5,83,4.8,0.0,South West Delhi,28.5742,76.9776,23,-0.2588190451025215,0.965925826289068,24.2,-0.39451587,24.105484127998352,21.1
2026-09-30 00:00:00,24.1,84,4.8,0.0,South West Delhi,28.5742,76.9776,0,0.0,1.0,24.0,-0.65767944,23.442320561409,20.2
2026-09-30 01:00:00,23.8,86,4.9,0.0,South West Delhi,28.5742,76.9776,1,0.2588190451025207,0.9659258262890684,23.5,-0.8482621,22.951737928390504,19.4
2026-09-30 02:00:00,23.5,87,4.7,0.0,South West Delhi,28.5742,76.9776,2,0.4999999999999999,0.8660254037844387,23.1,-0.7184719,22.78152811527252,19.5
2026-09-30 03:00:00,23.1,89,5.1,0.0,South West Delhi,28.5742,76.9776,3,0.7071067811865476,0.7071067811865476,22.8,-0.49585283,22.604147171974184,18.9
2026-09-30 04:00:00,22.8,90,5.7,0.0,South West Delhi,28.5742,76.9776,4,0.8660254037844386,0.5000000000000001,22.7,-0.45328817,22.346711832284928,17.9
2026-09-30 05:00:00,22.6,91,5.7,0.0,South West Delhi,28.5742,76.9776,5,0.9659258262890684,0.2588190451025207,22.6,-0.34504455,22.254955446720125,17.9
2026-09-30 06:00:00,22.5,91,5.5,2.0,South West Delhi,28.5742,76.9776,6,1.0,6.123233995736766e-17,22.6,-0.43095452,22.06904548406601,17.8
2026-09-30 07:00:00,24.4,83,6.9,82.0,South West Delhi,28.5742,76.9776,7,0.9659258262890684,-0.2588190451025206,24.2,-0.7232782,23.676721775531767,19.0
2026-09-30 08:00:00,26.7,75,5.1,259.0,South West Delhi,28.5742,76.9776,8,0.8660254037844387,-0.4999999999999998,26.4,-0.8475881,25.852411878108978,23.5
2026-09-30 09:00:00,29.2,66,6.7,452.0,South West Delhi,28.5742,76.9776,9,0.7071067811865476,-0.7071067811865475,28.6,-1.3244299,27.875570130348205,25.5
2026-09-30 10:00:00,31.1,57,10.2,614.0,South West Delhi,28.5742,76.9776,10,0.4999999999999999,-0.8660254037844387,30.0,-1.6559759,29.44402406215668,27.3
2026-09-30 11:00:00,32.3,51,13.7,726.0,South West Delhi,28.5742,76.9776,11,0.258819045102521,-0.9659258262890682,31.0,-2.1391547,30.16084532737732,26.9
2026-09-30 12:00:00,33.2,46,15.5,736.0,South West Delhi,28.5742,76.9776,12,1.2246467991473532e-16,-1.0,31.7,-2.5297894,30.67021055221558,26.1
2026-09-30 13:00:00,33.5,43,16.6,706.0,South West Delhi,28.5742,76.9776,13,-0.2588190451025208,-0.9659258262890684,32.0,-2.6482623,30.85173773765564,25.4
2026-09-30 14:00:00,33.4,42,16.3,622.0,South West Delhi,28.5742,76.9776,14,-0.4999999999999997,-0.8660254037844388,32.1,-2.6089327,30.791067266464232,25.2
2026-09-30 15:00:00,32.8,45,13.9,489.0,South West Delhi,28.5742,76.9776,15,-0.7071067811865471,-0.7071067811865479,31.9,-1.964309,30.83569102287292,27.0
2026-09-30 16:00:00,31.7,51,10.2,330.0,South West Delhi,28.5742,76.9776,16,-0.8660254037844385,-0.5000000000000004,31.4,-1.7421881,29.95781190395355,27.1
2026-09-30 17:00:00,30.5,57,7.4,156.0,South West Delhi,28.5742,76.9776,17,-0.9659258262890684,-0.2588190451025206,30.0,-1.5559287,28.9440712928772,25.7
2026-09-30 18:00:00,29.2,63,6.1,15.0,South West Delhi,28.5742,76.9776,18,-1.0,-1.8369701987210294e-16,27.8,-1.1782347,28.021765303611755,24.7
2026-09-30 19:00:00,27.8,69,5.5,0.0,South West Delhi,28.5742,76.9776,19,-0.9659258262890684,0.2588190451025203,26.9,-0.5913524,27.20864759683609,24.2
2026-09-30 20:00:00,26.6,74,5.1,0.0,South West Delhi,28.5742,76.9776,20,-0.8660254037844386,0.5000000000000001,26.2,-0.9473528,25.65264717340469,22.5
2026-09-30 21:00:00,25.8,77,5.0,0.0,South West Delhi,28.5742,76.9776,21,-0.7071067811865477,0.7071067811865474,25.5,-0.68500817,25.11499183177948,22.0
2026-09-30 22:00:00,25.3,80,5.3,0.0,South West Delhi,28.5742,76.9776,22,-0.5000000000000004,0.8660254037844384,25.0,-0.18554947,25.114450532197957,22.0
2026-09-30 23:00:00,24.9,81,5.2,0.0,South West Delhi,28.5742,76.9776,23,-0.2588190451025215,0.965925826289068,24.5,-0.11061365,24.78938634842634,21.6
2026-10-01 00:00:00,24.4,82,4.8,0.0,South West Delhi,28.5742,76.9776,0,0.0,1.0,24.1,-0.65767944,23.742320561408995,20.5
2026-10-01 01:00:00,24.0,83,5.1,0.0,South West Delhi,28.5742,76.9776,1,0.2588190451025207,0.9659258262890684,23.8,-0.8482621,23.151737928390503,19.3
2026-10-01 02:00:00,23.6,84,5.5,0.0,South West Delhi,28.5742,76.9776,2,0.4999999999999999,0.8660254037844387,23.5,-0.722,22.87799999713898,18.6
2026-10-01 03:00:00,23.1,84,5.7,0.0,South West Delhi,28.5742,76.9776,3,0.7071067811865476,0.7071067811865476,23.1,-0.6823098,22.417690193653108,17.7
2026-10-01 04:00:00,22.7,84,5.9,0.0,South West Delhi,28.5742,76.9776,4,0.8660254037844386,0.5000000000000001,22.8,-0.70668507,21.99331493377685,16.8
2026-10-01 05:00:00,22.7,82,6.0,0.0,South West Delhi,28.5742,76.9776,5,0.9659258262890684,0.2588190451025207,22.6,-0.58372825,22.1162717461586,16.8
2026-10-01 06:00:00,23.5,78,6.0,0.0,South West Delhi,28.5742,76.9776,6,1.0,6.123233995736766e-17,22.5,-0.73723906,22.762760937213898,17.6
2026-10-01 07:00:00,24.7,73,6.1,85.0,South West Delhi,28.5742,76.9776,7,0.9659258262890684,-0.2588190451025206,24.4,-0.94613594,23.753864061832427,18.9
2026-10-01 08:00:00,26.3,66,6.5,259.0,South West Delhi,28.5742,76.9776,8,0.8660254037844387,-0.4999999999999998,26.7,-0.87657213,25.423427867889405,21.3
2026-10-01 09:00:00,28.3,58,7.8,466.0,South West Delhi,28.5742,76.9776,9,0.7071067811865476,-0.7071067811865475,29.2,-1.3848753,26.91512470245361,23.1
2026-10-01 10:00:00,30.7,50,10.2,622.0,South West Delhi,28.5742,76.9776,10,0.4999999999999999,-0.8660254037844387,31.1,-1.5191007,29.180899333953857,26.3
2026-10-01 11:00:00,32.6,44,12.4,727.0,South West Delhi,28.5742,76.9776,11,0.258819045102521,-0.9659258262890682,32.3,-2.0736063,30.526393747329717,27.7
2026-10-01 12:00:00,33.7,40,13.8,793.0,South West Delhi,28.5742,76.9776,12,1.2246467991473532e-16,-1.0,33.2,-2.566051,31.133948993682864,27.8
2026-10-01 13:00:00,34.2,38,14.7,763.0,South West Delhi,28.5742,76.9776,13,-0.2588190451025208,-0.9659258262890684,33.5,-3.14972,31.050280046463016,26.8
2026-10-01 14:00:00,34.2,38,14.5,665.0,South West Delhi,28.5742,76.9776,14,-0.4999999999999997,-0.8660254037844388,33.4,-3.1508894,31.04911060333252,26.8
2026-10-01 15:00:00,33.4,42,12.3,500.0,South West Delhi,28.5742,76.9776,15,-0.7071067811865471,-0.7071067811865479,32.8,-2.344915,31.05508508682251,28.1
2026-10-01 16:00:00,32.0,49,8.9,337.0,South West Delhi,28.5742,76.9776,16,-0.8660254037844385,-0.5000000000000004,31.7,-1.5987204,30.40127956867218,27.8
2026-10-01 17:00:00,30.6,56,6.4,159.0,South West Delhi,28.5742,76.9776,17,-0.9659258262890684,-0.2588190451025206,30.5,-1.6006472,28.99935278892517,25.9
2026-10-01 18:00:00,29.2,61,6.0,15.0,South West Delhi,28.5742,76.9776,18,-1.0,-1.8369701987210294e-16,29.2,-1.2344555,27.965544533729556,24.5
2026-10-01 19:00:00,27.8,64,6.5,0.0,South West Delhi,28.5742,76.9776,19,-0.9659258262890684,0.2588190451025203,27.8,-0.57320297,27.226797032356263,23.3
2026-10-01 20:00:00,26.7,68,6.9,0.0,South West Delhi,28.5742,76.9776,20,-0.8660254037844386,0.5000000000000001,26.6,-0.7248017,25.97519828081131,21.5
2026-10-01 21:00:00,25.9,70,7.1,0.0,South West Delhi,28.5742,76.9776,21,-0.7071067811865477,0.7071067811865474,25.8,-0.6132182,25.28678181171417,20.4
2026-10-01 22:00:00,25.3,72,6.9,0.0,South West Delhi,28.5742,76.9776,22,-0.5000000000000004,0.8660254037844384,25.3,-0.5647748,24.735225188732148,19.8
2026-10-01 23:00:00,24.8,74,6.3,0.0,South West Delhi,28.5742,76.9776,23,-0.2588190451025215,0.965925826289068,24.9,-0.35217693,24.447823065519334,19.8
2026-09-27 00:00:00,22.8,88,6.1,0.0,West Delhi,28.6381,77.0752,0,0.0,1.0,25.7,-0.19291018,22.60708982050419,17.9
2026-09-27 01:00:00,22.9,86,2.6,0.0,West Delhi,28.6381,77.0752,1,0.2588190451025207,0.9659258262890684,25.3,-0.94020456,21.959795439243315,21.3
2026-09-27 02:00:00,23.1,85,1.5,0.0,West Delhi,28.6381,77.0752,2,0.4999999999999999,0.8660254037844387,25.0,-0.73975104,22.360248959064485,23.4
2026-09-27 03:00:00,23.1,84,0.9,0.0,West Delhi,28.6381,77.0752,3,0.7071067811865476,0.7071067811865476,24.7,-0.8023375,22.29766247272492,23.9
2026-09-27 04:00:00,23.3,82,2.7,0.0,West Delhi,28.6381,77.0752,4,0.8660254037844386,0.5000000000000001,24.5,-0.85233647,22.447663533687592,21.5
2026-09-27 05:00:00,23.4,81,4.4,0.0,West Delhi,28.6381,77.0752,5,0.9659258262890684,0.2588190451025207,24.7,-0.61780834,22.782191658020015,19.5
2026-09-27 06:00:00,23.3,81,4.8,1.0,West Delhi,28.6381,77.0752,6,1.0,6.123233995736766e-17,24.1,-0.64070207,22.659297931194303,18.8
2026-09-27 07:00:00,23.7,80,3.0,64.0,West Delhi,28.6381,77.0752,7,0.9659258262890684,-0.2588190451025206,24.6,-0.9448753,22.755124700069427,21.5
2026-09-27 08:00:00,24.8,75,2.8,204.0,West Delhi,28.6381,77.0752,8,0.8660254037844387,-0.4999999999999998,25.9,-0.99675333,23.80324666500092,23.2
2026-09-27 09:00:00,26.4,70,3.4,396.0,West Delhi,28.6381,77.0752,9,0.7071067811865476,-0.7071067811865475,27.3,-1.1281831,25.271816873550414,24.5
2026-09-27 10:00:00,28.0,62,4.1,595.0,West Delhi,28.6381,77.0752,10,0.4999999999999999,-0.8660254037844387,28.9,-1.3580306,26.641969442367557,25.4
2026-09-27 11:00:00,29.1,58,6.1,720.0,West Delhi,28.6381,77.0752,11,0.258819045102521,-0.9659258262890682,29.3,-1.6568698,27.443130230903627,25.1
2026-09-27 12:00:00,29.7,56,7.3,768.0,West Delhi,28.6381,77.0752,12,1.2246467991473532e-16,-1.0,29.7,-2.2355332,27.464466762542724,24.6
2026-09-27 13:00:00,29.5,58,8.4,667.0,West Delhi,28.6381,77.0752,13,-0.2588190451025208,-0.9659258262890684,30.2,-1.5746529,27.925347089767456,25.1
2026-09-27 14:00:00,29.3,59,9.6,621.0,West Delhi,28.6381,77.0752,14,-0.4999999999999997,-0.8660254037844388,30.4,-1.7785556,27.521444368362427,24.2
2026-09-27 15:00:00,29.0,60,8.7,496.0,West Delhi,28.6381,77.0752,15,-0.7071067811865471,-0.7071067811865479,29.7,-0.6590334,28.34096658229828,25.5
2026-09-27 16:00:00,28.6,61,8.3,325.0,West Delhi,28.6381,77.0752,16,-0.8660254037844385,-0.5000000000000004,28.9,0.052740335,28.65274033546448,25.8
2026-09-27 17:00:00,27.7,64,8.9,151.0,West Delhi,28.6381,77.0752,17,-0.9659258262890684,-0.2588190451025206,25.0,0.18962446,27.88962445855141,24.3
2026-09-27 18:00:00,26.6,70,7.7,20.0,West Delhi,28.6381,77.0752,18,-1.0,-1.8369701987210294e-16,24.3,-0.31574458,26.284255421161653,21.9
2026-09-27 19:00:00,25.9,74,7.1,0.0,West Delhi,28.6381,77.0752,19,-0.9659258262890684,0.2588190451025203,24.0,-0.31874487,25.581255131959917,21.2
2026-09-27 20:00:00,25.3,78,8.0,0.0,West Delhi,28.6381,77.0752,20,-0.8660254037844386,0.5000000000000001,24.2,-0.10013313,25.19986687153578,20.5
2026-09-27 21:00:00,24.6,82,9.3,0.0,West Delhi,28.6381,77.0752,21,-0.7071067811865477,0.7071067811865474,23.7,-0.17352284,24.42647715508938,19.0
2026-09-27 22:00:00,24.0,84,8.4,0.0,West Delhi,28.6381,77.0752,22,-0.5000000000000004,0.8660254037844384,23.5,-0.33902138,23.66097861528397,18.1
2026-09-27 23:00:00,23.6,85,8.2,0.0,West Delhi,28.6381,77.0752,23,-0.2588190451025215,0.965925826289068,22.9,-0.1453022,23.454697793722158,17.9
2026-09-28 00:00:00,23.3,86,6.3,0.0,West Delhi,28.6381,77.0752,0,0.0,1.0,22.8,-0.49197316,22.808026838302613,17.9
2026-09-28 01:00:00,23.1,87,4.5,0.0,West Delhi,28.6381,77.0752,1,0.2588190451025207,0.9659258262890684,22.9,-0.7567312,22.343268787860872,19.1
2026-09-28 02:00:00,22.8,89,3.1,0.0,West Delhi,28.6381,77.0752,2,0.4999999999999999,0.8660254037844387,23.1,-0.51956904,22.280430960655213,21.1
2026-09-28 03:00:00,22.6,90,1.7,0.0,West Delhi,28.6381,77.0752,3,0.7071067811865476,0.7071067811865476,23.1,-0.5489407,22.05105928182602,23.1
2026-09-28 04:00:00,22.4,92,1.6,0.0,West Delhi,28.6381,77.0752,4,0.8660254037844386,0.5000000000000001,23.3,-0.5989396,21.80106040239334,23.0
2026-09-28 05:00:00,22.3,93,0.9,0.0,West Delhi,28.6381,77.0752,5,0.9659258262890684,0.2588190451025207,23.4,-0.56314343,21.73685656785965,23.9
2026-09-28 06:00:00,22.3,93,2.7,2.0,West Delhi,28.6381,77.0752,6,1.0,6.123233995736766e-17,23.3,-0.6115101,21.6884899020195,21.2
2026-09-28 07:00:00,23.1,89,1.5,79.0,West Delhi,28.6381,77.0752,7,0.9659258262890684,-0.2588190451025206,23.7,-0.771005,22.32899502515793,23.8
2026-09-28 08:00:00,24.8,79,2.2,246.0,West Delhi,28.6381,77.0752,8,0.8660254037844387,-0.4999999999999998,24.8,-0.7452154,24.05478458404541,24.8
2026-09-28 09:00:00,26.6,70,2.5,430.0,West Delhi,28.6381,77.0752,9,0.7071067811865476,-0.7071067811865475,26.4,-1.4182421,25.18175790309906,25.7
2026-09-28 10:00:00,28.3,62,2.9,580.0,West Delhi,28.6381,77.0752,10,0.4999999999999999,-0.8660254037844387,28.0,-1.560498,26.73950200080872,26.9
2026-09-28 11:00:00,29.3,57,2.4,658.0,West Delhi,28.6381,77.0752,11,0.258819045102521,-0.9659258262890682,29.1,-2.0509298,27.24907021522522,28.0
2026-09-28 12:00:00,29.4,57,3.8,488.0,West Delhi,28.6381,77.0752,12,1.2246467991473532e-16,-1.0,29.7,-1.8503661,27.54963388442993,26.4
2026-09-28 13:00:00,29.7,57,7.1,594.0,West Delhi,28.6381,77.0752,13,-0.2588190451025208,-0.9659258262890684,29.5,-1.7381896,27.961810421943664,25.1
2026-09-28 14:00:00,30.0,57,6.2,532.0,West Delhi,28.6381,77.0752,14,-0.4999999999999997,-0.8660254037844388,29.3,-1.595136,28.404863953590397,26.0
2026-09-28 15:00:00,30.1,58,4.7,464.0,West Delhi,28.6381,77.0752,15,-0.7071067811865471,-0.7071067811865479,29.0,-1.2622721,28.837727880477907,27.3
2026-09-28 16:00:00,30.0,58,3.7,336.0,West Delhi,28.6381,77.0752,16,-0.8660254037844385,-0.5000000000000004,28.6,-1.4001733,28.59982669353485,27.6
2026-09-28 17:00:00,29.5,61,1.5,146.0,West Delhi,28.6381,77.0752,17,-0.9659258262890684,-0.2588190451025206,27.7,-1.3378184,28.162181615829468,29.1
2026-09-28 18:00:00,28.8,66,1.7,18.0,West Delhi,28.6381,77.0752,18,-1.0,-1.8369701987210294e-16,26.6,-1.1245699,27.6754301071167,28.4
2026-09-28 19:00:00,28.0,71,2.2,0.0,West Delhi,28.6381,77.0752,19,-0.9659258262890684,0.2588190451025203,25.9,-1.1605575,26.83944249153137,27.1
2026-09-28 20:00:00,27.3,76,0.8,0.0,West Delhi,28.6381,77.0752,20,-0.8660254037844386,0.5000000000000001,25.3,-1.0484248,26.25157516002655,28.1
2026-09-28 21:00:00,26.6,81,1.2,0.0,West Delhi,28.6381,77.0752,21,-0.7071067811865477,0.7071067811865474,24.6,-0.97432846,25.625671541690828,27.5
2026-09-28 22:00:00,26.2,84,0.7,0.0,West Delhi,28.6381,77.0752,22,-0.5000000000000004,0.8660254037844384,24.0,-0.66932166,25.530678343772887,28.0
2026-09-28 23:00:00,25.8,85,3.5,0.0,West Delhi,28.6381,77.0752,23,-0.2588190451025215,0.965925826289068,23.6,-0.43845886,25.3615411400795,24.6
2026-09-29 00:00:00,25.5,86,4.8,0.0,West Delhi,28.6381,77.0752,0,0.0,1.0,23.3,-0.36003143,25.13996857404709,22.9
2026-09-29 01:00:00,25.1,86,4.6,0.0,West Delhi,28.6381,77.0752,1,0.2588190451025207,0.9659258262890684,23.1,-0.5379952,24.56200478076935,22.2
2026-09-29 02:00:00,24.6,88,4.5,0.0,West Delhi,28.6381,77.0752,2,0.4999999999999999,0.8660254037844387,22.8,-0.46145982,24.138540184497835,21.8
2026-09-29 03:00:00,24.1,91,4.5,0.0,West Delhi,28.6381,77.0752,3,0.7071067811865476,0.7071067811865476,22.6,-0.4482798,23.651720201969148,21.3
2026-09-29 04:00:00,23.8,92,5.2,0.0,West Delhi,28.6381,77.0752,4,0.8660254037844386,0.5000000000000001,22.4,-0.44718188,23.35281811952591,20.2
2026-09-29 05:00:00,23.7,91,6.2,0.0,West Delhi,28.6381,77.0752,5,0.9659258262890684,0.2588190451025207,22.3,-0.2719984,23.428001594543456,19.4
2026-09-29 06:00:00,23.5,91,6.2,2.0,West Delhi,28.6381,77.0752,6,1.0,6.123233995736766e-17,22.3,-0.33139816,23.16860184073448,18.9
2026-09-29 07:00:00,24.5,87,4.5,79.0,West Delhi,28.6381,77.0752,7,0.9659258262890684,-0.2588190451025206,23.1,-0.6333187,23.866681277751923,21.6
2026-09-29 08:00:00,26.5,77,4.7,246.0,West Delhi,28.6381,77.0752,8,0.8660254037844387,-0.4999999999999998,24.8,-1.0746456,25.42535436153412,23.3
2026-09-29 09:00:00,28.7,68,6.3,432.0,West Delhi,28.6381,77.0752,9,0.7071067811865476,-0.7071067811865475,26.6,-1.2304307,27.46956927776337,25.1
2026-09-29 10:00:00,30.2,59,7.8,594.0,West Delhi,28.6381,77.0752,10,0.4999999999999999,-0.8660254037844387,28.3,-1.7058282,28.494171810150146,26.0
2026-09-29 11:00:00,31.2,54,8.4,682.0,West Delhi,28.6381,77.0752,11,0.258819045102521,-0.9659258262890682,29.3,-1.4223049,29.77769513130188,27.9
2026-09-29 12:00:00,32.0,50,9.0,732.0,West Delhi,28.6381,77.0752,12,1.2246467991473532e-16,-1.0,29.4,-1.9599074,30.04009258747101,28.1
2026-09-29 13:00:00,32.5,46,9.9,708.0,West Delhi,28.6381,77.0752,13,-0.2588190451025208,-0.9659258262890684,29.7,-1.9252341,30.57476592063904,28.6
2026-09-29 14:00:00,32.6,45,10.4,622.0,West Delhi,28.6381,77.0752,14,-0.4999999999999997,-0.8660254037844388,30.0,-1.9485424,30.651457643508916,28.4
2026-09-29 15:00:00,32.4,46,10.1,499.0,West Delhi,28.6381,77.0752,15,-0.7071067811865471,-0.7071067811865479,30.1,-1.5601543,30.83984568119049,28.6
2026-09-29 16:00:00,32.0,48,9.7,329.0,West Delhi,28.6381,77.0752,16,-0.8660254037844385,-0.5000000000000004,30.0,-1.5308535,30.46914649009705,27.8
2026-09-29 17:00:00,31.1,52,9.8,144.0,West Delhi,28.6381,77.0752,17,-0.9659258262890684,-0.2588190451025206,29.5,-1.3636284,29.73637161254883,26.5
2026-09-29 18:00:00,29.7,60,8.1,17.0,West Delhi,28.6381,77.0752,18,-1.0,-1.8369701987210294e-16,28.8,-1.391828,28.308172059059142,24.5
2026-09-29 19:00:00,28.9,65,8.1,0.0,West Delhi,28.6381,77.0752,19,-0.9659258262890684,0.2588190451025203,28.0,-0.93613195,27.963868045806883,24.3
2026-09-29 20:00:00,28.3,67,7.4,0.0,West Delhi,28.6381,77.0752,20,-0.8660254037844386,0.5000000000000001,27.3,-0.7868522,27.513147819042207,23.8
2026-09-29 21:00:00,27.5,70,7.4,0.0,West Delhi,28.6381,77.0752,21,-0.7071067811865477,0.7071067811865474,26.6,-0.71712893,26.78287106752396,22.8
2026-09-29 22:00:00,26.8,73,7.5,0.0,West Delhi,28.6381,77.0752,22,-0.5000000000000004,0.8660254037844384,26.2,-0.95019937,25.84980063438416,21.4
2026-09-29 23:00:00,26.3,74,7.6,0.0,West Delhi,28.6381,77.0752,23,-0.2588190451025215,0.965925826289068,25.8,-0.51379704,25.78620295524597,21.4
2026-09-30 00:00:00,25.9,76,7.8,0.0,West Delhi,28.6381,77.0752,0,0.0,1.0,25.5,-0.68978924,25.21021076440811,20.5
2026-09-30 01:00:00,25.4,78,7.9,0.0,West Delhi,28.6381,77.0752,1,0.2588190451025207,0.9659258262890684,25.1,-0.44569334,24.95430665612221,20.1
2026-09-30 02:00:00,25.1,79,7.9,0.0,West Delhi,28.6381,77.0752,2,0.4999999999999999,0.8660254037844387,24.6,-0.50182176,24.598178243637086,19.6
2026-09-30 03:00:00,24.9,79,7.8,0.0,West Delhi,28.6381,77.0752,3,0.7071067811865476,0.7071067811865476,24.1,-0.5512723,24.34872772693634,19.2
2026-09-30 04:00:00,24.4,81,8.1,0.0,West Delhi,28.6381,77.0752,4,0.8660254037844386,0.5000000000000001,23.8,-0.56624717,23.833752834796904,18.3
2026-09-30 05:00:00,23.9,84,8.1,0.0,West Delhi,28.6381,77.0752,5,0.9659258262890684,0.2588190451025207,23.7,-0.47271678,23.42728322148323,17.8
2026-09-30 06:00:00,23.6,85,7.6,2.0,West Delhi,28.6381,77.0752,6,1.0,6.123233995736766e-17,23.5,-0.51527363,23.084726369380952,17.5
2026-09-30 07:00:00,24.6,81,5.9,81.0,West Delhi,28.6381,77.0752,7,0.9659258262890684,-0.2588190451025206,24.5,-0.61762667,23.982373332977296,20.0
2026-09-30 08:00:00,26.8,71,4.3,258.0,West Delhi,28.6381,77.0752,8,0.8660254037844387,-0.4999999999999998,26.5,-0.8622106,25.9377894282341,24.1
2026-09-30 09:00:00,29.3,61,5.7,449.0,West Delhi,28.6381,77.0752,9,0.7071067811865476,-0.7071067811865475,28.7,-1.5268493,27.773150730133057,25.3
2026-09-30 10:00:00,31.2,54,8.7,612.0,West Delhi,28.6381,77.0752,10,0.4999999999999999,-0.8660254037844387,30.2,-1.4425753,29.75742466449737,27.7
2026-09-30 11:00:00,32.6,47,11.2,722.0,West Delhi,28.6381,77.0752,11,0.258819045102521,-0.9659258262890682,31.2,-1.9980209,30.601979112625123,28.6
2026-09-30 12:00:00,33.6,43,13.0,734.0,West Delhi,28.6381,77.0752,12,1.2246467991473532e-16,-1.0,32.0,-2.4980013,31.10199866294861,28.4
2026-09-30 13:00:00,34.0,40,14.4,704.0,West Delhi,28.6381,77.0752,13,-0.2588190451025208,-0.9659258262890684,32.5,-2.932707,31.06729292869568,27.1
2026-09-30 14:00:00,34.1,39,15.0,620.0,West Delhi,28.6381,77.0752,14,-0.4999999999999997,-0.8660254037844388,32.6,-3.0985007,31.001499271392824,26.3
2026-09-30 15:00:00,33.7,40,14.2,485.0,West Delhi,28.6381,77.0752,15,-0.7071067811865471,-0.7071067811865479,32.4,-2.2726698,31.42733020782471,27.5
2026-09-30 16:00:00,32.9,44,12.5,328.0,West Delhi,28.6381,77.0752,16,-0.8660254037844385,-0.5000000000000004,32.0,-1.9330188,30.966981196403506,27.7
2026-09-30 17:00:00,32.0,48,10.8,156.0,West Delhi,28.6381,77.0752,17,-0.9659258262890684,-0.2588190451025206,31.1,-1.5619208,30.438079237937927,27.3
2026-09-30 18:00:00,31.1,53,9.3,15.0,West Delhi,28.6381,77.0752,18,-1.0,-1.8369701987210294e-16,29.7,-1.5371035,29.56289646625519,26.0
2026-09-30 19:00:00,30.0,59,8.0,0.0,West Delhi,28.6381,77.0752,19,-0.9659258262890684,0.2588190451025203,28.9,-1.691968,28.30803203582764,24.4
2026-09-30 20:00:00,29.0,64,7.0,0.0,West Delhi,28.6381,77.0752,20,-0.8660254037844386,0.5000000000000001,28.3,-1.3115448,27.68845522403717,23.9
2026-09-30 21:00:00,28.2,68,7.0,0.0,West Delhi,28.6381,77.0752,21,-0.7071067811865477,0.7071067811865474,27.5,-0.89087677,27.309123229980468,23.6
2026-09-30 22:00:00,27.6,70,7.4,0.0,West Delhi,28.6381,77.0752,22,-0.5000000000000004,0.8660254037844384,26.8,-0.7827829,26.817217087745668,22.9
2026-09-30 23:00:00,27.0,72,7.8,0.0,West Delhi,28.6381,77.0752,23,-0.2588190451025215,0.965925826289068,26.3,-0.6072679,26.39273208379745,22.2
2026-10-01 00:00:00,26.5,73,7.5,0.0,West Delhi,28.6381,77.0752,0,0.0,1.0,25.9,-1.085756,25.414244055747982,20.7
2026-10-01 01:00:00,26.0,74,7.1,0.0,West Delhi,28.6381,77.0752,1,0.2588190451025207,0.9659258262890684,25.4,-1.1008818,24.89911818504333,20.1
2026-10-01 02:00:00,25.6,75,7.0,0.0,West Delhi,28.6381,77.0752,2,0.4999999999999999,0.8660254037844387,25.1,-0.8534769,24.746523118019105,19.9
2026-10-01 03:00:00,25.0,76,7.4,0.0,West Delhi,28.6381,77.0752,3,0.7071067811865476,0.7071067811865476,24.9,-0.8843118,24.11568820476532,18.8
2026-10-01 04:00:00,24.5,77,8.0,0.0,West Delhi,28.6381,77.0752,4,0.8660254037844386,0.5000000000000001,24.4,-0.98732424,23.512675762176517,17.5
2026-10-01 05:00:00,24.3,76,8.2,0.0,West Delhi,28.6381,77.0752,5,0.9659258262890684,0.2588190451025207,23.9,-0.8790808,23.4209192276001,17.2
2026-10-01 06:00:00,24.7,73,7.6,0.0,West Delhi,28.6381,77.0752,6,1.0,6.123233995736766e-17,23.6,-0.71983755,23.980162453651428,18.2
2026-10-01 07:00:00,25.6,69,6.6,84.0,West Delhi,28.6381,77.0752,7,0.9659258262890684,-0.2588190451025206,24.6,-1.1960227,24.403977251052854,19.4
2026-10-01 08:00:00,26.8,62,6.2,254.0,West Delhi,28.6381,77.0752,8,0.8660254037844387,-0.4999999999999998,26.8,-0.8720639,25.92793612480164,21.9
2026-10-01 09:00:00,28.8,54,6.9,462.0,West Delhi,28.6381,77.0752,9,0.7071067811865476,-0.7071067811865475,29.3,-1.102762,27.69723801612854,24.3
2026-10-01 10:00:00,31.3,45,8.9,617.0,West Delhi,28.6381,77.0752,10,0.4999999999999999,-0.8660254037844387,31.2,-1.5888872,29.71111278533936,26.9
2026-10-01 11:00:00,33.2,38,10.7,722.0,West Delhi,28.6381,77.0752,11,0.258819045102521,-0.9659258262890682,32.6,-2.1663861,31.03361387252808,28.8
2026-10-01 12:00:00,34.4,35,12.0,786.0,West Delhi,28.6381,77.0752,12,1.2246467991473532e-16,-1.0,33.6,-2.5537293,31.846270704269408,29.8
2026-10-01 13:00:00,35.0,33,12.8,756.0,West Delhi,28.6381,77.0752,13,-0.2588190451025208,-0.9659258262890684,34.0,-3.0802948,31.9197051525116,29.3
2026-10-01 14:00:00,35.2,32,13.1,660.0,West Delhi,28.6381,77.0752,14,-0.4999999999999997,-0.8660254037844388,34.1,-3.1067133,32.09328670501709,29.2
2026-10-01 15:00:00,34.7,34,12.5,496.0,West Delhi,28.6381,77.0752,15,-0.7071067811865471,-0.7071067811865479,33.7,-2.8591433,31.84085674285889,28.9
2026-10-01 16:00:00,33.8,38,11.2,335.0,West Delhi,28.6381,77.0752,16,-0.8660254037844385,-0.5000000000000004,32.9,-2.3042197,31.495780277252194,28.7
2026-10-01 17:00:00,32.8,42,10.1,159.0,West Delhi,28.6381,77.0752,17,-0.9659258262890684,-0.2588190451025206,32.0,-1.9070779,30.892922091484067,27.7
2026-10-01 18:00:00,31.6,47,9.5,15.0,West Delhi,28.6381,77.0752,18,-1.0,-1.8369701987210294e-16,31.1,-1.5347314,30.06526861190796,26.4
2026-10-01 19:00:00,30.4,52,9.3,0.0,West Delhi,28.6381,77.0752,19,-0.9659258262890684,0.2588190451025203,30.0,-1.769439,28.63056101799011,24.3
2026-10-01 20:00:00,29.3,56,9.0,0.0,West Delhi,28.6381,77.0752,20,-0.8660254037844386,0.5000000000000001,29.0,-1.7646497,27.535350251197816,22.7
2026-10-01 21:00:00,28.7,58,9.1,0.0,West Delhi,28.6381,77.0752,21,-0.7071067811865477,0.7071067811865474,28.2,-1.3405358,27.35946424007416,22.6
2026-10-01 22:00:00,28.2,59,9.7,0.0,West Delhi,28.6381,77.0752,22,-0.5000000000000004,0.8660254037844384,27.6,-1.1263205,27.073679518699645,22.0
2026-10-01 23:00:00,27.6,60,9.5,0.0,West Delhi,28.6381,77.0752,23,-0.2588190451025215,0.965925826289068,27.0,-0.5516897,27.04831031560898,22.1
